r,phi,Phi,exact,Exact,s
0.02,0.00999934,0.499967,0.00999934,0.499967,0.5
0.04,0.0199948,0.499869,0.0199948,0.499869,0.5
0.06,0.0299825,0.499709,0.0299825,0.499709,0.5
0.08,0.039959,0.499488,0.039959,0.499487,0.5
0.1,0.0499207,0.499207,0.0499207,0.499207,0.5
0.12,0.0598643,0.498869,0.0598643,0.498869,0.5
0.14,0.0697867,0.498476,0.0697867,0.498476,0.5
0.16,0.0796847,0.498029,0.0796847,0.498029,0.5
0.18,0.0895555,0.49753,0.0895555,0.49753,0.5
0.2,0.0993962,0.496981,0.0993962,0.496981,0.5
0.22,0.109204,0.496382,0.109204,0.496382,0.5
0.24,0.118977,0.495737,0.118977,0.495737,0.5
0.26,0.128712,0.495045,0.128712,0.495045,0.5
0.28,0.138407,0.494309,0.138407,0.494309,0.5
0.3,0.148059,0.49353,0.148059,0.49353,0.5
0.32,0.157667,0.49271,0.157667,0.49271,0.5
0.34,0.167229,0.491849,0.167229,0.491849,0.5
0.36,0.176742,0.49095,0.176742,0.49095,0.5
0.38,0.186205,0.490013,0.186205,0.490013,0.5
0.4,0.195616,0.48904,0.195616,0.48904,0.5
0.42,0.204973,0.488032,0.204973,0.488032,0.5
0.44,0.214276,0.48699,0.214276,0.48699,0.5
0.46,0.223521,0.485915,0.223521,0.485915,0.5
0.48,0.232709,0.48481,0.232709,0.48481,0.5
0.5,0.241837,0.483673,0.241837,0.483673,0.5
0.52,0.250904,0.482508,0.250904,0.482508,0.5
0.54,0.25991,0.481314,0.25991,0.481314,0.5
0.56,0.268852,0.480094,0.268852,0.480094,0.5
0.58,0.277731,0.478847,0.277731,0.478847,0.5
0.6,0.286545,0.477575,0.286545,0.477575,0.5
0.62,0.295293,0.476279,0.295293,0.476279,0.5
0.64,0.303974,0.474959,0.303974,0.474959,0.5
0.66,0.312588,0.473618,0.312588,0.473618,0.5
0.68,0.321133,0.472255,0.321133,0.472255,0.5
0.7,0.32961,0.470871,0.32961,0.470871,0.5
0.72,0.338017,0.469468,0.338017,0.469468,0.5
0.74,0.346354,0.468046,0.346354,0.468046,0.5
0.76,0.35462,0.466606,0.35462,0.466606,0.5
0.78,0.362816,0.465148,0.362816,0.465148,0.5
0.8,0.370939,0.463674,0.370939,0.463674,0.5
0.82,0.378991,0.462185,0.378991,0.462185,0.5
0.84,0.386971,0.46068,0.386971,0.46068,0.5
0.86,0.394878,0.459161,0.394878,0.459161,0.5
0.88,0.402713,0.457628,0.402713,0.457628,0.5
0.9,0.410474,0.456082,0.410474,0.456082,0.5
0.92,0.418162,0.454524,0.418162,0.454524,0.5
0.94,0.425777,0.452954,0.425777,0.452954,0.5
0.96,0.433319,0.451373,0.433319,0.451373,0.5
0.98,0.440786,0.449782,0.440786,0.449782,0.5
1,0.448181,0.448181,0.448181,0.448181,0.5
1.02,0.455502,0.44657,0.455502,0.44657,0.5
1.04,0.462749,0.444951,0.462749,0.444951,0.5
1.06,0.469923,0.443323,0.469923,0.443323,0.5
1.08,0.477023,0.441688,0.477023,0.441688,0.5
1.1,0.48405,0.440045,0.48405,0.440045,0.5
1.12,0.491004,0.438396,0.491004,0.438396,0.5
1.14,0.497884,0.43674,0.497884,0.43674,0.5
1.16,0.504692,0.435079,0.504692,0.435079,0.5
1.18,0.511427,0.433413,0.511427,0.433413,0.5
1.2,0.518089,0.431741,0.518089,0.431741,0.5
1.22,0.524679,0.430065,0.524679,0.430065,0.5
1.24,0.531198,0.428385,0.531198,0.428385,0.5
1.26,0.537644,0.426702,0.537644,0.426702,0.5
1.28,0.544019,0.425015,0.544019,0.425015,0.5
1.3,0.550323,0.423325,0.550323,0.423325,0.5
1.32,0.556555,0.421633,0.556555,0.421633,0.5
1.34,0.562718,0.419939,0.562718,0.419939,0.5
1.36,0.56881,0.418243,0.56881,0.418243,0.5
1.38,0.574832,0.416545,0.574832,0.416545,0.5
1.4,0.580785,0.414847,0.580785,0.414847,0.5
1.42,0.586669,0.413147,0.586669,0.413147,0.5
1.44,0.592484,0.411447,0.592484,0.411447,0.5
1.46,0.598231,0.409747,0.598231,0.409747,0.5
1.48,0.60391,0.408048,0.60391,0.408048,0.5
1.5,0.609522,0.406348,0.609522,0.406348,0.5
1.52,0.615067,0.404649,0.615067,0.404649,0.5
1.54,0.620545,0.402952,0.620545,0.402952,0.5
1.56,0.625958,0.401255,0.625958,0.401255,0.5
1.58,0.631305,0.39956,0.631305,0.39956,0.5
1.6,0.636586,0.397866,0.636586,0.397866,0.5
1.62,0.641803,0.396175,0.641803,0.396175,0.5
1.64,0.646956,0.394486,0.646956,0.394486,0.5
1.66,0.652046,0.392799,0.652046,0.392799,0.5
1.68,0.657072,0.391114,0.657072,0.391114,0.5
1.7,0.662035,0.389433,0.662035,0.389433,0.5
1.72,0.666937,0.387754,0.666937,0.387754,0.5
1.74,0.671777,0.386079,0.671777,0.386079,0.5
1.76,0.676556,0.384407,0.676556,0.384407,0.5
1.78,0.681274,0.382738,0.681274,0.382738,0.5
1.8,0.685932,0.381073,0.685932,0.381073,0.5
1.82,0.690531,0.379413,0.690531,0.379413,0.5
1.84,0.695071,0.377756,0.695071,0.377756,0.5
1.86,0.699552,0.376103,0.699552,0.376103,0.5
1.88,0.703975,0.374455,0.703975,0.374455,0.5
1.9,0.708341,0.372811,0.708341,0.372811,0.5
1.92,0.71265,0.371172,0.71265,0.371172,0.5
1.94,0.716903,0.369538,0.716903,0.369538,0.5
1.96,0.7211,0.367908,0.7211,0.367908,0.5
1.98,0.725242,0.366284,0.725242,0.366284,0.5
2,0.729329,0.364665,0.729329,0.364665,0.5
2.02,0.733363,0.363051,0.733363,0.363051,0.5
2.04,0.737342,0.361442,0.737342,0.361442,0.5
2.06,0.741268,0.359839,0.741268,0.359839,0.5
2.08,0.745142,0.358242,0.745142,0.358242,0.5
2.1,0.748964,0.35665,0.748964,0.35665,0.5
2.12,0.752735,0.355064,0.752735,0.355064,0.5
2.14,0.756454,0.353483,0.756454,0.353483,0.5
2.16,0.760124,0.351909,0.760124,0.351909,0.5
2.18,0.763743,0.350341,0.763743,0.350341,0.5
2.2,0.767313,0.348779,0.767313,0.348779,0.5
2.22,0.770835,0.347223,0.770835,0.347223,0.5
2.24,0.774308,0.345673,0.774308,0.345673,0.5
2.26,0.777733,0.34413,0.777733,0.34413,0.5
2.28,0.781112,0.342593,0.781112,0.342593,0.5
2.3,0.784443,0.341062,0.784443,0.341062,0.5
2.32,0.787729,0.339538,0.787729,0.339538,0.5
2.34,0.790969,0.338021,0.790969,0.338021,0.5
2.36,0.794164,0.33651,0.794164,0.33651,0.5
2.38,0.797314,0.335006,0.797314,0.335006,0.5
2.4,0.800421,0.333509,0.800421,0.333509,0.5
2.42,0.803483,0.332018,0.803483,0.332018,0.5
2.44,0.806503,0.330534,0.806503,0.330534,0.5
2.46,0.80948,0.329057,0.80948,0.329057,0.5
2.48,0.812415,0.327587,0.812415,0.327587,0.5
2.5,0.815309,0.326124,0.815309,0.326124,0.5
2.52,0.818161,0.324667,0.818161,0.324667,0.5
2.54,0.820973,0.323218,0.820973,0.323218,0.5
2.56,0.823745,0.321775,0.823745,0.321775,0.5
2.58,0.826478,0.32034,0.826478,0.32034,0.5
2.6,0.829171,0.318912,0.829171,0.318912,0.5
2.62,0.831825,0.317491,0.831825,0.317491,0.5
2.64,0.834442,0.316076,0.834442,0.316076,0.5
2.66,0.837021,0.314669,0.837021,0.314669,0.5
2.68,0.839562,0.313269,0.839562,0.313269,0.5
2.7,0.842067,0.311877,0.842067,0.311877,0.5
2.72,0.844536,0.310491,0.844536,0.310491,0.5
2.74,0.846968,0.309113,0.846968,0.309113,0.5
2.76,0.849366,0.307741,0.849366,0.307741,0.5
2.78,0.851728,0.306377,0.851728,0.306377,0.5
2.8,0.854056,0.30502,0.854056,0.30502,0.5
2.82,0.85635,0.30367,0.85635,0.30367,0.5
2.84,0.85861,0.302327,0.85861,0.302327,0.5
2.86,0.860837,0.300992,0.860837,0.300992,0.5
2.88,0.863031,0.299664,0.863031,0.299664,0.5
2.9,0.865193,0.298342,0.865193,0.298342,0.5
2.92,0.867323,0.297028,0.867323,0.297028,0.5
2.94,0.869422,0.295722,0.869422,0.295722,0.5
2.96,0.871489,0.294422,0.871489,0.294422,0.5
2.98,0.873526,0.293129,0.873526,0.293129,0.5
3,0.875532,0.291844,0.875532,0.291844,0.5
3.02,0.877509,0.290566,0.877509,0.290566,0.5
3.04,0.879456,0.289295,0.879456,0.289295,0.5
3.06,0.881374,0.288031,0.881374,0.288031,0.5
3.08,0.883264,0.286774,0.883263,0.286774,0.5
3.1,0.885125,0.285524,0.885125,0.285524,0.5
3.12,0.886958,0.284281,0.886958,0.284281,0.5
3.14,0.888763,0.283046,0.888763,0.283046,0.5
3.16,0.890542,0.281817,0.890542,0.281817,0.5
3.18,0.892293,0.280595,0.892293,0.280595,0.5
3.2,0.894018,0.279381,0.894018,0.279381,0.5
3.22,0.895717,0.278173,0.895717,0.278173,0.5
3.24,0.897391,0.276972,0.897391,0.276972,0.5
3.26,0.899039,0.275779,0.899039,0.275779,0.5
3.28,0.900661,0.274592,0.900661,0.274592,0.5
3.3,0.90226,0.273412,0.90226,0.273412,0.5
3.32,0.903833,0.272239,0.903833,0.272239,0.5
3.34,0.905383,0.271073,0.905383,0.271073,0.5
3.36,0.90691,0.269914,0.90691,0.269914,0.5
3.38,0.908412,0.268761,0.908412,0.268761,0.5
3.4,0.909892,0.267615,0.909892,0.267615,0.5
3.42,0.911349,0.266476,0.911349,0.266476,0.5
3.44,0.912784,0.265344,0.912784,0.265344,0.5
3.46,0.914197,0.264219,0.914197,0.264219,0.5
3.48,0.915588,0.2631,0.915588,0.2631,0.5
3.5,0.916957,0.261988,0.916957,0.261988,0.5
3.52,0.918306,0.260882,0.918306,0.260882,0.5
3.54,0.919633,0.259783,0.919633,0.259783,0.5
3.56,0.92094,0.258691,0.92094,0.258691,0.5
3.58,0.922227,0.257605,0.922227,0.257605,0.5
3.6,0.923494,0.256526,0.923494,0.256526,0.5
3.62,0.924741,0.255453,0.924741,0.255453,0.5
3.64,0.925968,0.254387,0.925968,0.254387,0.5
3.66,0.927177,0.253327,0.927177,0.253327,0.5
3.68,0.928367,0.252274,0.928367,0.252274,0.5
3.7,0.929538,0.251226,0.929538,0.251226,0.5
3.72,0.930691,0.250186,0.930691,0.250186,0.5
3.74,0.931826,0.249151,0.931826,0.249151,0.5
3.76,0.932943,0.248123,0.932943,0.248123,0.5
3.78,0.934042,0.247101,0.934042,0.247101,0.5
3.8,0.935125,0.246085,0.935125,0.246085,0.5
3.82,0.93619,0.245076,0.93619,0.245076,0.5
3.84,0.937239,0.244073,0.937239,0.244073,0.5
3.86,0.938271,0.243075,0.938271,0.243075,0.5
3.88,0.939287,0.242084,0.939287,0.242084,0.5
3.9,0.940286,0.241099,0.940286,0.241099,0.5
3.92,0.94127,0.24012,0.94127,0.24012,0.5
3.94,0.942239,0.239147,0.942239,0.239147,0.5
3.96,0.943192,0.23818,0.943192,0.23818,0.5
3.98,0.94413,0.237219,0.94413,0.237219,0.5
4,0.945053,0.236263,0.945053,0.236263,0.5
4.02,0.945962,0.235314,0.945962,0.235314,0.5
4.04,0.946856,0.23437,0.946856,0.23437,0.5
4.06,0.947735,0.233432,0.947735,0.233432,0.5
4.08,0.948601,0.2325,0.948601,0.2325,0.5
4.1,0.949453,0.231574,0.949453,0.231574,0.5
4.12,0.950292,0.230653,0.950292,0.230653,0.5
4.14,0.951117,0.229738,0.951117,0.229738,0.5
4.16,0.951929,0.228829,0.951929,0.228829,0.5
4.18,0.952728,0.227925,0.952728,0.227925,0.5
4.2,0.953514,0.227027,0.953514,0.227027,0.5
4.22,0.954287,0.226134,0.954287,0.226134,0.5
4.24,0.955048,0.225247,0.955048,0.225247,0.5
4.26,0.955797,0.224366,0.955797,0.224366,0.5
4.28,0.956534,0.223489,0.956534,0.223489,0.5
4.3,0.957259,0.222618,0.957259,0.222618,0.5
4.32,0.957972,0.221753,0.957972,0.221753,0.5
4.34,0.958674,0.220893,0.958674,0.220893,0.5
4.36,0.959365,0.220038,0.959365,0.220038,0.5
4.38,0.960044,0.219188,0.960044,0.219188,0.5
4.4,0.960713,0.218344,0.960713,0.218344,0.5
4.42,0.96137,0.217505,0.96137,0.217505,0.5
4.44,0.962017,0.216671,0.962017,0.216671,0.5
4.46,0.962654,0.215842,0.962654,0.215842,0.5
4.48,0.96328,0.215018,0.96328,0.215018,0.5
4.5,0.963896,0.214199,0.963896,0.214199,0.5
4.52,0.964502,0.213385,0.964502,0.213385,0.5
4.54,0.965098,0.212577,0.965098,0.212577,0.5
4.56,0.965684,0.211773,0.965684,0.211773,0.5
4.58,0.966261,0.210974,0.966261,0.210974,0.5
4.6,0.966829,0.21018,0.966829,0.21018,0.5
4.62,0.967387,0.209391,0.967387,0.209391,0.5
4.64,0.967936,0.208607,0.967936,0.208607,0.5
4.66,0.968477,0.207828,0.968477,0.207828,0.5
4.68,0.969008,0.207053,0.969008,0.207053,0.5
4.7,0.969531,0.206283,0.969531,0.206283,0.5
4.72,0.970045,0.205518,0.970045,0.205518,0.5
4.74,0.970551,0.204758,0.970551,0.204758,0.5
4.76,0.971048,0.204002,0.971048,0.204002,0.5
4.78,0.971538,0.203251,0.971538,0.203251,0.5
4.8,0.972019,0.202504,0.972019,0.202504,0.5
4.82,0.972492,0.201762,0.972492,0.201762,0.5
4.84,0.972958,0.201024,0.972958,0.201024,0.5
4.86,0.973416,0.200291,0.973416,0.200291,0.5
4.88,0.973866,0.199563,0.973866,0.199563,0.5
4.9,0.974309,0.198839,0.974309,0.198839,0.5
4.92,0.974745,0.198119,0.974745,0.198119,0.5
4.94,0.975174,0.197404,0.975174,0.197404,0.5
4.96,0.975595,0.196693,0.975595,0.196693,0.5
4.98,0.97601,0.195986,0.97601,0.195986,0.5
5,0.976417,0.195283,0.976417,0.195283,0.5
5.02,0.976818,0.194585,0.976818,0.194585,0.5
5.04,0.977212,0.193891,0.977212,0.193891,0.5
5.06,0.9776,0.193202,0.9776,0.193202,0.5
5.08,0.977982,0.192516,0.977982,0.192516,0.5
5.1,0.978357,0.191835,0.978357,0.191835,0.5
5.12,0.978725,0.191157,0.978725,0.191157,0.5
5.14,0.979088,0.190484,0.979088,0.190484,0.5
5.16,0.979445,0.189815,0.979445,0.189815,0.5
5.18,0.979795,0.18915,0.979795,0.18915,0.5
5.2,0.98014,0.188489,0.98014,0.188489,0.5
5.22,0.98048,0.187831,0.98048,0.187831,0.5
5.24,0.980813,0.187178,0.980813,0.187178,0.5
5.26,0.981141,0.186529,0.981141,0.186529,0.5
5.28,0.981464,0.185883,0.981464,0.185883,0.5
5.3,0.981781,0.185242,0.981781,0.185242,0.5
5.32,0.982093,0.184604,0.982093,0.184604,0.5
5.34,0.982399,0.18397,0.982399,0.18397,0.5
5.36,0.982701,0.18334,0.982701,0.18334,0.5
5.38,0.982997,0.182713,0.982997,0.182713,0.5
5.4,0.983289,0.18209,0.983289,0.18209,0.5
5.42,0.983575,0.181471,0.983575,0.181471,0.5
5.44,0.983857,0.180856,0.983857,0.180856,0.5
5.46,0.984134,0.180244,0.984134,0.180244,0.5
5.48,0.984407,0.179636,0.984407,0.179636,0.5
5.5,0.984675,0.179032,0.984675,0.179032,0.5
5.52,0.984938,0.178431,0.984938,0.178431,0.5
5.54,0.985197,0.177833,0.985197,0.177833,0.5
5.56,0.985452,0.17724,0.985452,0.17724,0.5
5.58,0.985702,0.176649,0.985702,0.176649,0.5
5.6,0.985948,0.176062,0.985948,0.176062,0.5
5.62,0.98619,0.175479,0.98619,0.175479,0.5
5.64,0.986428,0.174899,0.986428,0.174899,0.5
5.66,0.986662,0.174322,0.986662,0.174322,0.5
5.68,0.986892,0.173749,0.986892,0.173749,0.5
5.7,0.987118,0.173179,0.987118,0.173179,0.5
5.72,0.98734,0.172612,0.98734,0.172612,0.5
5.74,0.987559,0.172049,0.987559,0.172049,0.5
5.76,0.987774,0.171488,0.987774,0.171488,0.5
5.78,0.987985,0.170932,0.987985,0.170932,0.5
5.8,0.988193,0.170378,0.988193,0.170378,0.5
5.82,0.988397,0.169828,0.988397,0.169828,0.5
5.84,0.988597,0.16928,0.988597,0.16928,0.5
5.86,0.988795,0.168736,0.988795,0.168736,0.5
5.88,0.988989,0.168195,0.988989,0.168195,0.5
5.9,0.989179,0.167657,0.989179,0.167657,0.5
5.92,0.989367,0.167123,0.989367,0.167123,0.5
5.94,0.989551,0.166591,0.989551,0.166591,0.5
5.96,0.989732,0.166062,0.989732,0.166062,0.5
5.98,0.98991,0.165537,0.98991,0.165537,0.5
6,0.990085,0.165014,0.990085,0.165014,0.5
6.02,0.990257,0.164495,0.990257,0.164495,0.5
6.04,0.990426,0.163978,0.990426,0.163978,0.5
6.06,0.990592,0.163464,0.990592,0.163464,0.5
6.08,0.990756,0.162953,0.990756,0.162953,0.5
6.1,0.990916,0.162445,0.990916,0.162445,0.5
6.12,0.991074,0.16194,0.991074,0.16194,0.5
6.14,0.991229,0.161438,0.991229,0.161438,0.5
6.16,0.991382,0.160939,0.991382,0.160939,0.5
6.18,0.991532,0.160442,0.991532,0.160442,0.5
6.2,0.991679,0.159948,0.991679,0.159948,0.5
6.22,0.991824,0.159457,0.991824,0.159457,0.5
6.24,0.991967,0.158969,0.991967,0.158969,0.5
6.26,0.992107,0.158483,0.992107,0.158483,0.5
6.28,0.992244,0.158001,0.992244,0.158001,0.5
6.3,0.992379,0.157521,0.992379,0.157521,0.5
6.32,0.992512,0.157043,0.992512,0.157043,0.5
6.34,0.992643,0.156568,0.992643,0.156568,0.5
6.36,0.992771,0.156096,0.992771,0.156096,0.5
6.38,0.992897,0.155627,0.992897,0.155627,0.5
6.4,0.993021,0.15516,0.993021,0.15516,0.5
6.42,0.993143,0.154695,0.993143,0.154695,0.5
6.44,0.993263,0.154233,0.993263,0.154233,0.5
6.46,0.993381,0.153774,0.993381,0.153774,0.5
6.48,0.993497,0.153317,0.993497,0.153317,0.5
6.5,0.99361,0.152863,0.99361,0.152863,0.5
6.52,0.993722,0.152411,0.993722,0.152411,0.5
6.54,0.993832,0.151962,0.993832,0.151962,0.5
6.56,0.99394,0.151515,0.99394,0.151515,0.5
6.58,0.994046,0.151071,0.994046,0.151071,0.5
6.6,0.99415,0.150629,0.99415,0.150629,0.5
6.62,0.994253,0.150189,0.994253,0.150189,0.5
6.64,0.994354,0.149752,0.994354,0.149752,0.5
6.66,0.994453,0.149317,0.994453,0.149317,0.5
6.68,0.99455,0.148885,0.99455,0.148885,0.5
6.7,0.994646,0.148455,0.994646,0.148455,0.5
6.72,0.99474,0.148027,0.994739,0.148027,0.5
6.74,0.994832,0.147601,0.994832,0.147601,0.5
6.76,0.994923,0.147178,0.994923,0.147178,0.5
6.78,0.995012,0.146757,0.995012,0.146757,0.5
6.8,0.995099,0.146338,0.995099,0.146338,0.5
6.82,0.995186,0.145922,0.995186,0.145922,0.5
6.84,0.99527,0.145507,0.99527,0.145507,0.5
6.86,0.995353,0.145095,0.995353,0.145095,0.5
6.88,0.995435,0.144685,0.995435,0.144685,0.5
6.9,0.995515,0.144278,0.995515,0.144278,0.5
6.92,0.995594,0.143872,0.995594,0.143872,0.5
6.94,0.995672,0.143469,0.995672,0.143469,0.5
6.96,0.995748,0.143067,0.995748,0.143067,0.5
6.98,0.995823,0.142668,0.995823,0.142668,0.5
7,0.995897,0.142271,0.995897,0.142271,0.5
7.02,0.995969,0.141876,0.995969,0.141876,0.5
7.04,0.99604,0.141483,0.99604,0.141483,0.5
7.06,0.99611,0.141092,0.99611,0.141092,0.5
7.08,0.996178,0.140703,0.996178,0.140703,0.5
7.1,0.996246,0.140316,0.996246,0.140316,0.5
7.12,0.996312,0.139931,0.996312,0.139931,0.5
7.14,0.996377,0.139549,0.996377,0.139549,0.5
7.16,0.996441,0.139168,0.996441,0.139168,0.5
7.18,0.996504,0.138789,0.996504,0.138789,0.5
7.2,0.996566,0.138412,0.996566,0.138412,0.5
7.22,0.996626,0.138037,0.996626,0.138037,0.5
7.24,0.996686,0.137664,0.996686,0.137664,0.5
7.26,0.996745,0.137293,0.996745,0.137293,0.5
7.28,0.996802,0.136923,0.996802,0.136923,0.5
7.3,0.996859,0.136556,0.996859,0.136556,0.5
7.32,0.996914,0.13619,0.996914,0.13619,0.5
7.34,0.996969,0.135827,0.996969,0.135827,0.5
7.36,0.997023,0.135465,0.997023,0.135465,0.5
7.38,0.997075,0.135105,0.997075,0.135105,0.5
7.4,0.997127,0.134747,0.997127,0.134747,0.5
7.42,0.997178,0.134391,0.997178,0.134391,0.5
7.44,0.997228,0.134036,0.997228,0.134036,0.5
7.46,0.997277,0.133683,0.997277,0.133683,0.5
7.48,0.997325,0.133332,0.997325,0.133332,0.5
7.5,0.997373,0.132983,0.997373,0.132983,0.5
7.52,0.997419,0.132636,0.997419,0.132636,0.5
7.54,0.997465,0.13229,0.997465,0.13229,0.5
7.56,0.99751,0.131946,0.99751,0.131946,0.5
7.58,0.997554,0.131603,0.997554,0.131603,0.5
7.6,0.997598,0.131263,0.997598,0.131263,0.5
7.62,0.997641,0.130924,0.99764,0.130924,0.5
7.64,0.997682,0.130587,0.997682,0.130587,0.5
7.66,0.997724,0.130251,0.997724,0.130251,0.5
7.68,0.997764,0.129917,0.997764,0.129917,0.5
7.7,0.997804,0.129585,0.997804,0.129585,0.5
7.72,0.997843,0.129254,0.997843,0.129254,0.5
7.74,0.997881,0.128925,0.997881,0.128925,0.5
7.76,0.997919,0.128598,0.997919,0.128598,0.5
7.78,0.997956,0.128272,0.997956,0.128272,0.5
7.8,0.997992,0.127948,0.997992,0.127948,0.5
7.82,0.998028,0.127625,0.998028,0.127625,0.5
7.84,0.998063,0.127304,0.998063,0.127304,0.5
7.86,0.998098,0.126984,0.998098,0.126984,0.5
7.88,0.998132,0.126666,0.998132,0.126666,0.5
7.9,0.998165,0.12635,0.998165,0.12635,0.5
7.92,0.998198,0.126035,0.998198,0.126035,0.5
7.94,0.99823,0.125722,0.99823,0.125722,0.5
7.96,0.998261,0.12541,0.998261,0.12541,0.5
7.98,0.998292,0.125099,0.998292,0.125099,0.5
8,0.998323,0.12479,0.998323,0.12479,0.5
8.02,0.998353,0.124483,0.998353,0.124483,0.5
8.04,0.998382,0.124177,0.998382,0.124177,0.5
8.06,0.998411,0.123872,0.998411,0.123872,0.5
8.08,0.998439,0.123569,0.998439,0.123569,0.5
8.1,0.998467,0.123268,0.998467,0.123268,0.5
8.12,0.998495,0.122967,0.998495,0.122967,0.5
8.14,0.998521,0.122668,0.998521,0.122668,0.5
8.16,0.998548,0.122371,0.998548,0.122371,0.5
8.18,0.998574,0.122075,0.998574,0.122075,0.5
8.2,0.998599,0.12178,0.998599,0.12178,0.5
8.22,0.998624,0.121487,0.998624,0.121487,0.5
8.24,0.998649,0.121195,0.998649,0.121195,0.5
8.26,0.998673,0.120905,0.998673,0.120905,0.5
8.28,0.998697,0.120616,0.998697,0.120616,0.5
8.3,0.99872,0.120328,0.99872,0.120328,0.5
8.32,0.998743,0.120041,0.998743,0.120041,0.5
8.34,0.998766,0.119756,0.998766,0.119756,0.5
8.36,0.998788,0.119472,0.998788,0.119472,0.5
8.38,0.998809,0.11919,0.998809,0.11919,0.5
8.4,0.998831,0.118908,0.998831,0.118908,0.5
8.42,0.998852,0.118628,0.998852,0.118628,0.5
8.44,0.998872,0.11835,0.998872,0.11835,0.5
8.46,0.998892,0.118072,0.998892,0.118072,0.5
8.48,0.998912,0.117796,0.998912,0.117796,0.5
8.5,0.998932,0.117521,0.998932,0.117521,0.5
8.52,0.998951,0.117248,0.998951,0.117248,0.5
8.54,0.99897,0.116975,0.99897,0.116975,0.5
8.56,0.998988,0.116704,0.998988,0.116704,0.5
8.58,0.999006,0.116434,0.999006,0.116434,0.5
8.6,0.999024,0.116166,0.999024,0.116166,0.5
8.62,0.999042,0.115898,0.999042,0.115898,0.5
8.64,0.999059,0.115632,0.999059,0.115632,0.5
8.66,0.999076,0.115367,0.999076,0.115367,0.5
8.68,0.999092,0.115103,0.999092,0.115103,0.5
8.7,0.999109,0.11484,0.999109,0.11484,0.5
8.72,0.999125,0.114579,0.999125,0.114579,0.5
8.74,0.999141,0.114318,0.999141,0.114318,0.5
8.76,0.999156,0.114059,0.999156,0.114059,0.5
8.78,0.999171,0.113801,0.999171,0.113801,0.5
8.8,0.999186,0.113544,0.999186,0.113544,0.5
8.82,0.999201,0.113288,0.999201,0.113288,0.5
8.84,0.999215,0.113033,0.999215,0.113033,0.5
8.86,0.999229,0.11278,0.999229,0.11278,0.5
8.88,0.999243,0.112527,0.999243,0.112527,0.5
8.9,0.999257,0.112276,0.999257,0.112276,0.5
8.92,0.99927,0.112026,0.99927,0.112026,0.5
8.94,0.999283,0.111777,0.999283,0.111777,0.5
8.96,0.999296,0.111529,0.999296,0.111529,0.5
8.98,0.999309,0.111282,0.999309,0.111282,0.5
9,0.999321,0.111036,0.999321,0.111036,0.5
9.02,0.999334,0.110791,0.999333,0.110791,0.5
9.04,0.999346,0.110547,0.999345,0.110547,0.5
9.06,0.999357,0.110304,0.999357,0.110304,0.5
9.08,0.999369,0.110063,0.999369,0.110063,0.5
9.1,0.99938,0.109822,0.99938,0.109822,0.5
9.12,0.999391,0.109582,0.999391,0.109582,0.5
9.14,0.999402,0.109344,0.999402,0.109344,0.5
9.16,0.999413,0.109106,0.999413,0.109106,0.5
9.18,0.999424,0.10887,0.999424,0.10887,0.5
9.2,0.999434,0.108634,0.999434,0.108634,0.5
9.22,0.999444,0.1084,0.999444,0.1084,0.5
9.24,0.999454,0.108166,0.999454,0.108166,0.5
9.26,0.999464,0.107934,0.999464,0.107934,0.5
9.28,0.999474,0.107702,0.999474,0.107702,0.5
9.3,0.999483,0.107471,0.999483,0.107471,0.5
9.32,0.999493,0.107242,0.999493,0.107242,0.5
9.34,0.999502,0.107013,0.999502,0.107013,0.5
9.36,0.999511,0.106785,0.999511,0.106785,0.5
9.38,0.99952,0.106559,0.99952,0.106559,0.5
9.4,0.999529,0.106333,0.999528,0.106333,0.5
9.42,0.999537,0.106108,0.999537,0.106108,0.5
9.44,0.999545,0.105884,0.999545,0.105884,0.5
9.46,0.999554,0.105661,0.999554,0.105661,0.5
9.48,0.999562,0.105439,0.999562,0.105439,0.5
9.5,0.99957,0.105218,0.99957,0.105218,0.5
9.52,0.999577,0.104998,0.999577,0.104998,0.5
9.54,0.999585,0.104778,0.999585,0.104778,0.5
9.56,0.999593,0.10456,0.999593,0.10456,0.5
9.58,0.9996,0.104342,0.9996,0.104342,0.5
9.6,0.999607,0.104126,0.999607,0.104126,0.5
9.62,0.999614,0.10391,0.999614,0.10391,0.5
9.64,0.999621,0.103695,0.999621,0.103695,0.5
9.66,0.999628,0.103481,0.999628,0.103481,0.5
9.68,0.999635,0.103268,0.999635,0.103268,0.5
9.7,0.999642,0.103056,0.999641,0.103056,0.5
9.72,0.999648,0.102844,0.999648,0.102844,0.5
9.74,0.999654,0.102634,0.999654,0.102634,0.5
9.76,0.999661,0.102424,0.999661,0.102424,0.5
9.78,0.999667,0.102215,0.999667,0.102215,0.5
9.8,0.999673,0.102007,0.999673,0.102007,0.5
9.82,0.999679,0.1018,0.999679,0.1018,0.5
9.84,0.999685,0.101594,0.999685,0.101594,0.5
9.86,0.99969,0.101388,0.99969,0.101388,0.5
9.88,0.999696,0.101184,0.999696,0.101184,0.5
9.9,0.999701,0.10098,0.999701,0.10098,0.5
9.92,0.999707,0.100777,0.999707,0.100777,0.5
9.94,0.999712,0.100575,0.999712,0.100575,0.5
9.96,0.999717,0.100373,0.999717,0.100373,0.5
9.98,0.999723,0.100173,0.999723,0.100173,0.5
10,0.999728,0.0999728,0.999728,0.0999728,0.5
10.02,0.999733,0.0997737,0.999733,0.0997737,0.5
10.04,0.999737,0.0995754,0.999737,0.0995754,0.5
10.06,0.999742,0.099378,0.999742,0.099378,0.5
10.08,0.999747,0.0991812,0.999747,0.0991812,0.5
10.1,0.999752,0.0989853,0.999751,0.0989853,0.5
10.12,0.999756,0.0987901,0.999756,0.0987901,0.5
10.14,0.99976,0.0985957,0.99976,0.0985957,0.5
10.16,0.999765,0.098402,0.999765,0.098402,0.5
10.18,0.999769,0.0982091,0.999769,0.0982091,0.5
10.2,0.999773,0.098017,0.999773,0.098017,0.5
10.22,0.999777,0.0978256,0.999777,0.0978256,0.5
10.24,0.999781,0.0976349,0.999781,0.0976349,0.5
10.26,0.999785,0.097445,0.999785,0.097445,0.5
10.28,0.999789,0.0972558,0.999789,0.0972558,0.5
10.3,0.999793,0.0970673,0.999793,0.0970673,0.5
10.32,0.999797,0.0968796,0.999797,0.0968795,0.5
10.34,0.999801,0.0966925,0.999801,0.0966925,0.5
10.36,0.999804,0.0965062,0.999804,0.0965062,0.5
10.38,0.999808,0.0963206,0.999808,0.0963206,0.5
10.4,0.999811,0.0961357,0.999811,0.0961357,0.5
10.42,0.999815,0.0959515,0.999815,0.0959515,0.5
10.44,0.999818,0.095768,0.999818,0.095768,0.5
10.46,0.999821,0.0955852,0.999821,0.0955852,0.5
10.48,0.999825,0.0954031,0.999825,0.0954031,0.5
10.5,0.999828,0.0952217,0.999828,0.0952217,0.5
10.52,0.999831,0.095041,0.999831,0.095041,0.5
10.54,0.999834,0.0948609,0.999834,0.0948609,0.5
10.56,0.999837,0.0946816,0.999837,0.0946815,0.5
10.58,0.99984,0.0945028,0.99984,0.0945028,0.5
10.6,0.999843,0.0943248,0.999843,0.0943248,0.5
10.62,0.999846,0.0941475,0.999846,0.0941474,0.5
10.64,0.999849,0.0939707,0.999849,0.0939707,0.5
10.66,0.999852,0.0937947,0.999851,0.0937947,0.5
10.68,0.999854,0.0936193,0.999854,0.0936193,0.5
10.7,0.999857,0.0934446,0.999857,0.0934446,0.5
10.72,0.999859,0.0932705,0.999859,0.0932705,0.5
10.74,0.999862,0.093097,0.999862,0.093097,0.5
10.76,0.999865,0.0929242,0.999865,0.0929242,0.5
10.78,0.999867,0.092752,0.999867,0.092752,0.5
10.8,0.999869,0.0925805,0.999869,0.0925805,0.5
10.82,0.999872,0.0924096,0.999872,0.0924096,0.5
10.84,0.999874,0.0922393,0.999874,0.0922393,0.5
10.86,0.999877,0.0920697,0.999876,0.0920697,0.5
10.88,0.999879,0.0919006,0.999879,0.0919006,0.5
10.9,0.999881,0.0917322,0.999881,0.0917322,0.5
10.92,0.999883,0.0915644,0.999883,0.0915644,0.5
10.94,0.999885,0.0913972,0.999885,0.0913972,0.5
10.96,0.999887,0.0912306,0.999887,0.0912306,0.5
10.98,0.999889,0.0910646,0.999889,0.0910646,0.5
11,0.999891,0.0908992,0.999891,0.0908992,0.5
11.02,0.999893,0.0907344,0.999893,0.0907344,0.5
11.04,0.999895,0.0905702,0.999895,0.0905702,0.5
11.06,0.999897,0.0904066,0.999897,0.0904066,0.5
11.08,0.999899,0.0902436,0.999899,0.0902436,0.5
11.1,0.999901,0.0900812,0.999901,0.0900812,0.5
11.12,0.999903,0.0899193,0.999903,0.0899193,0.5
11.14,0.999905,0.089758,0.999905,0.089758,0.5
11.16,0.999906,0.0895973,0.999906,0.0895973,0.5
11.18,0.999908,0.0894372,0.999908,0.0894372,0.5
11.2,0.99991,0.0892777,0.99991,0.0892777,0.5
11.22,0.999911,0.0891187,0.999911,0.0891187,0.5
11.24,0.999913,0.0889602,0.999913,0.0889602,0.5
11.26,0.999915,0.0888024,0.999915,0.0888024,0.5
11.28,0.999916,0.0886451,0.999916,0.0886451,0.5
11.3,0.999918,0.0884883,0.999918,0.0884883,0.5
11.32,0.999919,0.0883321,0.999919,0.0883321,0.5
11.34,0.999921,0.0881764,0.999921,0.0881764,0.5
11.36,0.999922,0.0880213,0.999922,0.0880213,0.5
11.38,0.999924,0.0878668,0.999924,0.0878667,0.5
11.4,0.999925,0.0877127,0.999925,0.0877127,0.5
11.42,0.999926,0.0875592,0.999926,0.0875592,0.5
11.44,0.999928,0.0874063,0.999928,0.0874063,0.5
11.46,0.999929,0.0872538,0.999929,0.0872538,0.5
11.48,0.99993,0.087102,0.99993,0.0871019,0.5
11.5,0.999932,0.0869506,0.999932,0.0869506,0.5
11.52,0.999933,0.0867997,0.999933,0.0867997,0.5
11.54,0.999934,0.0866494,0.999934,0.0866494,0.5
11.56,0.999935,0.0864996,0.999935,0.0864996,0.5
11.58,0.999937,0.0863503,0.999937,0.0863503,0.5
11.6,0.999938,0.0862015,0.999938,0.0862015,0.5
11.62,0.999939,0.0860533,0.999939,0.0860533,0.5
11.64,0.99994,0.0859055,0.99994,0.0859055,0.5
11.66,0.999941,0.0857582,0.999941,0.0857582,0.5
11.68,0.999942,0.0856115,0.999942,0.0856115,0.5
11.7,0.999943,0.0854652,0.999943,0.0854652,0.5
11.72,0.999944,0.0853195,0.999944,0.0853195,0.5
11.74,0.999945,0.0851742,0.999945,0.0851742,0.5
11.76,0.999946,0.0850294,0.999946,0.0850294,0.5
11.78,0.999947,0.0848852,0.999947,0.0848852,0.5
11.8,0.999948,0.0847414,0.999948,0.0847414,0.5
11.82,0.999949,0.0845981,0.999949,0.0845981,0.5
11.84,0.99995,0.0844552,0.99995,0.0844552,0.5
11.86,0.999951,0.0843129,0.999951,0.0843129,0.5
11.88,0.999952,0.084171,0.999952,0.084171,0.5
11.9,0.999953,0.0840297,0.999953,0.0840296,0.5
11.92,0.999954,0.0838887,0.999954,0.0838887,0.5
11.94,0.999955,0.0837483,0.999955,0.0837483,0.5
11.96,0.999955,0.0836083,0.999955,0.0836083,0.5
11.98,0.999956,0.0834688,0.999956,0.0834688,0.5
12,0.999957,0.0833298,0.999957,0.0833297,0.5
12.02,0.999958,0.0831912,0.999958,0.0831912,0.5
12.04,0.999959,0.083053,0.999959,0.083053,0.5
12.06,0.999959,0.0829154,0.999959,0.0829154,0.5
12.08,0.99996,0.0827782,0.99996,0.0827782,0.5
12.1,0.999961,0.0826414,0.999961,0.0826414,0.5
12.12,0.999962,0.0825051,0.999962,0.0825051,0.5
12.14,0.999962,0.0823692,0.999962,0.0823692,0.5
12.16,0.999963,0.0822338,0.999963,0.0822338,0.5
12.18,0.999964,0.0820988,0.999964,0.0820988,0.5
12.2,0.999964,0.0819643,0.999964,0.0819643,0.5
12.22,0.999965,0.0818302,0.999965,0.0818302,0.5
12.24,0.999966,0.0816965,0.999966,0.0816965,0.5
12.26,0.999966,0.0815633,0.999966,0.0815633,0.5
12.28,0.999967,0.0814305,0.999967,0.0814305,0.5
12.3,0.999968,0.0812982,0.999967,0.0812982,0.5
12.32,0.999968,0.0811662,0.999968,0.0811662,0.5
12.34,0.999969,0.0810347,0.999969,0.0810347,0.5
12.36,0.999969,0.0809037,0.999969,0.0809037,0.5
12.38,0.99997,0.080773,0.99997,0.080773,0.5
12.4,0.99997,0.0806428,0.99997,0.0806428,0.5
12.42,0.999971,0.080513,0.999971,0.080513,0.5
12.44,0.999971,0.0803836,0.999971,0.0803836,0.5
12.46,0.999972,0.0802546,0.999972,0.0802546,0.5
12.48,0.999973,0.080126,0.999972,0.080126,0.5
12.5,0.999973,0.0799978,0.999973,0.0799978,0.5
12.52,0.999974,0.0798701,0.999973,0.0798701,0.5
12.54,0.999974,0.0797427,0.999974,0.0797427,0.5
12.56,0.999974,0.0796158,0.999974,0.0796158,0.5
12.58,0.999975,0.0794893,0.999975,0.0794893,0.5
12.6,0.999975,0.0793631,0.999975,0.0793631,0.5
12.62,0.999976,0.0792374,0.999976,0.0792374,0.5
12.64,0.999976,0.0791121,0.999976,0.079112,0.5
12.66,0.999977,0.0789871,0.999977,0.0789871,0.5
12.68,0.999977,0.0788626,0.999977,0.0788626,0.5
12.7,0.999978,0.0787384,0.999978,0.0787384,0.5
12.72,0.999978,0.0786146,0.999978,0.0786146,0.5
12.74,0.999978,0.0784912,0.999978,0.0784912,0.5
12.76,0.999979,0.0783682,0.999979,0.0783682,0.5
12.78,0.999979,0.0782456,0.999979,0.0782456,0.5
12.8,0.99998,0.0781234,0.99998,0.0781234,0.5
12.82,0.99998,0.0780016,0.99998,0.0780016,0.5
12.84,0.99998,0.0778801,0.99998,0.0778801,0.5
12.86,0.999981,0.077759,0.999981,0.077759,0.5
12.88,0.999981,0.0776383,0.999981,0.0776383,0.5
12.9,0.999981,0.0775179,0.999981,0.0775179,0.5
12.92,0.999982,0.077398,0.999982,0.077398,0.5
12.94,0.999982,0.0772784,0.999982,0.0772784,0.5
12.96,0.999982,0.0771591,0.999982,0.0771591,0.5
12.98,0.999983,0.0770403,0.999983,0.0770403,0.5
13,0.999983,0.0769218,0.999983,0.0769218,0.5
13.02,0.999983,0.0768036,0.999983,0.0768036,0.5
13.04,0.999984,0.0766859,0.999984,0.0766859,0.5
13.06,0.999984,0.0765685,0.999984,0.0765685,0.5
13.08,0.999984,0.0764514,0.999984,0.0764514,0.5
13.1,0.999985,0.0763347,0.999985,0.0763347,0.5
13.12,0.999985,0.0762184,0.999985,0.0762184,0.5
13.14,0.999985,0.0761024,0.999985,0.0761024,0.5
13.16,0.999985,0.0759867,0.999985,0.0759867,0.5
13.18,0.999986,0.0758715,0.999986,0.0758714,0.5
13.2,0.999986,0.0757565,0.999986,0.0757565,0.5
13.22,0.999986,0.0756419,0.999986,0.0756419,0.5
13.24,0.999987,0.0755277,0.999986,0.0755277,0.5
13.26,0.999987,0.0754138,0.999987,0.0754138,0.5
13.28,0.999987,0.0753002,0.999987,0.0753002,0.5
13.3,0.999987,0.075187,0.999987,0.075187,0.5
13.32,0.999987,0.0750741,0.999987,0.0750741,0.5
13.34,0.999988,0.0749616,0.999988,0.0749616,0.5
13.36,0.999988,0.0748494,0.999988,0.0748494,0.5
13.38,0.999988,0.0747375,0.999988,0.0747375,0.5
13.4,0.999988,0.074626,0.999988,0.074626,0.5
13.42,0.999989,0.0745148,0.999989,0.0745148,0.5
13.44,0.999989,0.0744039,0.999989,0.0744039,0.5
13.46,0.999989,0.0742934,0.999989,0.0742934,0.5
13.48,0.999989,0.0741832,0.999989,0.0741832,0.5
13.5,0.999989,0.0740733,0.999989,0.0740733,0.5
13.52,0.99999,0.0739637,0.99999,0.0739637,0.5
13.54,0.99999,0.0738545,0.99999,0.0738545,0.5
13.56,0.99999,0.0737456,0.99999,0.0737456,0.5
13.58,0.99999,0.073637,0.99999,0.073637,0.5
13.6,0.99999,0.0735287,0.99999,0.0735287,0.5
13.62,0.999991,0.0734207,0.999991,0.0734207,0.5
13.64,0.999991,0.0733131,0.999991,0.0733131,0.5
13.66,0.999991,0.0732058,0.999991,0.0732058,0.5
13.68,0.999991,0.0730988,0.999991,0.0730988,0.5
13.7,0.999991,0.0729921,0.999991,0.0729921,0.5
13.72,0.999991,0.0728857,0.999991,0.0728857,0.5
13.74,0.999992,0.0727796,0.999992,0.0727796,0.5
13.76,0.999992,0.0726738,0.999992,0.0726738,0.5
13.78,0.999992,0.0725684,0.999992,0.0725683,0.5
13.8,0.999992,0.0724632,0.999992,0.0724632,0.5
13.82,0.999992,0.0723583,0.999992,0.0723583,0.5
13.84,0.999992,0.0722538,0.999992,0.0722538,0.5
13.86,0.999992,0.0721495,0.999992,0.0721495,0.5
13.88,0.999993,0.0720456,0.999993,0.0720456,0.5
13.9,0.999993,0.0719419,0.999993,0.0719419,0.5
13.92,0.999993,0.0718386,0.999993,0.0718386,0.5
13.94,0.999993,0.0717355,0.999993,0.0717355,0.5
13.96,0.999993,0.0716327,0.999993,0.0716327,0.5
13.98,0.999993,0.0715303,0.999993,0.0715303,0.5
14,0.999993,0.0714281,0.999993,0.0714281,0.5
14.02,0.999994,0.0713262,0.999993,0.0713262,0.5
14.04,0.999994,0.0712246,0.999994,0.0712246,0.5
14.06,0.999994,0.0711233,0.999994,0.0711233,0.5
14.08,0.999994,0.0710223,0.999994,0.0710223,0.5
14.1,0.999994,0.0709216,0.999994,0.0709216,0.5
14.12,0.999994,0.0708211,0.999994,0.0708211,0.5
14.14,0.999994,0.0707209,0.999994,0.0707209,0.5
14.16,0.999994,0.0706211,0.999994,0.0706211,0.5
14.18,0.999994,0.0705215,0.999994,0.0705215,0.5
14.2,0.999995,0.0704222,0.999994,0.0704221,0.5
14.22,0.999995,0.0703231,0.999995,0.0703231,0.5
14.24,0.999995,0.0702243,0.999995,0.0702243,0.5
14.26,0.999995,0.0701259,0.999995,0.0701259,0.5
14.28,0.999995,0.0700277,0.999995,0.0700277,0.5
14.3,0.999995,0.0699297,0.999995,0.0699297,0.5
14.32,0.999995,0.0698321,0.999995,0.0698321,0.5
14.34,0.999995,0.0697347,0.999995,0.0697347,0.5
14.36,0.999995,0.0696376,0.999995,0.0696376,0.5
14.38,0.999995,0.0695407,0.999995,0.0695407,0.5
14.4,0.999995,0.0694441,0.999995,0.0694441,0.5
14.42,0.999996,0.0693478,0.999996,0.0693478,0.5
14.44,0.999996,0.0692518,0.999996,0.0692518,0.5
14.46,0.999996,0.069156,0.999996,0.069156,0.5
14.48,0.999996,0.0690605,0.999996,0.0690605,0.5
14.5,0.999996,0.0689652,0.999996,0.0689652,0.5
14.52,0.999996,0.0688702,0.999996,0.0688702,0.5
14.54,0.999996,0.0687755,0.999996,0.0687755,0.5
14.56,0.999996,0.0686811,0.999996,0.068681,0.5
14.58,0.999996,0.0685868,0.999996,0.0685868,0.5
14.6,0.999996,0.0684929,0.999996,0.0684929,0.5
14.62,0.999996,0.0683992,0.999996,0.0683992,0.5
14.64,0.999996,0.0683058,0.999996,0.0683058,0.5
14.66,0.999996,0.0682126,0.999996,0.0682126,0.5
14.68,0.999997,0.0681197,0.999996,0.0681197,0.5
14.7,0.999997,0.068027,0.999997,0.068027,0.5
14.72,0.999997,0.0679346,0.999997,0.0679346,0.5
14.74,0.999997,0.0678424,0.999997,0.0678424,0.5
14.76,0.999997,0.0677505,0.999997,0.0677505,0.5
14.78,0.999997,0.0676588,0.999997,0.0676588,0.5
14.8,0.999997,0.0675674,0.999997,0.0675674,0.5
14.82,0.999997,0.0674762,0.999997,0.0674762,0.5
14.84,0.999997,0.0673852,0.999997,0.0673852,0.5
14.86,0.999997,0.0672946,0.999997,0.0672946,0.5
14.88,0.999997,0.0672041,0.999997,0.0672041,0.5
14.9,0.999997,0.0671139,0.999997,0.0671139,0.5
14.92,0.999997,0.0670239,0.999997,0.0670239,0.5
14.94,0.999997,0.0669342,0.999997,0.0669342,0.5
14.96,0.999997,0.0668447,0.999997,0.0668447,0.5
14.98,0.999997,0.0667555,0.999997,0.0667555,0.5
15,0.999997,0.0666665,0.999997,0.0666665,0.5
15.02,0.999998,0.0665777,0.999997,0.0665777,0.5
15.04,0.999998,0.0664892,0.999997,0.0664892,0.5
15.06,0.999998,0.0664009,0.999998,0.0664009,0.5
15.08,0.999998,0.0663128,0.999998,0.0663128,0.5
15.1,0.999998,0.066225,0.999998,0.066225,0.5
15.12,0.999998,0.0661374,0.999998,0.0661374,0.5
15.14,0.999998,0.0660501,0.999998,0.06605,0.5
15.16,0.999998,0.0659629,0.999998,0.0659629,0.5
15.18,0.999998,0.065876,0.999998,0.065876,0.5
15.2,0.999998,0.0657893,0.999998,0.0657893,0.5
15.22,0.999998,0.0657029,0.999998,0.0657029,0.5
15.24,0.999998,0.0656167,0.999998,0.0656167,0.5
15.26,0.999998,0.0655307,0.999998,0.0655307,0.5
15.28,0.999998,0.0654449,0.999998,0.0654449,0.5
15.3,0.999998,0.0653594,0.999998,0.0653593,0.5
15.32,0.999998,0.065274,0.999998,0.065274,0.5
15.34,0.999998,0.0651889,0.999998,0.0651889,0.5
15.36,0.999998,0.065104,0.999998,0.065104,0.5
15.38,0.999998,0.0650194,0.999998,0.0650194,0.5
15.4,0.999998,0.064935,0.999998,0.0649349,0.5
15.42,0.999998,0.0648507,0.999998,0.0648507,0.5
15.44,0.999998,0.0647667,0.999998,0.0647667,0.5
15.46,0.999998,0.0646829,0.999998,0.0646829,0.5
15.48,0.999998,0.0645994,0.999998,0.0645994,0.5
15.5,0.999998,0.064516,0.999998,0.064516,0.5
15.52,0.999998,0.0644329,0.999998,0.0644329,0.5
15.54,0.999998,0.06435,0.999998,0.06435,0.5
15.56,0.999999,0.0642673,0.999998,0.0642673,0.5
15.58,0.999999,0.0641848,0.999998,0.0641848,0.5
15.6,0.999999,0.0641025,0.999999,0.0641025,0.5
15.62,0.999999,0.0640204,0.999999,0.0640204,0.5
15.64,0.999999,0.0639385,0.999999,0.0639385,0.5
15.66,0.999999,0.0638569,0.999999,0.0638569,0.5
15.68,0.999999,0.0637754,0.999999,0.0637754,0.5
15.7,0.999999,0.0636942,0.999999,0.0636942,0.5
15.72,0.999999,0.0636132,0.999999,0.0636131,0.5
15.74,0.999999,0.0635323,0.999999,0.0635323,0.5
15.76,0.999999,0.0634517,0.999999,0.0634517,0.5
15.78,0.999999,0.0633713,0.999999,0.0633713,0.5
15.8,0.999999,0.0632911,0.999999,0.0632911,0.5
15.82,0.999999,0.0632111,0.999999,0.063211,0.5
15.84,0.999999,0.0631312,0.999999,0.0631312,0.5
15.86,0.999999,0.0630516,0.999999,0.0630516,0.5
15.88,0.999999,0.0629722,0.999999,0.0629722,0.5
15.9,0.999999,0.062893,0.999999,0.062893,0.5
15.92,0.999999,0.062814,0.999999,0.062814,0.5
15.94,0.999999,0.0627352,0.999999,0.0627352,0.5
15.96,0.999999,0.0626566,0.999999,0.0626566,0.5
15.98,0.999999,0.0625782,0.999999,0.0625782,0.5
16,0.999999,0.0624999,0.999999,0.0624999,0.5
16.02,0.999999,0.0624219,0.999999,0.0624219,0.5
16.04,0.999999,0.0623441,0.999999,0.0623441,0.5
16.06,0.999999,0.0622664,0.999999,0.0622664,0.5
16.08,0.999999,0.062189,0.999999,0.062189,0.5
16.1,0.999999,0.0621117,0.999999,0.0621117,0.5
16.12,0.999999,0.0620347,0.999999,0.0620347,0.5
16.14,0.999999,0.0619578,0.999999,0.0619578,0.5
16.16,0.999999,0.0618811,0.999999,0.0618811,0.5
16.18,0.999999,0.0618046,0.999999,0.0618046,0.5
16.2,0.999999,0.0617283,0.999999,0.0617283,0.5
16.22,0.999999,0.0616522,0.999999,0.0616522,0.5
16.24,0.999999,0.0615763,0.999999,0.0615763,0.5
16.26,0.999999,0.0615006,0.999999,0.0615006,0.5
16.28,0.999999,0.061425,0.999999,0.061425,0.5
16.3,0.999999,0.0613497,0.999999,0.0613496,0.5
16.32,0.999999,0.0612745,0.999999,0.0612745,0.5
16.34,0.999999,0.0611995,0.999999,0.0611995,0.5
16.36,0.999999,0.0611247,0.999999,0.0611247,0.5
16.38,0.999999,0.06105,0.999999,0.06105,0.5
16.4,0.999999,0.0609756,0.999999,0.0609756,0.5
16.42,0.999999,0.0609013,0.999999,0.0609013,0.5
16.44,0.999999,0.0608272,0.999999,0.0608272,0.5
16.46,0.999999,0.0607533,0.999999,0.0607533,0.5
16.48,0.999999,0.0606796,0.999999,0.0606796,0.5
16.5,0.999999,0.060606,0.999999,0.060606,0.5
16.52,0.999999,0.0605327,0.999999,0.0605327,0.5
16.54,0.999999,0.0604595,0.999999,0.0604595,0.5
16.56,0.999999,0.0603864,0.999999,0.0603864,0.5
16.58,0.999999,0.0603136,0.999999,0.0603136,0.5
16.6,0.999999,0.0602409,0.999999,0.0602409,0.5
16.62,0.999999,0.0601684,0.999999,0.0601684,0.5
16.64,1,0.0600961,0.999999,0.0600961,0.5
16.66,1,0.060024,0.999999,0.060024,0.5
16.68,1,0.059952,0.999999,0.059952,0.5
16.7,1,0.0598802,0.999999,0.0598802,0.5
16.72,1,0.0598086,0.999999,0.0598086,0.5
16.74,1,0.0597371,0.999999,0.0597371,0.5
16.76,1,0.0596658,1,0.0596658,0.5
16.78,1,0.0595947,1,0.0595947,0.5
16.8,1,0.0595238,1,0.0595238,0.5
16.82,1,0.059453,1,0.059453,0.5
16.84,1,0.0593824,1,0.0593824,0.5
16.86,1,0.059312,1,0.059312,0.5
16.88,1,0.0592417,1,0.0592417,0.5
16.9,1,0.0591716,1,0.0591716,0.5
16.92,1,0.0591016,1,0.0591016,0.5
16.94,1,0.0590319,1,0.0590319,0.5
16.96,1,0.0589622,1,0.0589622,0.5
16.98,1,0.0588928,1,0.0588928,0.5
17,1,0.0588235,1,0.0588235,0.5
17.02,1,0.0587544,1,0.0587544,0.5
17.04,1,0.0586854,1,0.0586854,0.5
17.06,1,0.0586166,1,0.0586166,0.5
17.08,1,0.058548,1,0.058548,0.5
17.1,1,0.0584795,1,0.0584795,0.5
17.12,1,0.0584112,1,0.0584112,0.5
17.14,1,0.058343,1,0.058343,0.5
17.16,1,0.058275,1,0.058275,0.5
17.18,1,0.0582072,1,0.0582072,0.5
17.2,1,0.0581395,1,0.0581395,0.5
17.22,1,0.058072,1,0.058072,0.5
17.24,1,0.0580046,1,0.0580046,0.5
17.26,1,0.0579374,1,0.0579374,0.5
17.28,1,0.0578704,1,0.0578704,0.5
17.3,1,0.0578035,1,0.0578035,0.5
17.32,1,0.0577367,1,0.0577367,0.5
17.34,1,0.0576701,1,0.0576701,0.5
17.36,1,0.0576037,1,0.0576037,0.5
17.38,1,0.0575374,1,0.0575374,0.5
17.4,1,0.0574713,1,0.0574712,0.5
17.42,1,0.0574053,1,0.0574053,0.5
17.44,1,0.0573394,1,0.0573394,0.5
17.46,1,0.0572738,1,0.0572738,0.5
17.48,1,0.0572082,1,0.0572082,0.5
17.5,1,0.0571428,1,0.0571428,0.5
17.52,1,0.0570776,1,0.0570776,0.5
17.54,1,0.0570125,1,0.0570125,0.5
17.56,1,0.0569476,1,0.0569476,0.5
17.58,1,0.0568828,1,0.0568828,0.5
17.6,1,0.0568182,1,0.0568182,0.5
17.62,1,0.0567537,1,0.0567537,0.5
17.64,1,0.0566893,1,0.0566893,0.5
17.66,1,0.0566251,1,0.0566251,0.5
17.68,1,0.0565611,1,0.0565611,0.5
17.7,1,0.0564972,1,0.0564972,0.5
17.72,1,0.0564334,1,0.0564334,0.5
17.74,1,0.0563698,1,0.0563698,0.5
17.76,1,0.0563063,1,0.0563063,0.5
17.78,1,0.056243,1,0.056243,0.5
17.8,1,0.0561798,1,0.0561798,0.5
17.82,1,0.0561167,1,0.0561167,0.5
17.84,1,0.0560538,1,0.0560538,0.5
17.86,1,0.055991,1,0.055991,0.5
17.88,1,0.0559284,1,0.0559284,0.5
17.9,1,0.0558659,1,0.0558659,0.5
17.92,1,0.0558036,1,0.0558036,0.5
17.94,1,0.0557414,1,0.0557414,0.5
17.96,1,0.0556793,1,0.0556793,0.5
17.98,1,0.0556173,1,0.0556173,0.5
18,1,0.0555556,1,0.0555555,0.5
18.02,1,0.0554939,1,0.0554939,0.5
18.04,1,0.0554324,1,0.0554324,0.5
18.06,1,0.055371,1,0.055371,0.5
18.08,1,0.0553097,1,0.0553097,0.5
18.1,1,0.0552486,1,0.0552486,0.5
18.12,1,0.0551876,1,0.0551876,0.5
18.14,1,0.0551268,1,0.0551268,0.5
18.16,1,0.0550661,1,0.0550661,0.5
18.18,1,0.0550055,1,0.0550055,0.5
18.2,1,0.0549451,1,0.054945,0.5
18.22,1,0.0548847,1,0.0548847,0.5
18.24,1,0.0548246,1,0.0548246,0.5
18.26,1,0.0547645,1,0.0547645,0.5
18.28,1,0.0547046,1,0.0547046,0.5
18.3,1,0.0546448,1,0.0546448,0.5
18.32,1,0.0545852,1,0.0545851,0.5
18.34,1,0.0545256,1,0.0545256,0.5
18.36,1,0.0544662,1,0.0544662,0.5
18.38,1,0.054407,1,0.054407,0.5
18.4,1,0.0543478,1,0.0543478,0.5
18.42,1,0.0542888,1,0.0542888,0.5
18.44,1,0.0542299,1,0.0542299,0.5
18.46,1,0.0541712,1,0.0541712,0.5
18.48,1,0.0541126,1,0.0541125,0.5
18.5,1,0.0540541,1,0.054054,0.5
18.52,1,0.0539957,1,0.0539957,0.5
18.54,1,0.0539374,1,0.0539374,0.5
18.56,1,0.0538793,1,0.0538793,0.5
18.58,1,0.0538213,1,0.0538213,0.5
18.6,1,0.0537634,1,0.0537634,0.5
18.62,1,0.0537057,1,0.0537057,0.5
18.64,1,0.0536481,1,0.0536481,0.5
18.66,1,0.0535906,1,0.0535906,0.5
18.68,1,0.0535332,1,0.0535332,0.5
18.7,1,0.0534759,1,0.0534759,0.5
18.72,1,0.0534188,1,0.0534188,0.5
18.74,1,0.0533618,1,0.0533618,0.5
18.76,1,0.0533049,1,0.0533049,0.5
18.78,1,0.0532481,1,0.0532481,0.5
18.8,1,0.0531915,1,0.0531915,0.5
18.82,1,0.053135,1,0.053135,0.5
18.84,1,0.0530786,1,0.0530786,0.5
18.86,1,0.0530223,1,0.0530223,0.5
18.88,1,0.0529661,1,0.0529661,0.5
18.9,1,0.0529101,1,0.05291,0.5
18.92,1,0.0528541,1,0.0528541,0.5
18.94,1,0.0527983,1,0.0527983,0.5
18.96,1,0.0527426,1,0.0527426,0.5
18.98,1,0.052687,1,0.052687,0.5
19,1,0.0526316,1,0.0526316,0.5
19.02,1,0.0525762,1,0.0525762,0.5
19.04,1,0.052521,1,0.052521,0.5
19.06,1,0.0524659,1,0.0524659,0.5
19.08,1,0.0524109,1,0.0524109,0.5
19.1,1,0.052356,1,0.052356,0.5
19.12,1,0.0523013,1,0.0523013,0.5
19.14,1,0.0522466,1,0.0522466,0.5
19.16,1,0.0521921,1,0.0521921,0.5
19.18,1,0.0521376,1,0.0521376,0.5
19.2,1,0.0520833,1,0.0520833,0.5
19.22,1,0.0520291,1,0.0520291,0.5
19.24,1,0.0519751,1,0.051975,0.5
19.26,1,0.0519211,1,0.0519211,0.5
19.28,1,0.0518672,1,0.0518672,0.5
19.3,1,0.0518135,1,0.0518135,0.5
19.32,1,0.0517598,1,0.0517598,0.5
19.34,1,0.0517063,1,0.0517063,0.5
19.36,1,0.0516529,1,0.0516529,0.5
19.38,1,0.0515996,1,0.0515996,0.5
19.4,1,0.0515464,1,0.0515464,0.5
19.42,1,0.0514933,1,0.0514933,0.5
19.44,1,0.0514403,1,0.0514403,0.5
19.46,1,0.0513875,1,0.0513875,0.5
19.48,1,0.0513347,1,0.0513347,0.5
19.5,1,0.0512821,1,0.051282,0.5
19.52,1,0.0512295,1,0.0512295,0.5
19.54,1,0.0511771,1,0.0511771,0.5
19.56,1,0.0511247,1,0.0511247,0.5
19.58,1,0.0510725,1,0.0510725,0.5
19.6,1,0.0510204,1,0.0510204,0.5
19.62,1,0.0509684,1,0.0509684,0.5
19.64,1,0.0509165,1,0.0509165,0.5
19.66,1,0.0508647,1,0.0508647,0.5
19.68,1,0.050813,1,0.050813,0.5
19.7,1,0.0507614,1,0.0507614,0.5
19.72,1,0.0507099,1,0.0507099,0.5
19.74,1,0.0506586,1,0.0506586,0.5
19.76,1,0.0506073,1,0.0506073,0.5
19.78,1,0.0505561,1,0.0505561,0.5
19.8,1,0.0505051,1,0.050505,0.5
19.82,1,0.0504541,1,0.0504541,0.5
19.84,1,0.0504032,1,0.0504032,0.5
19.86,1,0.0503525,1,0.0503525,0.5
19.88,1,0.0503018,1,0.0503018,0.5
19.9,1,0.0502513,1,0.0502513,0.5
19.92,1,0.0502008,1,0.0502008,0.5
19.94,1,0.0501505,1,0.0501505,0.5
19.96,1,0.0501002,1,0.0501002,0.5
19.98,1,0.0500501,1,0.05005,0.5
20,1,0.05,1,0.05,0.5
