t,x,v,E,method
0.125664,0.992104,-0.125664,0.500031,RK2
0.251327,0.96848,-0.249343,0.500062,RK2
0.376991,0.929499,-0.369077,0.500094,RK2
0.502655,0.875781,-0.482967,0.500125,RK2
0.628319,0.808174,-0.589208,0.500156,RK2
0.753982,0.727751,-0.686114,0.500187,RK2
0.879646,0.635786,-0.772148,0.500218,RK2
1.00531,0.533735,-0.845947,0.500249,RK2
1.13097,0.423216,-0.906339,0.500281,RK2
1.25664,0.30598,-0.952365,0.500312,RK2
1.3823,0.183887,-0.983296,0.500343,RK2
1.50796,0.05887,-0.99864,0.500374,RK2
1.63363,-0.0670877,-0.998153,0.500405,RK2
1.75929,-0.19199,-0.981842,0.500437,RK2
1.88496,-0.313856,-0.949963,0.500468,RK2
2.01062,-0.430753,-0.903022,0.500499,RK2
2.13628,-0.540829,-0.841762,0.50053,RK2
2.26195,-0.642338,-0.767153,0.500561,RK2
2.38761,-0.73367,-0.680378,0.500593,RK2
2.51327,-0.813376,-0.58281,0.500624,RK2
2.63894,-0.880192,-0.475996,0.500655,RK2
2.7646,-0.933057,-0.36163,0.500686,RK2
2.89027,-0.971134,-0.241523,0.500717,RK2
3.01593,-0.993817,-0.11758,0.500749,RK2
3.14159,-1.00075,0.00823527,0.50078,RK2
3.26726,-0.991809,0.133928,0.500811,RK2
3.39292,-0.967148,0.257505,0.500842,RK2
3.51858,-0.927153,0.377007,0.500874,RK2
3.64425,-0.872456,0.49054,0.500905,RK2
3.76991,-0.803925,0.596303,0.500936,RK2
3.89557,-0.722644,0.692619,0.500967,RK2
4.02124,-0.629901,0.77796,0.500998,RK2
4.1469,-0.527166,0.850973,0.50103,RK2
4.27257,-0.416067,0.9105,0.501061,RK2
4.39823,-0.298365,0.955595,0.501092,RK2
4.52389,-0.175926,0.985544,0.501123,RK2
4.64956,-0.0506898,0.99987,0.501155,RK2
4.77522,0.0753578,0.998345,0.501186,RK2
4.90088,0.200219,0.980993,0.501217,RK2
5.02655,0.321913,0.948087,0.501248,RK2
5.15221,0.438511,0.900148,0.50128,RK2
5.27788,0.548165,0.837936,0.501311,RK2
5.40354,0.649135,0.762436,0.501342,RK2
5.5292,0.73982,0.674843,0.501373,RK2
5.65487,0.818782,0.576546,0.501405,RK2
5.78053,0.884768,0.469103,0.501436,RK2
5.90619,0.936731,0.354216,0.501467,RK2
6.03186,0.973847,0.233706,0.501498,RK2
6.15752,0.995526,0.109483,0.50153,RK2
6.28319,1.00142,-0.0164828,0.501561,RK2
6.40885,0.991446,-0.142195,0.501592,RK2
6.53451,0.965749,-0.265661,0.501623,RK2
6.66018,0.92474,-0.384923,0.501655,RK2
6.78584,0.869067,-0.49809,0.501686,RK2
6.9115,0.799614,-0.603368,0.501717,RK2
7.03717,0.717479,-0.699086,0.501749,RK2
7.16283,0.623964,-0.783727,0.50178,RK2
7.28849,0.520551,-0.855949,0.501811,RK2
7.41416,0.408879,-0.914605,0.501842,RK2
7.53982,0.290718,-0.958765,0.501874,RK2
7.66549,0.167941,-0.987728,0.501905,RK2
7.79115,0.0424934,-1.00103,0.501936,RK2
7.91681,-0.0836356,-0.998469,0.501968,RK2
8.04248,-0.208447,-0.980075,0.501999,RK2
8.16814,-0.329961,-0.946143,0.50203,RK2
8.2938,-0.446251,-0.897208,0.502061,RK2
8.41947,-0.555474,-0.834047,0.502093,RK2
8.54513,-0.655898,-0.757658,0.502124,RK2
8.6708,-0.745929,-0.669254,0.502155,RK2
8.79646,-0.82414,-0.570233,0.502187,RK2
8.92212,-0.889291,-0.462166,0.502218,RK2
9.04779,-0.940347,-0.346765,0.502249,RK2
9.17345,-0.976498,-0.22586,0.502281,RK2
9.29911,-0.99717,-0.101366,0.502312,RK2
9.42478,-1.00204,0.0247421,0.502343,RK2
9.55044,-0.991014,0.150466,0.502375,RK2
9.67611,-0.964281,0.273813,0.502406,RK2
9.80177,-0.922259,0.392826,0.502437,RK2
9.92743,-0.865613,0.505619,0.502468,RK2
10.0531,-0.795241,0.610403,0.5025,RK2
10.1788,-0.712256,0.705516,0.502531,RK2
10.3044,-0.617975,0.78945,0.502562,RK2
10.4301,-0.51389,0.860874,0.502594,RK2
10.5558,-0.401652,0.918654,0.502625,RK2
10.6814,-0.283039,0.961874,0.502656,RK2
10.8071,-0.159932,0.989847,0.502688,RK2
10.9327,-0.0342813,1.00213,0.502719,RK2
11.0584,0.0919207,0.998525,0.50275,RK2
11.1841,0.216673,0.97909,0.502782,RK2
11.3097,0.337998,0.944131,0.502813,RK2
11.4354,0.453973,0.894202,0.502845,RK2
11.5611,0.562757,0.830094,0.502876,RK2
11.6867,0.662626,0.752822,0.502907,RK2
11.8124,0.751997,0.66361,0.502939,RK2
11.9381,0.829451,0.563871,0.50297,RK2
12.0637,0.89376,0.455187,0.503001,RK2
12.1894,0.943904,0.33928,0.503033,RK2
12.315,0.979086,0.217987,0.503064,RK2
12.4407,0.998749,0.09323,0.503095,RK2
12.5664,1.00258,-0.0330126,0.503127,RK2
12.692,0.990514,-0.15874,0.503158,RK2
12.8177,0.962745,-0.281958,0.503189,RK2
12.9434,0.919712,-0.400714,0.503221,RK2
13.069,0.862095,-0.513124,0.503252,RK2
13.1947,0.790807,-0.617407,0.503284,RK2
13.3204,0.706977,-0.711908,0.503315,RK2
13.446,0.611934,-0.795128,0.503346,RK2
13.5717,0.507184,-0.865748,0.503378,RK2
13.6973,0.394386,-0.922647,0.503409,RK2
13.823,0.275329,-0.964922,0.50344,RK2
13.9487,0.1519,-0.991902,0.503472,RK2
14.0743,0.026054,-1.00316,0.503503,RK2
14.2,-0.100212,-0.998512,0.503535,RK2
14.3257,-0.224898,-0.978035,0.503566,RK2
14.4513,-0.346026,-0.942052,0.503597,RK2
14.577,-0.461675,-0.891131,0.503629,RK2
14.7027,-0.570013,-0.826079,0.50366,RK2
14.8283,-0.66932,-0.747926,0.503692,RK2
14.954,-0.758023,-0.657912,0.503723,RK2
15.0796,-0.834713,-0.557461,0.503754,RK2
15.2053,-0.898175,-0.448166,0.503786,RK2
15.331,-0.947402,-0.33176,0.503817,RK2
15.4566,-0.981611,-0.210086,0.503849,RK2
15.5823,-1.00026,-0.0850745,0.50388,RK2
15.708,-1.00305,0.0412937,0.503911,RK2
15.8336,-0.989945,0.167015,0.503943,RK2
15.9593,-0.961141,0.290097,0.503974,RK2
16.085,-0.917098,0.408587,0.504006,RK2
16.2106,-0.858512,0.520607,0.504037,RK2
16.3363,-0.786312,0.62438,0.504069,RK2
16.4619,-0.701642,0.718261,0.5041,RK2
16.5876,-0.605843,0.800761,0.504131,RK2
16.7133,-0.500433,0.87057,0.504163,RK2
16.8389,-0.387082,0.926583,0.504194,RK2
16.9646,-0.267588,0.967909,0.504226,RK2
17.0903,-0.143844,0.993893,0.504257,RK2
17.2159,-0.0178122,1.00412,0.504289,RK2
17.3416,0.10851,0.998432,0.50432,RK2
17.4673,0.23312,0.976912,0.504351,RK2
17.5929,0.354042,0.939904,0.504383,RK2
17.7186,0.469358,0.887993,0.504414,RK2
17.8442,0.577241,0.822,0.504446,RK2
17.9699,0.675979,0.742972,0.504477,RK2
18.0956,0.764006,0.65216,0.504509,RK2
18.2212,0.839926,0.551003,0.50454,RK2
18.3469,0.902536,0.441104,0.504572,RK2
18.4726,0.95084,0.324205,0.504603,RK2
18.5982,0.984074,0.202159,0.504634,RK2
18.7239,1.00171,0.0769005,0.504666,RK2
18.8496,1.00346,-0.0495849,0.504697,RK2
18.9752,0.989308,-0.175292,0.504729,RK2
19.1009,0.959469,-0.298228,0.50476,RK2
19.2265,0.914417,-0.416444,0.504792,RK2
19.3522,0.854865,-0.528065,0.504823,RK2
19.4779,0.781757,-0.631321,0.504855,RK2
19.6035,0.69625,-0.724575,0.504886,RK2
19.7292,0.5997,-0.806347,0.504918,RK2
19.8549,0.493636,-0.875341,0.504949,RK2
19.9805,0.37974,-0.930462,0.504981,RK2
20.1062,0.259817,-0.970835,0.505012,RK2
20.2319,0.135766,-0.995819,0.505044,RK2
20.3575,0.00955624,-1.00502,0.505075,RK2
20.4832,-0.116813,-0.998282,0.505107,RK2
20.6088,-0.241339,-0.975721,0.505138,RK2
20.7345,-0.362046,-0.93769,0.50517,RK2
20.8602,-0.477021,-0.88479,0.505201,RK2
20.9858,-0.584441,-0.81786,0.505233,RK2
21.1115,-0.682601,-0.737959,0.505264,RK2
21.2372,-0.769946,-0.646354,0.505296,RK2
21.3628,-0.84509,-0.544496,0.505327,RK2
21.4885,-0.906841,-0.434,0.505359,RK2
21.6142,-0.954219,-0.316616,0.50539,RK2
21.7398,-0.986472,-0.194206,0.505422,RK2
21.8655,-1.00309,-0.0687085,0.505453,RK2
21.9911,-1.0038,0.0578857,0.505485,RK2
22.1168,-0.988602,0.18357,0.505516,RK2
22.2425,-0.957728,0.306352,0.505548,RK2
22.3681,-0.911669,0.424285,0.505579,RK2
22.4938,-0.851154,0.535499,0.505611,RK2
22.6195,-0.77714,0.63823,0.505642,RK2
22.7451,-0.690802,0.730849,0.505674,RK2
22.8708,-0.593507,0.811887,0.505705,RK2
22.9965,-0.486796,0.880059,0.505737,RK2
23.1221,-0.372361,0.934283,0.505768,RK2
23.2478,-0.252015,0.973698,0.5058,RK2
23.3734,-0.127667,0.997679,0.505831,RK2
23.4991,-0.00128678,1.00584,0.505863,RK2
23.6248,0.125122,0.998065,0.505894,RK2
23.7504,0.249554,0.974461,0.505926,RK2
23.8761,0.370038,0.935407,0.505958,RK2
24.0018,0.484663,0.881521,0.505989,RK2
24.1274,0.591612,0.813656,0.506021,RK2
24.2531,0.689188,0.732888,0.506052,RK2
24.3788,0.775843,0.640495,0.506084,RK2
24.5044,0.850205,0.537943,0.506115,RK2
24.6301,0.911092,0.426856,0.506147,RK2
24.7558,0.957538,0.308994,0.506178,RK2
24.8814,0.988807,0.186227,0.50621,RK2
25.0071,1.0044,0.0604991,0.506241,RK2
25.1327,1.00407,-0.0661954,0.506273,RK2
25.2584,0.987828,-0.191848,0.506305,RK2
25.3841,0.95592,-0.314468,0.506336,RK2
25.5097,0.908855,-0.432109,0.506368,RK2
25.6354,0.847378,-0.542907,0.506399,RK2
25.7611,0.772464,-0.645106,0.506431,RK2
25.8867,0.685298,-0.737083,0.506462,RK2
26.0124,0.587263,-0.81738,0.506494,RK2
26.1381,0.479911,-0.884724,0.506526,RK2
26.2637,0.364944,-0.938046,0.506557,RK2
26.3894,0.244184,-0.9765,0.506589,RK2
26.515,0.119546,-0.999475,0.50662,RK2
26.6407,-0.00699567,-1.00661,0.506652,RK2
26.7664,-0.133434,-0.997779,0.506683,RK2
26.892,-0.257765,-0.973133,0.506715,RK2
27.0177,-0.378017,-0.933057,0.506747,RK2
27.1434,-0.492284,-0.878187,0.506778,RK2
27.269,-0.598754,-0.809391,0.50681,RK2
27.3947,-0.695737,-0.727759,0.506841,RK2
27.5204,-0.781697,-0.634584,0.506873,RK2
27.646,-0.855269,-0.531342,0.506905,RK2
27.7717,-0.915286,-0.419671,0.506936,RK2
27.8973,-0.960797,-0.301339,0.506968,RK2
28.023,-0.991078,-0.178222,0.506999,RK2
28.1487,-1.00565,-0.0522727,0.507031,RK2
28.2743,-1.00428,0.0745136,0.507063,RK2
28.4,-0.986984,0.200127,0.507094,RK2
28.5257,-0.954043,0.322574,0.507126,RK2
28.6513,-0.905974,0.439916,0.507157,RK2
28.777,-0.843539,0.550291,0.507189,RK2
28.9027,-0.767727,0.651948,0.507221,RK2
29.0283,-0.679739,0.743276,0.507252,RK2
29.154,-0.58097,0.822826,0.507284,RK2
29.2796,-0.472983,0.889336,0.507316,RK2
29.4053,-0.357491,0.941751,0.507347,RK2
29.531,-0.236325,0.979239,0.507379,RK2
29.6566,-0.111404,1.0012,0.50741,RK2
29.7823,0.0152906,1.0073,0.507442,RK2
29.908,0.141751,0.997424,0.507474,RK2
30.0336,0.265971,0.971736,0.507505,RK2
30.1593,0.385983,0.93064,0.507537,RK2
30.285,0.499883,0.874788,0.507569,RK2
30.4106,0.605866,0.805064,0.5076,RK2
30.5363,0.702249,0.722572,0.507632,RK2
30.6619,0.787505,0.628619,0.507664,RK2
30.7876,0.860282,0.524695,0.507695,RK2
30.9133,0.919425,0.412446,0.507727,RK2
31.0389,0.963995,0.293651,0.507759,RK2
31.1646,0.993285,0.170193,0.50779,RK2
31.2903,1.00683,0.0440299,0.507822,RK2
31.4159,1.00441,-0.0828397,0.507854,RK2
31.5416,0.986072,-0.208404,0.507885,RK2
31.6673,0.952098,-0.330672,0.507917,RK2
31.7929,0.903027,-0.447705,0.507949,RK2
31.9186,0.839636,-0.557648,0.50798,RK2
32.0442,0.762931,-0.658757,0.508012,RK2
32.1699,0.674125,-0.749428,0.508044,RK2
32.2956,0.574627,-0.828224,0.508075,RK2
32.4212,0.466012,-0.893894,0.508107,RK2
32.5469,0.350002,-0.945397,0.508139,RK2
32.6726,0.228437,-0.981915,0.50817,RK2
32.7982,0.103242,-1.00287,0.508202,RK2
32.9239,-0.0235973,-1.00792,0.508234,RK2
33.0496,-0.15007,-0.997,0.508265,RK2
33.1752,-0.274172,-0.97027,0.508297,RK2
33.3009,-0.393935,-0.928155,0.508329,RK2
33.4265,-0.50746,-0.871324,0.50836,RK2
33.5522,-0.612947,-0.800675,0.508392,RK2
33.6779,-0.708723,-0.717327,0.508424,RK2
33.8035,-0.79327,-0.622603,0.508455,RK2
33.9292,-0.865245,-0.518002,0.508487,RK2
34.0549,-0.923507,-0.405182,0.508519,RK2
34.1805,-0.967132,-0.285931,0.508551,RK2
34.3062,-0.995427,-0.16214,0.508582,RK2
34.4319,-1.00794,-0.0357712,0.508614,RK2
34.5575,-1.00448,0.0911731,0.508646,RK2
34.6832,-0.985091,0.21668,0.508677,RK2
34.8088,-0.950084,0.338759,0.508709,RK2
34.9345,-0.900013,0.455476,0.508741,RK2
35.0602,-0.83567,0.564978,0.508772,RK2
35.1858,-0.758075,0.665531,0.508804,RK2
35.3115,-0.668456,0.755538,0.508836,RK2
35.4372,-0.568234,0.833574,0.508868,RK2
35.5628,-0.458998,0.898398,0.508899,RK2
35.6885,-0.342478,0.948984,0.508931,RK2
35.8142,-0.220521,0.984528,0.508963,RK2
35.9398,-0.0950601,1.00447,0.508995,RK2
36.0655,0.0319155,1.00848,0.509026,RK2
36.1911,0.158393,0.996508,0.509058,RK2
36.3168,0.282367,0.968735,0.50909,RK2
36.4425,0.401873,0.925603,0.509121,RK2
36.5681,0.515014,0.867794,0.509153,RK2
36.6938,0.619998,0.796224,0.509185,RK2
36.8195,0.715159,0.712026,0.509217,RK2
36.9451,0.798988,0.616534,0.509248,RK2
37.0708,0.870156,0.511263,0.50928,RK2
37.1965,0.927532,0.397879,0.509312,RK2
37.3221,0.970208,0.27818,0.509344,RK2
37.4478,0.997505,0.154064,0.509375,RK2
37.5734,1.00899,0.0274972,0.509407,RK2
37.6991,1.00448,-0.0995132,0.509439,RK2
37.8248,0.984041,-0.224954,0.509471,RK2
37.9504,0.948003,-0.346836,0.509502,RK2
38.0761,0.896933,-0.463227,0.509534,RK2
38.2018,0.831641,-0.572281,0.509566,RK2
38.3274,0.753159,-0.67227,0.509598,RK2
38.4531,0.662732,-0.761607,0.50963,RK2
38.5788,0.561793,-0.838875,0.509661,RK2
38.7044,0.451942,-0.902848,0.509693,RK2
38.8301,0.334918,-0.952512,0.509725,RK2
38.9557,0.212577,-0.987079,0.509757,RK2
39.0814,0.0868589,-1.006,0.509788,RK2
39.2071,-0.0402444,-1.00897,0.50982,RK2
39.3327,-0.166718,-0.995946,0.509852,RK2
39.4584,-0.290556,-0.967132,0.509884,RK2
39.5841,-0.409795,-0.922984,0.509916,RK2
39.7097,-0.522545,-0.8642,0.509947,RK2
39.8354,-0.627018,-0.791712,0.509979,RK2
39.9611,-0.721556,-0.706667,0.510011,RK2
40.0867,-0.804661,-0.610414,0.510043,RK2
40.2124,-0.875015,-0.504478,0.510075,RK2
40.338,-0.931501,-0.390537,0.510106,RK2
40.4637,-0.973222,-0.270398,0.510138,RK2
40.5894,-0.999517,-0.145964,0.51017,RK2
40.715,-1.00997,-0.0192084,0.510202,RK2
40.8407,-1.00441,0.10786,0.510234,RK2
40.9664,-0.982922,0.233225,0.510265,RK2
41.092,-0.945854,0.354902,0.510297,RK2
41.2177,-0.893787,0.470959,0.510329,RK2
41.3434,-0.827548,0.579557,0.510361,RK2
41.469,-0.748184,0.678974,0.510393,RK2
41.5947,-0.656955,0.767632,0.510424,RK2
41.7204,-0.555304,0.844127,0.510456,RK2
41.846,-0.444843,0.907243,0.510488,RK2
41.9717,-0.327323,0.955981,0.51052,RK2
42.0973,-0.204607,0.989565,0.510552,RK2
42.223,-0.078639,1.00746,0.510584,RK2
42.3487,0.0485835,1.00939,0.510615,RK2
42.4743,0.175044,0.995316,0.510647,RK2
42.6,0.298737,0.965461,0.510679,RK2
42.7257,0.417701,0.920297,0.510711,RK2
42.8513,0.530051,0.860541,0.510743,RK2
42.977,0.634005,0.787138,0.510775,RK2
43.1027,0.727914,0.701252,0.510806,RK2
43.2283,0.810288,0.604243,0.510838,RK2
43.354,0.879822,0.497648,0.51087,RK2
43.4796,0.935411,0.383157,0.510902,RK2
43.6053,0.976175,0.262584,0.510934,RK2
43.731,1.00146,0.137841,0.510966,RK2
43.8566,1.01088,0.0109053,0.510998,RK2
43.9823,1.00427,-0.116212,0.511029,RK2
44.108,0.981735,-0.241494,0.511061,RK2
44.2336,0.943636,-0.362956,0.511093,RK2
44.3593,0.890575,-0.478671,0.511125,RK2
44.485,0.823392,-0.586804,0.511157,RK2
44.6106,0.743151,-0.685642,0.511189,RK2
44.7363,0.651123,-0.773615,0.511221,RK2
44.8619,0.548766,-0.849329,0.511252,RK2
44.9876,0.437704,-0.911583,0.511284,RK2
45.1133,0.319695,-0.959389,0.511316,RK2
45.2389,0.19661,-0.991988,0.511348,RK2
45.3646,0.0704009,-1.00886,0.51138,RK2
45.4903,-0.0569324,-1.00974,0.511412,RK2
45.6159,-0.183371,-0.994617,0.511444,RK2
45.7416,-0.30691,-0.96372,0.511476,RK2
45.8673,-0.425592,-0.917544,0.511507,RK2
45.9929,-0.537533,-0.856818,0.511539,RK2
46.1186,-0.64096,-0.782504,0.511571,RK2
46.2442,-0.734232,-0.69578,0.511603,RK2
46.3699,-0.815869,-0.59802,0.511635,RK2
46.4956,-0.884576,-0.490773,0.511667,RK2
46.6212,-0.939264,-0.375739,0.511699,RK2
46.7469,-0.979065,-0.254741,0.511731,RK2
46.8726,-1.00335,-0.129697,0.511763,RK2
46.9982,-1.01172,-0.00258861,0.511795,RK2
47.1239,-1.00406,0.124569,0.511826,RK2
47.2496,-0.980478,0.249759,0.511858,RK2
47.3752,-0.941351,0.370997,0.51189,RK2
47.5009,-0.887297,0.486362,0.511922,RK2
47.6265,-0.819173,0.594023,0.511954,RK2
47.7522,-0.738058,0.692273,0.511986,RK2
47.8779,-0.645237,0.779554,0.512018,RK2
48.0035,-0.542181,0.854482,0.51205,RK2
48.1292,-0.430523,0.915868,0.512082,RK2
48.2549,-0.312032,0.962737,0.512114,RK2
48.3805,-0.188587,0.994347,0.512146,RK2
48.5062,-0.0621451,1.01019,0.512178,RK2
48.6319,0.0652903,1.01003,0.512209,RK2
48.7575,0.191699,0.993848,0.512241,RK2
48.8832,0.315076,0.961912,0.512273,RK2
49.0088,0.433465,0.914723,0.512305,RK2
49.1345,0.54499,0.85303,0.512337,RK2
49.2602,0.647882,0.777809,0.512369,RK2
49.3858,0.740509,0.690252,0.512401,RK2
49.5115,0.821402,0.591747,0.512433,RK2
49.6372,0.889278,0.483855,0.512465,RK2
49.7628,0.943059,0.368284,0.512497,RK2
49.8885,0.981893,0.246868,0.512529,RK2
50.0142,1.00516,0.121531,0.512561,RK2
50.1398,1.0125,-0.00574127,0.512593,RK2
50.2655,1.00378,-0.13293,0.512625,RK2
50.3911,0.979152,-0.25802,0.512657,RK2
50.5168,0.938998,-0.379026,0.512689,RK2
50.6425,0.883954,-0.494032,0.512721,RK2
50.7681,0.814892,-0.601212,0.512753,RK2
50.8938,0.732908,-0.698867,0.512785,RK2
51.0195,0.639299,-0.785449,0.512817,RK2
51.1451,0.535549,-0.859584,0.512848,RK2
51.2708,0.423302,-0.920096,0.51288,RK2
51.3965,0.304337,-0.966025,0.512912,RK2
51.5221,0.180539,-0.996642,0.512944,RK2
51.6478,0.0538723,-1.01146,0.512976,RK2
51.7734,-0.0736569,-1.01024,0.513008,RK2
51.8991,-0.200026,-0.993011,0.51304,RK2
52.0248,-0.323232,-0.960034,0.513072,RK2
52.1504,-0.441322,-0.911835,0.513104,RK2
52.2761,-0.552422,-0.849178,0.513136,RK2
52.4018,-0.654771,-0.773054,0.513168,RK2
52.5274,-0.746746,-0.684669,0.5132,RK2
52.6531,-0.826888,-0.585424,0.513232,RK2
52.7788,-0.893925,-0.476892,0.513264,RK2
52.9044,-0.946795,-0.360793,0.513296,RK2
53.0301,-0.984658,-0.238966,0.513328,RK2
53.1557,-1.00691,-0.113344,0.51336,RK2
53.2814,-1.01321,0.0140838,0.513392,RK2
53.4071,-1.00344,0.141296,0.513424,RK2
53.5327,-0.977758,0.266276,0.513456,RK2
53.6584,-0.936576,0.387042,0.513488,RK2
53.7841,-0.880544,0.50168,0.51352,RK2
53.9097,-0.810549,0.608371,0.513552,RK2
54.0354,-0.727699,0.705424,0.513584,RK2
54.1611,-0.633307,0.7913,0.513616,RK2
54.2867,-0.528869,0.864635,0.513648,RK2
54.4124,-0.41604,0.924268,0.51368,RK2
54.538,-0.296608,0.969252,0.513712,RK2
54.6637,-0.172466,0.998871,0.513744,RK2
54.7894,-0.0455828,1.01266,0.513776,RK2
54.915,0.0820314,1.01039,0.513808,RK2
55.0407,0.208353,0.992104,0.513841,RK2
55.1664,0.331379,0.958088,0.513873,RK2
55.292,0.44916,0.908881,0.513905,RK2
55.4177,0.559827,0.845262,0.513937,RK2
55.5434,0.661625,0.768238,0.513969,RK2
55.669,0.752941,0.67903,0.514001,RK2
55.7947,0.832325,0.579051,0.514033,RK2
55.9203,0.898519,0.469886,0.514065,RK2
56.046,0.950472,0.353265,0.514097,RK2
56.1717,0.98736,0.231035,0.514129,RK2
56.2973,1.0086,0.105136,0.514161,RK2
56.423,1.01385,-0.0224383,0.514193,RK2
56.5487,1.00302,-0.149665,0.514225,RK2
56.6743,0.976294,-0.274526,0.514257,RK2
56.8,0.934087,-0.395043,0.514289,RK2
56.9257,0.877069,-0.509305,0.514321,RK2
57.0513,0.806143,-0.6155,0.514353,RK2
57.177,0.722432,-0.711943,0.514385,RK2
57.3027,0.627263,-0.797105,0.514417,RK2
57.4283,0.522143,-0.869635,0.51445,RK2
57.554,0.408739,-0.928384,0.514482,RK2
57.6796,0.288847,-0.972417,0.514514,RK2
57.8053,0.164369,-1.00104,0.514546,RK2
57.931,0.0372773,-1.01379,0.514578,RK2
58.0566,-0.0904134,-1.01047,0.51461,RK2
58.1823,-0.216679,-0.991128,0.514642,RK2
58.308,-0.339517,-0.956074,0.514674,RK2
58.4336,-0.45698,-0.90586,0.514706,RK2
58.5593,-0.567205,-0.841282,0.514738,RK2
58.685,-0.668445,-0.763362,0.51477,RK2
58.8106,-0.759094,-0.673335,0.514802,RK2
58.9363,-0.837715,-0.572628,0.514835,RK2
59.0619,-0.903059,-0.462837,0.514867,RK2
59.1876,-0.95409,-0.345701,0.514899,RK2
59.3133,-0.989999,-0.223077,0.514931,RK2
59.4389,-1.01022,-0.0969082,0.514963,RK2
59.5646,-1.01442,0.0308043,0.514995,RK2
59.6903,-1.00254,0.158036,0.515027,RK2
59.8159,-0.974761,0.282771,0.515059,RK2
59.9416,-0.931531,0.40303,0.515091,RK2
60.0673,-0.873529,0.516908,0.515123,RK2
60.1929,-0.801675,0.622597,0.515156,RK2
60.3186,-0.717108,0.718423,0.515188,RK2
60.4442,-0.621166,0.802865,0.51522,RK2
60.5699,-0.515371,0.874584,0.515252,RK2
60.6956,-0.401398,0.932442,0.515284,RK2
60.8212,-0.281054,0.975521,0.515316,RK2
60.9469,-0.156248,1.00314,0.515348,RK2
61.0726,-0.0289562,1.01485,0.51538,RK2
61.1982,0.0988023,1.01048,0.515413,RK2
61.3239,0.225002,0.990082,0.515445,RK2
61.4496,0.347643,0.95399,0.515477,RK2
61.5752,0.46478,0.902772,0.515509,RK2
61.7009,0.574556,0.837238,0.515541,RK2
61.8265,0.67523,0.758426,0.515573,RK2
61.9522,0.765205,0.667586,0.515605,RK2
62.0779,0.843055,0.566157,0.515637,RK2
62.2035,0.907544,0.455745,0.51567,RK2
62.3292,0.957649,0.338101,0.515702,RK2
62.4549,0.992575,0.21509,0.515734,RK2
62.5805,1.01177,0.0886611,0.515766,RK2
62.7062,1.01492,-0.0391813,0.515798,RK2
0.125664,0.992115,-0.125333,0.5,RK4
0.251327,0.968583,-0.248689,0.5,RK4
0.376991,0.929777,-0.368124,0.5,RK4
0.502655,0.876307,-0.481753,0.5,RK4
0.628319,0.809018,-0.587784,0.5,RK4
0.753982,0.72897,-0.684546,0.5,RK4
0.879646,0.637425,-0.770512,0.5,RK4
1.00531,0.535828,-0.844327,0.5,RK4
1.13097,0.425781,-0.904826,0.5,RK4
1.25664,0.309019,-0.951055,0.5,RK4
1.3823,0.187384,-0.982286,0.5,RK4
1.50796,0.0627936,-0.998026,0.5,RK4
1.63363,-0.0627871,-0.998027,0.5,RK4
1.75929,-0.187378,-0.982288,0.5,RK4
1.88496,-0.309013,-0.951057,0.5,RK4
2.01062,-0.425775,-0.904828,0.5,RK4
2.13628,-0.535823,-0.84433,0.5,RK4
2.26195,-0.63742,-0.770516,0.5,RK4
2.38761,-0.728965,-0.68455,0.499999,RK4
2.51327,-0.809014,-0.587789,0.499999,RK4
2.63894,-0.876304,-0.481758,0.499999,RK4
2.7646,-0.929774,-0.36813,0.499999,RK4
2.89027,-0.968581,-0.248696,0.499999,RK4
3.01593,-0.992113,-0.125339,0.499999,RK4
3.14159,-0.999999,-6.49163e-06,0.499999,RK4
3.26726,-0.992115,0.125326,0.499999,RK4
3.39292,-0.968584,0.248683,0.499999,RK4
3.51858,-0.929778,0.368118,0.499999,RK4
3.64425,-0.87631,0.481747,0.499999,RK4
3.76991,-0.809021,0.587778,0.499999,RK4
3.89557,-0.728974,0.684541,0.499999,RK4
4.02124,-0.63743,0.770507,0.499999,RK4
4.1469,-0.535834,0.844323,0.499999,RK4
4.27257,-0.425787,0.904822,0.499999,RK4
4.39823,-0.309025,0.951053,0.499999,RK4
4.52389,-0.18739,0.982285,0.499999,RK4
4.64956,-0.0628,0.998025,0.499999,RK4
4.77522,0.0627806,0.998026,0.499999,RK4
4.90088,0.187371,0.982288,0.499999,RK4
5.02655,0.309007,0.951059,0.499999,RK4
5.15221,0.425769,0.904831,0.499999,RK4
5.27788,0.535817,0.844333,0.499999,RK4
5.40354,0.637415,0.770519,0.499999,RK4
5.5292,0.72896,0.684555,0.499999,RK4
5.65487,0.809009,0.587794,0.499999,RK4
5.78053,0.8763,0.481764,0.499999,RK4
5.90619,0.929771,0.368135,0.499999,RK4
6.03186,0.968579,0.248702,0.499999,RK4
6.15752,0.992112,0.125346,0.499999,RK4
6.28319,0.999999,1.29833e-05,0.499999,RK4
6.40885,0.992115,-0.12532,0.499999,RK4
6.53451,0.968585,-0.248676,0.499999,RK4
6.66018,0.92978,-0.368111,0.499999,RK4
6.78584,0.876312,-0.481741,0.499999,RK4
6.9115,0.809024,-0.587773,0.499998,RK4
7.03717,0.728977,-0.684535,0.499998,RK4
7.16283,0.637434,-0.770503,0.499998,RK4
7.28849,0.535839,-0.844319,0.499998,RK4
7.41416,0.425792,-0.904819,0.499998,RK4
7.53982,0.309031,-0.95105,0.499998,RK4
7.66549,0.187397,-0.982283,0.499998,RK4
7.79115,0.0628065,-0.998024,0.499998,RK4
7.91681,-0.0627741,-0.998026,0.499998,RK4
8.04248,-0.187365,-0.982289,0.499998,RK4
8.16814,-0.309,-0.95106,0.499998,RK4
8.2938,-0.425763,-0.904833,0.499998,RK4
8.41947,-0.535811,-0.844336,0.499998,RK4
8.54513,-0.637409,-0.770523,0.499998,RK4
8.6708,-0.728955,-0.684559,0.499998,RK4
8.79646,-0.809005,-0.587799,0.499998,RK4
8.92212,-0.876296,-0.481769,0.499998,RK4
9.04779,-0.929768,-0.368141,0.499998,RK4
9.17345,-0.968577,-0.248708,0.499998,RK4
9.29911,-0.99211,-0.125352,0.499998,RK4
9.42478,-0.999998,-1.94749e-05,0.499998,RK4
9.55044,-0.992115,0.125313,0.499998,RK4
9.67611,-0.968586,0.24867,0.499998,RK4
9.80177,-0.929782,0.368105,0.499998,RK4
9.92743,-0.876315,0.481735,0.499998,RK4
10.0531,-0.809027,0.587767,0.499998,RK4
10.1788,-0.728981,0.68453,0.499998,RK4
10.3044,-0.637439,0.770498,0.499998,RK4
10.4301,-0.535844,0.844314,0.499998,RK4
10.5558,-0.425798,0.904816,0.499998,RK4
10.6814,-0.309037,0.951047,0.499998,RK4
10.8071,-0.187403,0.982281,0.499998,RK4
10.9327,-0.0628129,0.998023,0.499998,RK4
11.0584,0.0627676,0.998026,0.499998,RK4
11.1841,0.187358,0.982289,0.499998,RK4
11.3097,0.308994,0.951061,0.499998,RK4
11.4354,0.425757,0.904835,0.499998,RK4
11.5611,0.535805,0.844339,0.499997,RK4
11.6867,0.637404,0.770527,0.499997,RK4
11.8124,0.72895,0.684563,0.499997,RK4
11.9381,0.809,0.587804,0.499997,RK4
12.0637,0.876292,0.481774,0.499997,RK4
12.1894,0.929765,0.368147,0.499997,RK4
12.315,0.968574,0.248714,0.499997,RK4
12.4407,0.992109,0.125358,0.499997,RK4
12.5664,0.999997,2.59665e-05,0.499997,RK4
12.692,0.992115,-0.125307,0.499997,RK4
12.8177,0.968587,-0.248664,0.499997,RK4
12.9434,0.929784,-0.368099,0.499997,RK4
13.069,0.876317,-0.481729,0.499997,RK4
13.1947,0.809031,-0.587762,0.499997,RK4
13.3204,0.728985,-0.684525,0.499997,RK4
13.446,0.637444,-0.770493,0.499997,RK4
13.5717,0.535849,-0.84431,0.499997,RK4
13.6973,0.425804,-0.904812,0.499997,RK4
13.823,0.309043,-0.951045,0.499997,RK4
13.9487,0.187409,-0.982279,0.499997,RK4
14.0743,0.0628194,-0.998022,0.499997,RK4
14.2,-0.062761,-0.998025,0.499997,RK4
14.3257,-0.187352,-0.98229,0.499997,RK4
14.4513,-0.308988,-0.951063,0.499997,RK4
14.577,-0.425751,-0.904837,0.499997,RK4
14.7027,-0.535799,-0.844342,0.499997,RK4
14.8283,-0.637398,-0.77053,0.499997,RK4
14.954,-0.728945,-0.684567,0.499997,RK4
15.0796,-0.808996,-0.587809,0.499997,RK4
15.2053,-0.876289,-0.48178,0.499997,RK4
15.331,-0.929762,-0.368153,0.499997,RK4
15.4566,-0.968572,-0.24872,0.499997,RK4
15.5823,-0.992107,-0.125365,0.499997,RK4
15.708,-0.999997,-3.24581e-05,0.499997,RK4
15.8336,-0.992115,0.1253,0.499997,RK4
15.9593,-0.968588,0.248657,0.499997,RK4
16.085,-0.929785,0.368092,0.499997,RK4
16.2106,-0.87632,0.481723,0.499996,RK4
16.3363,-0.809034,0.587756,0.499996,RK4
16.4619,-0.728989,0.68452,0.499996,RK4
16.5876,-0.637448,0.770489,0.499996,RK4
16.7133,-0.535854,0.844306,0.499996,RK4
16.8389,-0.425809,0.904809,0.499996,RK4
16.9646,-0.309049,0.951042,0.499996,RK4
17.0903,-0.187415,0.982277,0.499996,RK4
17.2159,-0.0628258,0.998021,0.499996,RK4
17.3416,0.0627545,0.998025,0.499996,RK4
17.4673,0.187345,0.98229,0.499996,RK4
17.5929,0.308981,0.951064,0.499996,RK4
17.7186,0.425745,0.904839,0.499996,RK4
17.8442,0.535794,0.844344,0.499996,RK4
17.9699,0.637393,0.770534,0.499996,RK4
18.0956,0.72894,0.684572,0.499996,RK4
18.2212,0.808992,0.587813,0.499996,RK4
18.3469,0.876285,0.481785,0.499996,RK4
18.4726,0.929759,0.368159,0.499996,RK4
18.5982,0.96857,0.248726,0.499996,RK4
18.7239,0.992106,0.125371,0.499996,RK4
18.8496,0.999996,3.89497e-05,0.499996,RK4
18.9752,0.992116,-0.125294,0.499996,RK4
19.1009,0.968589,-0.248651,0.499996,RK4
19.2265,0.929787,-0.368086,0.499996,RK4
19.3522,0.876322,-0.481717,0.499996,RK4
19.4779,0.809037,-0.58775,0.499996,RK4
19.6035,0.728993,-0.684515,0.499996,RK4
19.7292,0.637453,-0.770484,0.499996,RK4
19.8549,0.535859,-0.844302,0.499996,RK4
19.9805,0.425815,-0.904806,0.499996,RK4
20.1062,0.309055,-0.95104,0.499996,RK4
20.2319,0.187422,-0.982275,0.499996,RK4
20.3575,0.0628322,-0.99802,0.499996,RK4
20.4832,-0.062748,-0.998025,0.499996,RK4
20.6088,-0.187339,-0.982291,0.499996,RK4
20.7345,-0.308975,-0.951065,0.499995,RK4
20.8602,-0.425738,-0.904841,0.499995,RK4
20.9858,-0.535788,-0.844347,0.499995,RK4
21.1115,-0.637387,-0.770538,0.499995,RK4
21.2372,-0.728935,-0.684576,0.499995,RK4
21.3628,-0.808987,-0.587818,0.499995,RK4
21.4885,-0.876281,-0.48179,0.499995,RK4
21.6142,-0.929756,-0.368164,0.499995,RK4
21.7398,-0.968567,-0.248732,0.499995,RK4
21.8655,-0.992104,-0.125377,0.499995,RK4
21.9911,-0.999995,-4.54413e-05,0.499995,RK4
22.1168,-0.992116,0.125287,0.499995,RK4
22.2425,-0.96859,0.248644,0.499995,RK4
22.3681,-0.929789,0.36808,0.499995,RK4
22.4938,-0.876325,0.481711,0.499995,RK4
22.6195,-0.80904,0.587745,0.499995,RK4
22.7451,-0.728997,0.684509,0.499995,RK4
22.8708,-0.637457,0.770479,0.499995,RK4
22.9965,-0.535864,0.844298,0.499995,RK4
23.1221,-0.42582,0.904802,0.499995,RK4
23.2478,-0.309061,0.951037,0.499995,RK4
23.3734,-0.187428,0.982273,0.499995,RK4
23.4991,-0.0628387,0.998019,0.499995,RK4
23.6248,0.0627415,0.998025,0.499995,RK4
23.7504,0.187332,0.982291,0.499995,RK4
23.8761,0.308968,0.951067,0.499995,RK4
24.0018,0.425732,0.904843,0.499995,RK4
24.1274,0.535782,0.84435,0.499995,RK4
24.2531,0.637382,0.770541,0.499995,RK4
24.3788,0.72893,0.68458,0.499995,RK4
24.5044,0.808983,0.587823,0.499995,RK4
24.6301,0.876277,0.481796,0.499995,RK4
24.7558,0.929753,0.36817,0.499995,RK4
24.8814,0.968565,0.248738,0.499995,RK4
25.0071,0.992103,0.125384,0.499995,RK4
25.1327,0.999995,5.19328e-05,0.499995,RK4
25.2584,0.992116,-0.125281,0.499995,RK4
25.3841,0.968591,-0.248638,0.499994,RK4
25.5097,0.929791,-0.368074,0.499994,RK4
25.6354,0.876327,-0.481705,0.499994,RK4
25.7611,0.809044,-0.587739,0.499994,RK4
25.8867,0.729001,-0.684504,0.499994,RK4
26.0124,0.637462,-0.770475,0.499994,RK4
26.1381,0.535869,-0.844294,0.499994,RK4
26.2637,0.425826,-0.904799,0.499994,RK4
26.3894,0.309067,-0.951034,0.499994,RK4
26.515,0.187434,-0.982271,0.499994,RK4
26.6407,0.0628451,-0.998017,0.499994,RK4
26.7664,-0.062735,-0.998024,0.499994,RK4
26.892,-0.187326,-0.982292,0.499994,RK4
27.0177,-0.308962,-0.951068,0.499994,RK4
27.1434,-0.425726,-0.904846,0.499994,RK4
27.269,-0.535776,-0.844353,0.499994,RK4
27.3947,-0.637377,-0.770545,0.499994,RK4
27.5204,-0.728925,-0.684584,0.499994,RK4
27.646,-0.808979,-0.587828,0.499994,RK4
27.7717,-0.876274,-0.481801,0.499994,RK4
27.8973,-0.92975,-0.368176,0.499994,RK4
28.023,-0.968563,-0.248744,0.499994,RK4
28.1487,-0.992101,-0.12539,0.499994,RK4
28.2743,-0.999994,-5.84244e-05,0.499994,RK4
28.4,-0.992116,0.125274,0.499994,RK4
28.5257,-0.968592,0.248631,0.499994,RK4
28.6513,-0.929792,0.368067,0.499994,RK4
28.777,-0.87633,0.481699,0.499994,RK4
28.9027,-0.809047,0.587733,0.499994,RK4
29.0283,-0.729005,0.684499,0.499994,RK4
29.154,-0.637466,0.77047,0.499994,RK4
29.2796,-0.535874,0.84429,0.499994,RK4
29.4053,-0.425832,0.904795,0.499994,RK4
29.531,-0.309073,0.951032,0.499994,RK4
29.6566,-0.18744,0.982269,0.499994,RK4
29.7823,-0.0628515,0.998016,0.499994,RK4
29.908,0.0627284,0.998024,0.499994,RK4
30.0336,0.187319,0.982292,0.499993,RK4
30.1593,0.308956,0.95107,0.499993,RK4
30.285,0.42572,0.904848,0.499993,RK4
30.4106,0.53577,0.844356,0.499993,RK4
30.5363,0.637371,0.770548,0.499993,RK4
30.6619,0.72892,0.684589,0.499993,RK4
30.7876,0.808974,0.587833,0.499993,RK4
30.9133,0.87627,0.481806,0.499993,RK4
31.0389,0.929747,0.368182,0.499993,RK4
31.1646,0.968561,0.248751,0.499993,RK4
31.2903,0.9921,0.125397,0.499993,RK4
31.4159,0.999993,6.49159e-05,0.499993,RK4
31.5416,0.992116,-0.125268,0.499993,RK4
31.6673,0.968593,-0.248625,0.499993,RK4
31.7929,0.929794,-0.368061,0.499993,RK4
31.9186,0.876332,-0.481693,0.499993,RK4
32.0442,0.80905,-0.587728,0.499993,RK4
32.1699,0.729009,-0.684494,0.499993,RK4
32.2956,0.637471,-0.770465,0.499993,RK4
32.4212,0.53588,-0.844286,0.499993,RK4
32.5469,0.425837,-0.904792,0.499993,RK4
32.6726,0.309079,-0.951029,0.499993,RK4
32.7982,0.187447,-0.982268,0.499993,RK4
32.9239,0.062858,-0.998015,0.499993,RK4
33.0496,-0.0627219,-0.998024,0.499993,RK4
33.1752,-0.187313,-0.982293,0.499993,RK4
33.3009,-0.308949,-0.951071,0.499993,RK4
33.4265,-0.425714,-0.90485,0.499993,RK4
33.5522,-0.535764,-0.844359,0.499993,RK4
33.6779,-0.637366,-0.770552,0.499993,RK4
33.8035,-0.728915,-0.684593,0.499993,RK4
33.9292,-0.80897,-0.587838,0.499993,RK4
34.0549,-0.876266,-0.481812,0.499993,RK4
34.1805,-0.929744,-0.368187,0.499993,RK4
34.3062,-0.968558,-0.248757,0.499993,RK4
34.4319,-0.992098,-0.125403,0.499993,RK4
34.5575,-0.999992,-7.14075e-05,0.499992,RK4
34.6832,-0.992116,0.125261,0.499992,RK4
34.8088,-0.968594,0.248618,0.499992,RK4
34.9345,-0.929796,0.368055,0.499992,RK4
35.0602,-0.876335,0.481687,0.499992,RK4
35.1858,-0.809054,0.587722,0.499992,RK4
35.3115,-0.729013,0.684489,0.499992,RK4
35.4372,-0.637476,0.770461,0.499992,RK4
35.5628,-0.535885,0.844282,0.499992,RK4
35.6885,-0.425843,0.904789,0.499992,RK4
35.8142,-0.309085,0.951026,0.499992,RK4
35.9398,-0.187453,0.982266,0.499992,RK4
36.0655,-0.0628644,0.998014,0.499992,RK4
36.1911,0.0627154,0.998024,0.499992,RK4
36.3168,0.187306,0.982294,0.499992,RK4
36.4425,0.308943,0.951072,0.499992,RK4
36.5681,0.425708,0.904852,0.499992,RK4
36.6938,0.535759,0.844362,0.499992,RK4
36.8195,0.63736,0.770556,0.499992,RK4
36.9451,0.728911,0.684597,0.499992,RK4
37.0708,0.808965,0.587842,0.499992,RK4
37.1965,0.876263,0.481817,0.499992,RK4
37.3221,0.929741,0.368193,0.499992,RK4
37.4478,0.968556,0.248763,0.499992,RK4
37.5734,0.992097,0.125409,0.499992,RK4
37.6991,0.999992,7.7899e-05,0.499992,RK4
37.8248,0.992116,-0.125255,0.499992,RK4
37.9504,0.968595,-0.248612,0.499992,RK4
38.0761,0.929798,-0.368048,0.499992,RK4
38.2018,0.876337,-0.481681,0.499992,RK4
38.3274,0.809057,-0.587716,0.499992,RK4
38.4531,0.729017,-0.684483,0.499992,RK4
38.5788,0.63748,-0.770456,0.499992,RK4
38.7044,0.53589,-0.844278,0.499992,RK4
38.8301,0.425848,-0.904785,0.499992,RK4
38.9557,0.309091,-0.951024,0.499992,RK4
39.0814,0.187459,-0.982264,0.499992,RK4
39.2071,0.0628708,-0.998013,0.499991,RK4
39.3327,-0.0627089,-0.998023,0.499991,RK4
39.4584,-0.1873,-0.982294,0.499991,RK4
39.5841,-0.308937,-0.951074,0.499991,RK4
39.7097,-0.425701,-0.904854,0.499991,RK4
39.8354,-0.535753,-0.844365,0.499991,RK4
39.9611,-0.637355,-0.770559,0.499991,RK4
40.0867,-0.728906,-0.684602,0.499991,RK4
40.2124,-0.808961,-0.587847,0.499991,RK4
40.338,-0.876259,-0.481822,0.499991,RK4
40.4637,-0.929738,-0.368199,0.499991,RK4
40.5894,-0.968554,-0.248769,0.499991,RK4
40.715,-0.992095,-0.125416,0.499991,RK4
40.8407,-0.999991,-8.43906e-05,0.499991,RK4
40.9664,-0.992116,0.125248,0.499991,RK4
41.092,-0.968596,0.248605,0.499991,RK4
41.2177,-0.9298,0.368042,0.499991,RK4
41.3434,-0.87634,0.481674,0.499991,RK4
41.469,-0.80906,0.587711,0.499991,RK4
41.5947,-0.729021,0.684478,0.499991,RK4
41.7204,-0.637485,0.770451,0.499991,RK4
41.846,-0.535895,0.844274,0.499991,RK4
41.9717,-0.425854,0.904782,0.499991,RK4
42.0973,-0.309097,0.951021,0.499991,RK4
42.223,-0.187465,0.982262,0.499991,RK4
42.3487,-0.0628773,0.998012,0.499991,RK4
42.4743,0.0627023,0.998023,0.499991,RK4
42.6,0.187293,0.982295,0.499991,RK4
42.7257,0.30893,0.951075,0.499991,RK4
42.8513,0.425695,0.904856,0.499991,RK4
42.977,0.535747,0.844368,0.499991,RK4
43.1027,0.637349,0.770563,0.499991,RK4
43.2283,0.728901,0.684606,0.499991,RK4
43.354,0.808957,0.587852,0.499991,RK4
43.4796,0.876255,0.481828,0.499991,RK4
43.6053,0.929735,0.368205,0.499991,RK4
43.731,0.968551,0.248775,0.499991,RK4
43.8566,0.992094,0.125422,0.49999,RK4
43.9823,0.99999,9.08821e-05,0.49999,RK4
44.108,0.992117,-0.125242,0.49999,RK4
44.2336,0.968597,-0.248599,0.49999,RK4
44.3593,0.929801,-0.368036,0.49999,RK4
44.485,0.876342,-0.481668,0.49999,RK4
44.6106,0.809063,-0.587705,0.49999,RK4
44.7363,0.729025,-0.684473,0.49999,RK4
44.8619,0.637489,-0.770447,0.49999,RK4
44.9876,0.5359,-0.84427,0.49999,RK4
45.1133,0.425859,-0.904778,0.49999,RK4
45.2389,0.309103,-0.951018,0.49999,RK4
45.3646,0.187472,-0.98226,0.49999,RK4
45.4903,0.0628837,-0.998011,0.49999,RK4
45.6159,-0.0626958,-0.998023,0.49999,RK4
45.7416,-0.187287,-0.982295,0.49999,RK4
45.8673,-0.308924,-0.951076,0.49999,RK4
45.9929,-0.425689,-0.904858,0.49999,RK4
46.1186,-0.535741,-0.844371,0.49999,RK4
46.2442,-0.637344,-0.770566,0.49999,RK4
46.3699,-0.728896,-0.68461,0.49999,RK4
46.4956,-0.808952,-0.587857,0.49999,RK4
46.6212,-0.876251,-0.481833,0.49999,RK4
46.7469,-0.929731,-0.368211,0.49999,RK4
46.8726,-0.968549,-0.248781,0.49999,RK4
46.9982,-0.992092,-0.125428,0.49999,RK4
47.1239,-0.99999,-9.73736e-05,0.49999,RK4
47.2496,-0.992117,0.125235,0.49999,RK4
47.3752,-0.968598,0.248593,0.49999,RK4
47.5009,-0.929803,0.368029,0.49999,RK4
47.6265,-0.876345,0.481662,0.49999,RK4
47.7522,-0.809067,0.587699,0.49999,RK4
47.8779,-0.729029,0.684468,0.49999,RK4
48.0035,-0.637494,0.770442,0.49999,RK4
48.1292,-0.535905,0.844266,0.49999,RK4
48.2549,-0.425865,0.904775,0.49999,RK4
48.3805,-0.309109,0.951016,0.499989,RK4
48.5062,-0.187478,0.982258,0.499989,RK4
48.6319,-0.0628901,0.99801,0.499989,RK4
48.7575,0.0626893,0.998022,0.499989,RK4
48.8832,0.18728,0.982296,0.499989,RK4
49.0088,0.308917,0.951078,0.499989,RK4
49.1345,0.425683,0.904861,0.499989,RK4
49.2602,0.535735,0.844373,0.499989,RK4
49.3858,0.637339,0.77057,0.499989,RK4
49.5115,0.728891,0.684614,0.499989,RK4
49.6372,0.808948,0.587862,0.499989,RK4
49.7628,0.876248,0.481839,0.499989,RK4
49.8885,0.929728,0.368216,0.499989,RK4
50.0142,0.968547,0.248787,0.499989,RK4
50.1398,0.992091,0.125435,0.499989,RK4
50.2655,0.999989,0.000103865,0.499989,RK4
50.3911,0.992117,-0.125229,0.499989,RK4
50.5168,0.968598,-0.248586,0.499989,RK4
50.6425,0.929805,-0.368023,0.499989,RK4
50.7681,0.876348,-0.481656,0.499989,RK4
50.8938,0.80907,-0.587694,0.499989,RK4
51.0195,0.729033,-0.684463,0.499989,RK4
51.1451,0.637498,-0.770437,0.499989,RK4
51.2708,0.53591,-0.844262,0.499989,RK4
51.3965,0.425871,-0.904772,0.499989,RK4
51.5221,0.309115,-0.951013,0.499989,RK4
51.6478,0.187484,-0.982256,0.499989,RK4
51.7734,0.0628966,-0.998009,0.499989,RK4
51.8991,-0.0626828,-0.998022,0.499989,RK4
52.0248,-0.187274,-0.982296,0.499989,RK4
52.1504,-0.308911,-0.951079,0.499989,RK4
52.2761,-0.425677,-0.904863,0.499989,RK4
52.4018,-0.535729,-0.844376,0.499989,RK4
52.5274,-0.637333,-0.770574,0.499989,RK4
52.6531,-0.728886,-0.684619,0.499989,RK4
52.7788,-0.808944,-0.587867,0.499989,RK4
52.9044,-0.876244,-0.481844,0.499989,RK4
53.0301,-0.929725,-0.368222,0.499988,RK4
53.1557,-0.968545,-0.248793,0.499988,RK4
53.2814,-0.992089,-0.125441,0.499988,RK4
53.4071,-0.999988,-0.000110357,0.499988,RK4
53.5327,-0.992117,0.125222,0.499988,RK4
53.6584,-0.968599,0.24858,0.499988,RK4
53.7841,-0.929807,0.368017,0.499988,RK4
53.9097,-0.87635,0.48165,0.499988,RK4
54.0354,-0.809073,0.587688,0.499988,RK4
54.1611,-0.729037,0.684457,0.499988,RK4
54.2867,-0.637503,0.770433,0.499988,RK4
54.4124,-0.535915,0.844258,0.499988,RK4
54.538,-0.425876,0.904768,0.499988,RK4
54.6637,-0.309121,0.95101,0.499988,RK4
54.7894,-0.18749,0.982254,0.499988,RK4
54.915,-0.062903,0.998008,0.499988,RK4
55.0407,0.0626763,0.998022,0.499988,RK4
55.1664,0.187267,0.982297,0.499988,RK4
55.292,0.308905,0.95108,0.499988,RK4
55.4177,0.425671,0.904865,0.499988,RK4
55.5434,0.535723,0.844379,0.499988,RK4
55.669,0.637328,0.770577,0.499988,RK4
55.7947,0.728881,0.684623,0.499988,RK4
55.9203,0.808939,0.587872,0.499988,RK4
56.046,0.87624,0.481849,0.499988,RK4
56.1717,0.929722,0.368228,0.499988,RK4
56.2973,0.968542,0.2488,0.499988,RK4
56.423,0.992088,0.125447,0.499988,RK4
56.5487,0.999988,0.000116848,0.499988,RK4
56.6743,0.992117,-0.125216,0.499988,RK4
56.8,0.9686,-0.248573,0.499988,RK4
56.9257,0.929808,-0.368011,0.499988,RK4
57.0513,0.876353,-0.481644,0.499988,RK4
57.177,0.809076,-0.587682,0.499988,RK4
57.3027,0.729041,-0.684452,0.499988,RK4
57.4283,0.637507,-0.770428,0.499988,RK4
57.554,0.535921,-0.844254,0.499988,RK4
57.6796,0.425882,-0.904765,0.499987,RK4
57.8053,0.309127,-0.951008,0.499987,RK4
57.931,0.187497,-0.982252,0.499987,RK4
58.0566,0.0629095,-0.998007,0.499987,RK4
58.1823,-0.0626697,-0.998022,0.499987,RK4
58.308,-0.187261,-0.982297,0.499987,RK4
58.4336,-0.308898,-0.951082,0.499987,RK4
58.5593,-0.425664,-0.904867,0.499987,RK4
58.685,-0.535718,-0.844382,0.499987,RK4
58.8106,-0.637322,-0.770581,0.499987,RK4
58.9363,-0.728876,-0.684627,0.499987,RK4
59.0619,-0.808935,-0.587876,0.499987,RK4
59.1876,-0.876236,-0.481855,0.499987,RK4
59.3133,-0.929719,-0.368234,0.499987,RK4
59.4389,-0.96854,-0.248806,0.499987,RK4
59.5646,-0.992086,-0.125454,0.499987,RK4
59.6903,-0.999987,-0.00012334,0.499987,RK4
59.8159,-0.992117,0.125209,0.499987,RK4
59.9416,-0.968601,0.248567,0.499987,RK4
60.0673,-0.92981,0.368004,0.499987,RK4
60.1929,-0.876355,0.481638,0.499987,RK4
60.3186,-0.80908,0.587677,0.499987,RK4
60.4442,-0.729045,0.684447,0.499987,RK4
60.5699,-0.637512,0.770423,0.499987,RK4
60.6956,-0.535926,0.84425,0.499987,RK4
60.8212,-0.425887,0.904762,0.499987,RK4
60.9469,-0.309133,0.951005,0.499987,RK4
61.0726,-0.187503,0.982251,0.499987,RK4
61.1982,-0.0629159,0.998006,0.499987,RK4
61.3239,0.0626632,0.998021,0.499987,RK4
61.4496,0.187254,0.982298,0.499987,RK4
61.5752,0.308892,0.951083,0.499987,RK4
61.7009,0.425658,0.904869,0.499987,RK4
61.8265,0.535712,0.844385,0.499987,RK4
61.9522,0.637317,0.770584,0.499987,RK4
62.0779,0.728871,0.684631,0.499987,RK4
62.2035,0.808931,0.587881,0.499986,RK4
62.3292,0.876233,0.48186,0.499986,RK4
62.4549,0.929716,0.36824,0.499986,RK4
62.5805,0.968538,0.248812,0.499986,RK4
62.7062,0.992085,0.12546,0.499986,RK4
0.125664,0.992104,-0.125664,0.500031,pVerlet
0.251327,0.968542,-0.249343,0.500123,pVerlet
0.376991,0.929685,-0.369085,0.500269,pVerlet
0.502655,0.876147,-0.482998,0.50046,pVerlet
0.628319,0.808773,-0.589285,0.500685,pVerlet
0.753982,0.728628,-0.686265,0.50093,pVerlet
0.879646,0.636977,-0.772409,0.501178,pVerlet
1.00531,0.535267,-0.846355,0.501414,pVerlet
1.13097,0.425105,-0.906936,0.501624,pVerlet
1.25664,0.308229,-0.953196,0.501793,pVerlet
1.3823,0.186486,-0.984403,0.501913,pVerlet
1.50796,0.0617985,-1.00006,0.501974,pVerlet
1.63363,-0.0638652,-0.999934,0.501974,pVerlet
1.75929,-0.18852,-0.984014,0.501911,pVerlet
1.88496,-0.310198,-0.952554,0.501791,pVerlet
2.01062,-0.426978,-0.906052,0.50162,pVerlet
2.13628,-0.537015,-0.845243,0.50141,pVerlet
2.26195,-0.638572,-0.771086,0.501174,pVerlet
2.38761,-0.730045,-0.684752,0.500926,pVerlet
2.51327,-0.80999,-0.587605,0.500682,pVerlet
2.63894,-0.877143,-0.481179,0.500457,pVerlet
2.7646,-0.930446,-0.367155,0.500266,pVerlet
2.89027,-0.969055,-0.247333,0.500121,pVerlet
3.01593,-0.992362,-0.123605,0.50003,pVerlet
3.14159,-0.999998,0.00207486,0.5,pVerlet
3.26726,-0.991842,0.127722,0.500032,pVerlet
3.39292,-0.968025,0.251352,0.500125,pVerlet
3.51858,-0.92892,0.371013,0.500272,pVerlet
3.64425,-0.875147,0.484815,0.500464,pVerlet
3.76991,-0.807554,0.590961,0.500689,pVerlet
3.89557,-0.727208,0.687776,0.500934,pVerlet
4.02124,-0.635379,0.773729,0.501182,pVerlet
4.1469,-0.533517,0.847464,0.501418,pVerlet
4.27257,-0.423229,0.907816,0.501627,pVerlet
4.39823,-0.306259,0.953833,0.501796,pVerlet
4.52389,-0.184451,0.984787,0.501914,pVerlet
4.64956,-0.0597315,1.00019,0.501975,pVerlet
4.77522,0.0659316,0.9998,0.501973,pVerlet
4.90088,0.190554,0.98362,0.50191,pVerlet
5.02655,0.312166,0.951908,0.501789,pVerlet
5.15221,0.42885,0.905164,0.501617,pVerlet
5.27788,0.538761,0.844127,0.501407,pVerlet
5.40354,0.640164,0.769759,0.50117,pVerlet
5.5292,0.731459,0.683236,0.500921,pVerlet
5.65487,0.811202,0.585923,0.500678,pVerlet
5.78053,0.878136,0.479358,0.500454,pVerlet
5.90619,0.931203,0.365224,0.500263,pVerlet
6.03186,0.969564,0.245322,0.500119,pVerlet
6.15752,0.992615,0.121546,0.500029,pVerlet
6.28319,0.999991,-0.00414972,0.5,pVerlet
6.40885,0.991576,-0.12978,0.500033,pVerlet
6.53451,0.967503,-0.25336,0.500127,pVerlet
6.66018,0.928151,-0.37294,0.500275,pVerlet
6.78584,0.874143,-0.48663,0.500467,pVerlet
6.9115,0.806331,-0.592636,0.500693,pVerlet
7.03717,0.725786,-0.689283,0.500938,pVerlet
7.16283,0.633779,-0.775046,0.501186,pVerlet
7.28849,0.531764,-0.848569,0.501421,pVerlet
7.41416,0.421352,-0.908692,0.50163,pVerlet
7.53982,0.304287,-0.954466,0.501798,pVerlet
7.66549,0.182416,-0.985168,0.501916,pVerlet
7.79115,0.0576643,-1.00031,0.501975,pVerlet
7.91681,-0.0679977,-0.999661,0.501973,pVerlet
8.04248,-0.192586,-0.983223,0.501908,pVerlet
8.16814,-0.314133,-0.951259,0.501786,pVerlet
8.2938,-0.430719,-0.904273,0.501614,pVerlet
8.41947,-0.540504,-0.843007,0.501403,pVerlet
8.54513,-0.641754,-0.768429,0.501166,pVerlet
8.6708,-0.732869,-0.681717,0.500917,pVerlet
8.79646,-0.812411,-0.584239,0.500674,pVerlet
8.92212,-0.879125,-0.477535,0.50045,pVerlet
9.04779,-0.931955,-0.363291,0.500261,pVerlet
9.17345,-0.970069,-0.243309,0.500117,pVerlet
9.29911,-0.992864,-0.119486,0.500028,pVerlet
9.42478,-0.999981,0.00622456,0.5,pVerlet
9.55044,-0.991306,0.131837,0.500034,pVerlet
9.67611,-0.966977,0.255367,0.500129,pVerlet
9.80177,-0.927379,0.374865,0.500277,pVerlet
9.92743,-0.873136,0.488443,0.500471,pVerlet
10.0531,-0.805104,0.594307,0.500697,pVerlet
10.1788,-0.724359,0.690787,0.500942,pVerlet
10.3044,-0.632176,0.776359,0.50119,pVerlet
10.4301,-0.530009,0.849671,0.501425,pVerlet
10.5558,-0.419473,0.909565,0.501633,pVerlet
10.6814,-0.302313,0.955096,0.501801,pVerlet
10.8071,-0.180379,0.985544,0.501917,pVerlet
10.9327,-0.0555969,1.00043,0.501976,pVerlet
11.0584,0.0700635,0.999517,0.501972,pVerlet
11.1841,0.194618,0.982821,0.501907,pVerlet
11.3097,0.316098,0.950605,0.501784,pVerlet
11.4354,0.432587,0.903377,0.501611,pVerlet
11.5611,0.542245,0.841884,0.501399,pVerlet
11.6867,0.64334,0.767096,0.501162,pVerlet
11.8124,0.734276,0.680195,0.500913,pVerlet
11.9381,0.813617,0.582552,0.50067,pVerlet
12.0637,0.88011,0.47571,0.500447,pVerlet
12.1894,0.932704,0.361356,0.500258,pVerlet
12.315,0.97057,0.241296,0.500115,pVerlet
12.4407,0.993109,0.117426,0.500027,pVerlet
12.5664,0.999966,-0.00829937,0.5,pVerlet
12.692,0.991031,-0.133893,0.500035,pVerlet
12.8177,0.966448,-0.257373,0.500131,pVerlet
12.9434,0.926602,-0.376788,0.50028,pVerlet
13.069,0.872124,-0.490253,0.500474,pVerlet
13.1947,0.803874,-0.595977,0.500701,pVerlet
13.3204,0.72293,-0.692289,0.500946,pVerlet
13.446,0.63057,-0.777669,0.501194,pVerlet
13.5717,0.528252,-0.850768,0.501429,pVerlet
13.6973,0.417593,-0.910433,0.501636,pVerlet
13.823,0.300339,-0.955721,0.501803,pVerlet
13.9487,0.178342,-0.985917,0.501919,pVerlet
14.0743,0.0535292,-1.00054,0.501976,pVerlet
14.2,-0.072129,-0.99937,0.501971,pVerlet
14.3257,-0.196648,-0.982415,0.501905,pVerlet
14.4513,-0.318062,-0.949947,0.501781,pVerlet
14.577,-0.434453,-0.902477,0.501608,pVerlet
14.7027,-0.543984,-0.840757,0.501395,pVerlet
14.8283,-0.644924,-0.765759,0.501157,pVerlet
14.954,-0.735681,-0.67867,0.500909,pVerlet
15.0796,-0.814819,-0.580863,0.500666,pVerlet
15.2053,-0.881091,-0.473883,0.500443,pVerlet
15.331,-0.933449,-0.35942,0.500255,pVerlet
15.4566,-0.971067,-0.239282,0.500113,pVerlet
15.5823,-0.99335,-0.115365,0.500026,pVerlet
15.708,-0.999946,0.0103741,0.5,pVerlet
15.8336,-0.990753,0.135949,0.500036,pVerlet
15.9593,-0.965914,0.259377,0.500133,pVerlet
16.085,-0.925821,0.37871,0.500283,pVerlet
16.2106,-0.871109,0.492062,0.500478,pVerlet
16.3363,-0.802641,0.597643,0.500705,pVerlet
16.4619,-0.721498,0.693787,0.50095,pVerlet
16.5876,-0.628962,0.778976,0.501198,pVerlet
16.7133,-0.526493,0.851863,0.501432,pVerlet
16.8389,-0.41571,0.911298,0.501639,pVerlet
16.9646,-0.298363,0.956342,0.501805,pVerlet
17.0903,-0.176304,0.986284,0.50192,pVerlet
17.2159,-0.0514613,1.00065,0.501976,pVerlet
17.3416,0.0741942,0.999218,0.501971,pVerlet
17.4673,0.198678,0.982005,0.501904,pVerlet
17.5929,0.320025,0.949285,0.501779,pVerlet
17.7186,0.436318,0.901574,0.501604,pVerlet
17.8442,0.54572,0.839626,0.501392,pVerlet
17.9699,0.646506,0.76442,0.501153,pVerlet
18.0956,0.737082,0.677142,0.500905,pVerlet
18.2212,0.816018,0.579171,0.500662,pVerlet
18.3469,0.882068,0.472054,0.50044,pVerlet
18.4726,0.93419,0.357483,0.500252,pVerlet
18.5982,0.971559,0.237267,0.500111,pVerlet
18.7239,0.993586,0.113303,0.500025,pVerlet
18.8496,0.999923,-0.0124489,0.5,pVerlet
18.9752,0.99047,-0.138005,0.500038,pVerlet
19.1009,0.965375,-0.261381,0.500135,pVerlet
19.2265,0.925037,-0.38063,0.500286,pVerlet
19.3522,0.87009,-0.493868,0.500481,pVerlet
19.4779,0.801404,-0.599307,0.500709,pVerlet
19.6035,0.720063,-0.695283,0.500954,pVerlet
19.7292,0.62735,-0.780279,0.501202,pVerlet
19.8549,0.524731,-0.852953,0.501436,pVerlet
19.9805,0.413826,-0.912158,0.501642,pVerlet
20.1062,0.296386,-0.956959,0.501808,pVerlet
20.2319,0.174266,-0.986648,0.501922,pVerlet
20.3575,0.0493932,-1.00076,0.501977,pVerlet
20.4832,-0.0762591,-0.999062,0.50197,pVerlet
20.6088,-0.200707,-0.981591,0.501902,pVerlet
20.7345,-0.321986,-0.948619,0.501776,pVerlet
20.8602,-0.43818,-0.900667,0.501601,pVerlet
20.9858,-0.547455,-0.838492,0.501388,pVerlet
21.1115,-0.648084,-0.763077,0.501149,pVerlet
21.2372,-0.738479,-0.675611,0.500901,pVerlet
21.3628,-0.817213,-0.577476,0.500658,pVerlet
21.4885,-0.883042,-0.470223,0.500436,pVerlet
21.6142,-0.934927,-0.355544,0.50025,pVerlet
21.7398,-0.972047,-0.23525,0.500109,pVerlet
21.8655,-0.993818,-0.111242,0.500024,pVerlet
21.9911,-0.999895,0.0145236,0.5,pVerlet
22.1168,-0.990182,0.140059,0.500039,pVerlet
22.2425,-0.964833,0.263383,0.500137,pVerlet
22.3681,-0.924248,0.382548,0.500289,pVerlet
22.4938,-0.869068,0.495672,0.500485,pVerlet
22.6195,-0.800164,0.600969,0.500713,pVerlet
22.7451,-0.718624,0.696775,0.500958,pVerlet
22.8708,-0.625736,0.781579,0.501206,pVerlet
22.9965,-0.522967,0.85404,0.50144,pVerlet
23.1221,-0.41194,0.913015,0.501645,pVerlet
23.2478,-0.294408,0.957572,0.50181,pVerlet
23.3734,-0.172226,0.987008,0.501923,pVerlet
23.4991,-0.0473248,1.00086,0.501977,pVerlet
23.6248,0.0783237,0.998902,0.50197,pVerlet
23.7504,0.202735,0.981172,0.5019,pVerlet
23.8761,0.323946,0.947949,0.501774,pVerlet
24.0018,0.44004,0.899756,0.501598,pVerlet
24.1274,0.549186,0.837355,0.501384,pVerlet
24.2531,0.64966,0.76173,0.501145,pVerlet
24.3788,0.739874,0.674077,0.500897,pVerlet
24.5044,0.818405,0.57578,0.500654,pVerlet
24.6301,0.884012,0.46839,0.500433,pVerlet
24.7558,0.935659,0.353603,0.500247,pVerlet
24.8814,0.972531,0.233233,0.500107,pVerlet
25.0071,0.994046,0.109179,0.500024,pVerlet
25.1327,0.999863,-0.0165982,0.500001,pVerlet
25.2584,0.989891,-0.142114,0.50004,pVerlet
25.3841,0.964287,-0.265385,0.500139,pVerlet
25.5097,0.923455,-0.384465,0.500292,pVerlet
25.6354,0.868042,-0.497474,0.500489,pVerlet
25.7611,0.79892,-0.602628,0.500717,pVerlet
25.8867,0.717183,-0.698265,0.500962,pVerlet
26.0124,0.62412,-0.782876,0.50121,pVerlet
26.1381,0.521201,-0.855123,0.501443,pVerlet
26.2637,0.410052,-0.913868,0.501649,pVerlet
26.3894,0.292428,-0.958181,0.501812,pVerlet
26.515,0.170186,-0.987363,0.501924,pVerlet
26.6407,0.0452563,-1.00095,0.501978,pVerlet
26.7664,-0.0803879,-0.998737,0.501969,pVerlet
26.892,-0.204763,-0.980749,0.501899,pVerlet
27.0177,-0.325904,-0.947275,0.501771,pVerlet
27.1434,-0.441899,-0.898841,0.501595,pVerlet
27.269,-0.550916,-0.836213,0.50138,pVerlet
27.3947,-0.651233,-0.760381,0.501141,pVerlet
27.5204,-0.741266,-0.672541,0.500893,pVerlet
27.646,-0.819593,-0.57408,0.500651,pVerlet
27.7717,-0.884978,-0.466554,0.50043,pVerlet
27.8973,-0.936388,-0.351661,0.500244,pVerlet
28.023,-0.973011,-0.231214,0.500106,pVerlet
28.1487,-0.994269,-0.107117,0.500023,pVerlet
28.2743,-0.999826,0.0186727,0.500001,pVerlet
28.4,-0.989595,0.144167,0.500041,pVerlet
28.5257,-0.963736,0.267385,0.500141,pVerlet
28.6513,-0.922659,0.38638,0.500295,pVerlet
28.777,-0.867012,0.499274,0.500492,pVerlet
28.9027,-0.797673,0.604284,0.500721,pVerlet
29.0283,-0.715738,0.699752,0.500967,pVerlet
29.154,-0.6225,0.784169,0.501214,pVerlet
29.2796,-0.519433,0.856203,0.501447,pVerlet
29.4053,-0.408163,0.914717,0.501652,pVerlet
29.531,-0.290447,0.958785,0.501815,pVerlet
29.6566,-0.168145,0.987714,0.501926,pVerlet
29.7823,-0.0431876,1.00104,0.501978,pVerlet
29.908,0.0824518,0.998568,0.501968,pVerlet
30.0336,0.206789,0.980323,0.501897,pVerlet
30.1593,0.327861,0.946596,0.501769,pVerlet
30.285,0.443756,0.897922,0.501592,pVerlet
30.4106,0.552643,0.835068,0.501376,pVerlet
30.5363,0.652803,0.759028,0.501137,pVerlet
30.6619,0.742654,0.671001,0.500889,pVerlet
30.7876,0.820778,0.572379,0.500647,pVerlet
30.9133,0.88594,0.464717,0.500426,pVerlet
31.0389,0.937113,0.349717,0.500241,pVerlet
31.1646,0.973487,0.229195,0.500104,pVerlet
31.2903,0.994488,0.105053,0.500022,pVerlet
31.4159,0.999786,-0.0207472,0.500001,pVerlet
31.5416,0.989295,-0.14622,0.500042,pVerlet
31.6673,0.963182,-0.269384,0.500143,pVerlet
31.7929,0.921858,-0.388294,0.500298,pVerlet
31.9186,0.865978,-0.501072,0.500496,pVerlet
32.0442,0.796422,-0.605938,0.500725,pVerlet
32.1699,0.71429,-0.701235,0.500971,pVerlet
32.2956,0.620879,-0.785459,0.501218,pVerlet
32.4212,0.517662,-0.857279,0.501451,pVerlet
32.5469,0.406271,-0.915561,0.501655,pVerlet
32.6726,0.288465,-0.959386,0.501817,pVerlet
32.7982,0.166103,-0.988061,0.501927,pVerlet
32.9239,0.0411186,-1.00113,0.501978,pVerlet
33.0496,-0.0845154,-0.998395,0.501968,pVerlet
33.1752,-0.208815,-0.979891,0.501895,pVerlet
33.3009,-0.329817,-0.945914,0.501766,pVerlet
33.4265,-0.44561,-0.896999,0.501588,pVerlet
33.5522,-0.554367,-0.83392,0.501373,pVerlet
33.6779,-0.65437,-0.757672,0.501133,pVerlet
33.8035,-0.744039,-0.669459,0.500885,pVerlet
33.9292,-0.821959,-0.570674,0.500643,pVerlet
34.0549,-0.886899,-0.462878,0.500423,pVerlet
34.1805,-0.937834,-0.347772,0.500239,pVerlet
34.3062,-0.973959,-0.227175,0.500102,pVerlet
34.4319,-0.994703,-0.10299,0.500021,pVerlet
34.5575,-0.999741,0.0228215,0.500001,pVerlet
34.6832,-0.98899,0.148272,0.500043,pVerlet
34.8088,-0.962623,0.271382,0.500145,pVerlet
34.9345,-0.921054,0.390206,0.500301,pVerlet
35.0602,-0.86494,0.502868,0.500499,pVerlet
35.1858,-0.795168,0.607589,0.500729,pVerlet
35.3115,-0.71284,0.702716,0.500975,pVerlet
35.4372,-0.619254,0.786745,0.501222,pVerlet
35.5628,-0.515889,0.858351,0.501454,pVerlet
35.6885,-0.404378,0.916402,0.501658,pVerlet
35.8142,-0.286482,0.959983,0.501819,pVerlet
35.9398,-0.164061,0.988403,0.501928,pVerlet
36.0655,-0.0390495,1.00122,0.501979,pVerlet
36.1911,0.0865785,0.998217,0.501967,pVerlet
36.3168,0.210839,0.979456,0.501894,pVerlet
36.4425,0.331771,0.945228,0.501764,pVerlet
36.5681,0.447463,0.896073,0.501585,pVerlet
36.6938,0.556089,0.832768,0.501369,pVerlet
36.8195,0.655934,0.756312,0.501129,pVerlet
36.9451,0.745421,0.667914,0.500881,pVerlet
37.0708,0.823137,0.568968,0.500639,pVerlet
37.1965,0.887854,0.461037,0.50042,pVerlet
37.3221,0.93855,0.345826,0.500236,pVerlet
37.4478,0.974426,0.225153,0.5001,pVerlet
37.5734,0.994914,0.100926,0.50002,pVerlet
37.6991,0.999691,-0.0248958,0.500001,pVerlet
37.8248,0.988682,-0.150324,0.500045,pVerlet
37.9504,0.96206,-0.273379,0.500148,pVerlet
38.0761,0.920246,-0.392116,0.500304,pVerlet
38.2018,0.863899,-0.504662,0.500503,pVerlet
38.3274,0.793911,-0.609238,0.500733,pVerlet
38.4531,0.711386,-0.704193,0.500979,pVerlet
38.5788,0.617627,-0.788028,0.501226,pVerlet
38.7044,0.514114,-0.85942,0.501458,pVerlet
38.8301,0.402484,-0.91724,0.501661,pVerlet
38.9557,0.284497,-0.960575,0.501821,pVerlet
39.0814,0.162018,-0.988741,0.50193,pVerlet
39.2071,0.0369803,-1.00129,0.501979,pVerlet
39.3327,-0.0886414,-0.998036,0.501966,pVerlet
39.4584,-0.212863,-0.979016,0.501892,pVerlet
39.5841,-0.333724,-0.944537,0.501761,pVerlet
39.7097,-0.449314,-0.895143,0.501582,pVerlet
39.8354,-0.557809,-0.831612,0.501365,pVerlet
39.9611,-0.657496,-0.75495,0.501125,pVerlet
40.0867,-0.7468,-0.666366,0.500877,pVerlet
40.2124,-0.824311,-0.567258,0.500635,pVerlet
40.338,-0.888805,-0.459194,0.500416,pVerlet
40.4637,-0.939263,-0.343878,0.500233,pVerlet
40.5894,-0.974889,-0.223131,0.500098,pVerlet
40.715,-0.995121,-0.0988611,0.500019,pVerlet
40.8407,-0.999638,0.02697,0.500001,pVerlet
40.9664,-0.988369,0.152375,0.500046,pVerlet
41.092,-0.961493,0.275374,0.50015,pVerlet
41.2177,-0.919433,0.394025,0.500306,pVerlet
41.3434,-0.862855,0.506453,0.500506,pVerlet
41.469,-0.79265,0.610884,0.500737,pVerlet
41.5947,-0.709929,0.705668,0.500983,pVerlet
41.7204,-0.615997,0.789308,0.50123,pVerlet
41.846,-0.512337,0.860485,0.501462,pVerlet
41.9717,-0.400587,0.918073,0.501664,pVerlet
42.0973,-0.282511,0.961163,0.501824,pVerlet
42.223,-0.159974,0.989075,0.501931,pVerlet
42.3487,-0.0349108,1.00137,0.501979,pVerlet
42.4743,0.0907038,0.99785,0.501965,pVerlet
42.6,0.214886,0.978573,0.50189,pVerlet
42.7257,0.335675,0.943843,0.501758,pVerlet
42.8513,0.451163,0.894208,0.501578,pVerlet
42.977,0.559527,0.830453,0.501361,pVerlet
43.1027,0.659055,0.753584,0.501121,pVerlet
43.2283,0.748175,0.664815,0.500872,pVerlet
43.354,0.825481,0.565547,0.500631,pVerlet
43.4796,0.889752,0.457349,0.500413,pVerlet
43.6053,0.939972,0.341928,0.500231,pVerlet
43.731,0.975348,0.221108,0.500097,pVerlet
43.8566,0.995323,0.0967962,0.500018,pVerlet
43.9823,0.99958,-0.0290441,0.500002,pVerlet
44.108,0.988052,-0.154426,0.500047,pVerlet
44.2336,0.960922,-0.277369,0.500152,pVerlet
44.3593,0.918617,-0.395932,0.500309,pVerlet
44.485,0.861806,-0.508242,0.50051,pVerlet
44.6106,0.791386,-0.612527,0.500741,pVerlet
44.7363,0.708469,-0.707139,0.500987,pVerlet
44.8619,0.614364,-0.790585,0.501234,pVerlet
44.9876,0.510558,-0.861546,0.501465,pVerlet
45.1133,0.398689,-0.918902,0.501667,pVerlet
45.2389,0.280524,-0.961747,0.501826,pVerlet
45.3646,0.15793,-0.989405,0.501932,pVerlet
45.4903,0.0328413,-1.00144,0.50198,pVerlet
45.6159,-0.0927658,-0.997659,0.501965,pVerlet
45.7416,-0.216908,-0.978125,0.501889,pVerlet
45.8673,-0.337625,-0.943144,0.501756,pVerlet
45.9929,-0.45301,-0.89327,0.501575,pVerlet
46.1186,-0.561242,-0.82929,0.501358,pVerlet
46.2442,-0.660611,-0.752215,0.501117,pVerlet
46.3699,-0.749548,-0.663261,0.500868,pVerlet
46.4956,-0.826648,-0.563833,0.500628,pVerlet
46.6212,-0.890695,-0.455501,0.50041,pVerlet
46.7469,-0.940676,-0.339977,0.500228,pVerlet
46.8726,-0.975803,-0.219084,0.500095,pVerlet
46.9982,-0.995521,-0.0947308,0.500018,pVerlet
47.1239,-0.999518,0.031118,0.500002,pVerlet
47.2496,-0.987731,0.156475,0.500048,pVerlet
47.3752,-0.960346,0.279362,0.500154,pVerlet
47.5009,-0.917797,0.397837,0.500312,pVerlet
47.6265,-0.860754,0.510029,0.500513,pVerlet
47.7522,-0.790118,0.614168,0.500745,pVerlet
47.8779,-0.707006,0.708608,0.500991,pVerlet
48.0035,-0.612729,0.791858,0.501238,pVerlet
48.1292,-0.508776,0.862603,0.501469,pVerlet
48.2549,-0.396789,0.919727,0.50167,pVerlet
48.3805,-0.278536,0.962327,0.501828,pVerlet
48.5062,-0.155885,0.989731,0.501934,pVerlet
48.6319,-0.0307715,1.00151,0.50198,pVerlet
48.7575,0.0948274,0.997465,0.501964,pVerlet
48.8832,0.218929,0.977673,0.501887,pVerlet
49.0088,0.339573,0.942442,0.501753,pVerlet
49.1345,0.454855,0.892328,0.501572,pVerlet
49.2602,0.562955,0.828124,0.501354,pVerlet
49.3858,0.662164,0.750843,0.501113,pVerlet
49.5115,0.750917,0.661704,0.500864,pVerlet
49.6372,0.827812,0.562117,0.500624,pVerlet
49.7628,0.891634,0.453652,0.500406,pVerlet
49.8885,0.941377,0.338024,0.500226,pVerlet
50.0142,0.976254,0.217059,0.500093,pVerlet
50.1398,0.995714,0.092665,0.500017,pVerlet
50.2655,0.999451,-0.0331918,0.500002,pVerlet
50.3911,0.987405,-0.158524,0.50005,pVerlet
50.5168,0.959767,-0.281354,0.500156,pVerlet
50.6425,0.916973,-0.39974,0.500315,pVerlet
50.7681,0.859698,-0.511814,0.500517,pVerlet
50.8938,0.788847,-0.615806,0.500749,pVerlet
51.0195,0.70554,-0.710073,0.500995,pVerlet
51.1451,0.611091,-0.793127,0.501242,pVerlet
51.2708,0.506992,-0.863657,0.501472,pVerlet
51.3965,0.394887,-0.920548,0.501673,pVerlet
51.5221,0.276547,-0.962903,0.50183,pVerlet
51.6478,0.153839,-0.990052,0.501935,pVerlet
51.7734,0.0287017,-1.00157,0.50198,pVerlet
51.8991,-0.0968887,-0.997266,0.501963,pVerlet
52.0248,-0.220949,-0.977216,0.501885,pVerlet
52.1504,-0.34152,-0.941735,0.501751,pVerlet
52.2761,-0.456698,-0.891383,0.501568,pVerlet
52.4018,-0.564665,-0.826954,0.50135,pVerlet
52.5274,-0.663714,-0.749467,0.501109,pVerlet
52.6531,-0.752283,-0.660145,0.50086,pVerlet
52.7788,-0.828972,-0.560398,0.50062,pVerlet
52.9044,-0.89257,-0.451801,0.500403,pVerlet
53.0301,-0.942074,-0.33607,0.500223,pVerlet
53.1557,-0.9767,-0.215032,0.500091,pVerlet
53.2814,-0.995904,-0.0905989,0.500016,pVerlet
53.4071,-0.99938,0.0352654,0.500002,pVerlet
53.5327,-0.987076,0.160573,0.500051,pVerlet
53.6584,-0.959183,0.283345,0.500158,pVerlet
53.7841,-0.916144,0.401642,0.500318,pVerlet
53.9097,-0.858638,0.513597,0.500521,pVerlet
54.0354,-0.787573,0.617441,0.500753,pVerlet
54.1611,-0.704071,0.711535,0.500999,pVerlet
54.2867,-0.609451,0.794394,0.501246,pVerlet
54.4124,-0.505206,0.864707,0.501476,pVerlet
54.538,-0.392984,0.921366,0.501676,pVerlet
54.6637,-0.274556,0.963475,0.501832,pVerlet
54.7894,-0.151792,0.990369,0.501936,pVerlet
54.915,-0.0266317,1.00162,0.50198,pVerlet
55.0407,0.0989495,0.997063,0.501962,pVerlet
55.1664,0.222968,0.976756,0.501883,pVerlet
55.292,0.343466,0.941025,0.501748,pVerlet
55.4177,0.45854,0.890433,0.501565,pVerlet
55.5434,0.566373,0.825781,0.501346,pVerlet
55.669,0.665262,0.748088,0.501105,pVerlet
55.7947,0.753645,0.658582,0.500856,pVerlet
55.9203,0.830128,0.558677,0.500616,pVerlet
56.046,0.893502,0.449948,0.5004,pVerlet
56.1717,0.942766,0.334115,0.50022,pVerlet
56.2973,0.977143,0.213005,0.50009,pVerlet
56.423,0.996089,0.0885323,0.500015,pVerlet
56.5487,0.999305,-0.0373389,0.500003,pVerlet
56.6743,0.986742,-0.162621,0.500052,pVerlet
56.8,0.958596,-0.285334,0.500161,pVerlet
56.9257,0.915312,-0.403542,0.500321,pVerlet
57.0513,0.857575,-0.515377,0.500524,pVerlet
57.177,0.786295,-0.619074,0.500757,pVerlet
57.3027,0.702599,-0.712995,0.501003,pVerlet
57.4283,0.607808,-0.795656,0.50125,pVerlet
57.554,0.503418,-0.865754,0.50148,pVerlet
57.6796,0.391079,-0.922179,0.501679,pVerlet
57.8053,0.272564,-0.964042,0.501835,pVerlet
57.931,0.149745,-0.990682,0.501937,pVerlet
58.0566,0.0245616,-1.00168,0.501981,pVerlet
58.1823,-0.10101,-0.996855,0.501962,pVerlet
58.308,-0.224986,-0.976291,0.501881,pVerlet
58.4336,-0.34541,-0.94031,0.501745,pVerlet
58.5593,-0.460379,-0.88948,0.501562,pVerlet
58.685,-0.568078,-0.824604,0.501342,pVerlet
58.8106,-0.666806,-0.746706,0.501101,pVerlet
58.9363,-0.755005,-0.657017,0.500852,pVerlet
59.0619,-0.831281,-0.556953,0.500612,pVerlet
59.1876,-0.89443,-0.448094,0.500396,pVerlet
59.3133,-0.943455,-0.332158,0.500218,pVerlet
59.4389,-0.977581,-0.210978,0.500088,pVerlet
59.5646,-0.99627,-0.0864654,0.500015,pVerlet
59.6903,-0.999226,0.0394123,0.500003,pVerlet
59.8159,-0.986403,0.164668,0.500054,pVerlet
59.9416,-0.958004,0.287322,0.500163,pVerlet
60.0673,-0.914476,0.40544,0.500324,pVerlet
60.1929,-0.856508,0.517155,0.500528,pVerlet
60.3186,-0.785014,0.620704,0.50076,pVerlet
60.4442,-0.701124,0.714451,0.501008,pVerlet
60.5699,-0.606162,0.796916,0.501254,pVerlet
60.6956,-0.501628,0.866796,0.501483,pVerlet
60.8212,-0.389172,0.922989,0.501682,pVerlet
60.9469,-0.270571,0.964606,0.501837,pVerlet
61.0726,-0.147698,0.990991,0.501939,pVerlet
61.1982,-0.0224914,1.00173,0.501981,pVerlet
61.3239,0.10307,0.996643,0.501961,pVerlet
61.4496,0.227003,0.975822,0.50188,pVerlet
61.5752,0.347352,0.939591,0.501743,pVerlet
61.7009,0.462216,0.888523,0.501558,pVerlet
61.8265,0.569781,0.823424,0.501338,pVerlet
61.9522,0.668348,0.745321,0.501097,pVerlet
62.0779,0.756361,0.655449,0.500848,pVerlet
62.2035,0.83243,0.555227,0.500609,pVerlet
62.3292,0.895354,0.446237,0.500393,pVerlet
62.4549,0.944139,0.3302,0.500215,pVerlet
62.5805,0.978015,0.208949,0.500086,pVerlet
62.7062,0.996446,0.0843981,0.500014,pVerlet
0.125664,0.992104,-0.125168,0.499969,vVerlet
0.251327,0.968542,-0.248359,0.499878,vVerlet
0.376991,0.929685,-0.367628,0.499732,vVerlet
0.502655,0.876147,-0.481092,0.499541,vVerlet
0.628319,0.808773,-0.586958,0.499317,vVerlet
0.753982,0.728628,-0.683556,0.499074,vVerlet
0.879646,0.636977,-0.76936,0.498827,vVerlet
1.00531,0.535267,-0.843014,0.498592,vVerlet
1.13097,0.425105,-0.903356,0.498383,vVerlet
1.25664,0.308229,-0.949432,0.498214,vVerlet
1.3823,0.186486,-0.980516,0.498095,vVerlet
1.50796,0.0617985,-0.996117,0.498034,vVerlet
1.63363,-0.0638652,-0.995987,0.498034,vVerlet
1.75929,-0.18852,-0.980129,0.498096,vVerlet
1.88496,-0.310198,-0.948793,0.498216,vVerlet
2.01062,-0.426978,-0.902475,0.498386,vVerlet
2.13628,-0.537015,-0.841906,0.498595,vVerlet
2.26195,-0.638572,-0.768041,0.498831,vVerlet
2.38761,-0.730045,-0.682049,0.499078,vVerlet
2.51327,-0.80999,-0.585285,0.499321,vVerlet
2.63894,-0.877143,-0.47928,0.499545,vVerlet
2.7646,-0.930446,-0.365706,0.499735,vVerlet
2.89027,-0.969055,-0.246356,0.49988,vVerlet
3.01593,-0.992362,-0.123117,0.49997,vVerlet
3.14159,-0.999998,0.00206667,0.5,vVerlet
3.26726,-0.991842,0.127218,0.499968,vVerlet
3.39292,-0.968025,0.25036,0.499876,vVerlet
3.51858,-0.92892,0.369548,0.499729,vVerlet
3.64425,-0.875147,0.482901,0.499538,vVerlet
3.76991,-0.807554,0.588628,0.499313,vVerlet
3.89557,-0.727208,0.68506,0.49907,vVerlet
4.02124,-0.635379,0.770674,0.498823,vVerlet
4.1469,-0.533517,0.844118,0.498588,vVerlet
4.27257,-0.423229,0.904232,0.49838,vVerlet
4.39823,-0.306259,0.950067,0.498211,vVerlet
4.52389,-0.184451,0.9809,0.498093,vVerlet
4.64956,-0.0597315,0.996242,0.498033,vVerlet
4.77522,0.0659316,0.995853,0.498035,vVerlet
4.90088,0.190554,0.979737,0.498098,vVerlet
5.02655,0.312166,0.94815,0.498218,vVerlet
5.15221,0.42885,0.901591,0.498389,vVerlet
5.27788,0.538761,0.840794,0.498599,vVerlet
5.40354,0.640164,0.76672,0.498835,vVerlet
5.5292,0.731459,0.680538,0.499082,vVerlet
5.65487,0.811202,0.58361,0.499325,vVerlet
5.78053,0.878136,0.477466,0.499548,vVerlet
5.90619,0.931203,0.363782,0.499738,vVerlet
6.03186,0.969564,0.244353,0.499882,vVerlet
6.15752,0.992615,0.121066,0.499971,vVerlet
6.28319,0.999991,-0.00413334,0.5,vVerlet
6.40885,0.991576,-0.129267,0.499967,vVerlet
6.53451,0.967503,-0.25236,0.499874,vVerlet
6.66018,0.928151,-0.371467,0.499727,vVerlet
6.78584,0.874143,-0.484709,0.499534,vVerlet
6.9115,0.806331,-0.590296,0.499309,vVerlet
7.03717,0.725786,-0.686562,0.499066,vVerlet
7.16283,0.633779,-0.771986,0.498819,vVerlet
7.28849,0.531764,-0.845219,0.498584,vVerlet
7.41416,0.421352,-0.905105,0.498377,vVerlet
7.53982,0.304287,-0.950698,0.498209,vVerlet
7.66549,0.182416,-0.981279,0.498092,vVerlet
7.79115,0.0576643,-0.996363,0.498033,vVerlet
7.91681,-0.0679977,-0.995714,0.498035,vVerlet
8.04248,-0.192586,-0.979341,0.498099,vVerlet
8.16814,-0.314133,-0.947503,0.498221,vVerlet
8.2938,-0.430719,-0.900703,0.498392,vVerlet
8.41947,-0.540504,-0.839679,0.498603,vVerlet
8.54513,-0.641754,-0.765395,0.498839,vVerlet
8.6708,-0.732869,-0.679025,0.499086,vVerlet
8.79646,-0.812411,-0.581932,0.499329,vVerlet
8.92212,-0.879125,-0.47565,0.499552,vVerlet
9.04779,-0.931955,-0.361857,0.499741,vVerlet
9.17345,-0.970069,-0.242349,0.499884,vVerlet
9.29911,-0.992864,-0.119014,0.499972,vVerlet
9.42478,-0.999981,0.00619998,0.5,vVerlet
9.55044,-0.991306,0.131316,0.499966,vVerlet
9.67611,-0.966977,0.254359,0.499872,vVerlet
9.80177,-0.927379,0.373385,0.499724,vVerlet
9.92743,-0.873136,0.486514,0.499531,vVerlet
10.0531,-0.805104,0.591961,0.499306,vVerlet
10.1788,-0.724359,0.68806,0.499062,vVerlet
10.3044,-0.632176,0.773294,0.498815,vVerlet
10.4301,-0.530009,0.846316,0.498581,vVerlet
10.5558,-0.419473,0.905974,0.498373,vVerlet
10.6814,-0.302313,0.951325,0.498206,vVerlet
10.8071,-0.180379,0.981654,0.49809,vVerlet
10.9327,-0.0555969,0.99648,0.498032,vVerlet
11.0584,0.0700635,0.995572,0.498036,vVerlet
11.1841,0.194618,0.978941,0.498101,vVerlet
11.3097,0.316098,0.946852,0.498223,vVerlet
11.4354,0.432587,0.899811,0.498395,vVerlet
11.5611,0.542245,0.83856,0.498606,vVerlet
11.6867,0.64334,0.764068,0.498843,vVerlet
11.8124,0.734276,0.677509,0.49909,vVerlet
11.9381,0.813617,0.580252,0.499333,vVerlet
12.0637,0.88011,0.473832,0.499555,vVerlet
12.1894,0.932704,0.35993,0.499743,vVerlet
12.315,0.97057,0.240344,0.499886,vVerlet
12.4407,0.993109,0.116962,0.499973,vVerlet
12.5664,0.999966,-0.0082666,0.5,vVerlet
12.692,0.991031,-0.133365,0.499965,vVerlet
12.8177,0.966448,-0.256357,0.49987,vVerlet
12.9434,0.926602,-0.3753,0.499721,vVerlet
13.069,0.872124,-0.488318,0.499527,vVerlet
13.1947,0.803874,-0.593624,0.499302,vVerlet
13.3204,0.72293,-0.689556,0.499058,vVerlet
13.446,0.63057,-0.774599,0.498811,vVerlet
13.5717,0.528252,-0.84741,0.498577,vVerlet
13.6973,0.417593,-0.906839,0.49837,vVerlet
13.823,0.300339,-0.951948,0.498204,vVerlet
13.9487,0.178342,-0.982024,0.498089,vVerlet
14.0743,0.0535292,-0.996593,0.498032,vVerlet
14.2,-0.072129,-0.995425,0.498036,vVerlet
14.3257,-0.196648,-0.978537,0.498102,vVerlet
14.4513,-0.318062,-0.946197,0.498226,vVerlet
14.577,-0.434453,-0.898915,0.498399,vVerlet
14.7027,-0.543984,-0.837438,0.49861,vVerlet
14.8283,-0.644924,-0.762736,0.498847,vVerlet
14.954,-0.735681,-0.67599,0.499094,vVerlet
15.0796,-0.814819,-0.57857,0.499337,vVerlet
15.2053,-0.881091,-0.472012,0.499558,vVerlet
15.331,-0.933449,-0.358001,0.499746,vVerlet
15.4566,-0.971067,-0.238337,0.499887,vVerlet
15.5823,-0.99335,-0.114909,0.499974,vVerlet
15.708,-0.999946,0.0103332,0.5,vVerlet
15.8336,-0.990753,0.135412,0.499964,vVerlet
15.9593,-0.965914,0.258353,0.499868,vVerlet
16.085,-0.925821,0.377215,0.499718,vVerlet
16.2106,-0.871109,0.490119,0.499524,vVerlet
16.3363,-0.802641,0.595284,0.499298,vVerlet
16.4619,-0.721498,0.691048,0.499054,vVerlet
16.5876,-0.628962,0.7759,0.498807,vVerlet
16.7133,-0.526493,0.8485,0.498573,vVerlet
16.8389,-0.41571,0.9077,0.498367,vVerlet
16.9646,-0.298363,0.952567,0.498202,vVerlet
17.0903,-0.176304,0.982391,0.498087,vVerlet
17.2159,-0.0514613,0.996702,0.498031,vVerlet
17.3416,0.0741942,0.995273,0.498037,vVerlet
17.4673,0.198678,0.978128,0.498104,vVerlet
17.5929,0.320025,0.945537,0.498228,vVerlet
17.7186,0.436318,0.898015,0.498402,vVerlet
17.8442,0.54572,0.836312,0.498614,vVerlet
17.9699,0.646506,0.761402,0.498851,vVerlet
18.0956,0.737082,0.674468,0.499098,vVerlet
18.2212,0.816018,0.576884,0.49934,vVerlet
18.3469,0.882068,0.47019,0.499562,vVerlet
18.4726,0.93419,0.356072,0.499749,vVerlet
18.5982,0.971559,0.23633,0.499889,vVerlet
18.7239,0.993586,0.112856,0.499975,vVerlet
18.8496,0.999923,-0.0123997,0.5,vVerlet
18.9752,0.99047,-0.13746,0.499963,vVerlet
19.1009,0.965375,-0.260349,0.499866,vVerlet
19.2265,0.925037,-0.379127,0.499715,vVerlet
19.3522,0.87009,-0.491918,0.49952,vVerlet
19.4779,0.801404,-0.596941,0.499294,vVerlet
19.6035,0.720063,-0.692538,0.49905,vVerlet
19.7292,0.62735,-0.777198,0.498803,vVerlet
19.8549,0.524731,-0.849586,0.49857,vVerlet
19.9805,0.413826,-0.908557,0.498364,vVerlet
20.1062,0.296386,-0.953181,0.498199,vVerlet
20.2319,0.174266,-0.982753,0.498086,vVerlet
20.3575,0.0493932,-0.996806,0.498031,vVerlet
20.4832,-0.0762591,-0.995118,0.498038,vVerlet
20.6088,-0.200707,-0.977716,0.498106,vVerlet
20.7345,-0.321986,-0.944874,0.498231,vVerlet
20.8602,-0.43818,-0.897111,0.498405,vVerlet
20.9858,-0.547455,-0.835182,0.498618,vVerlet
21.1115,-0.648084,-0.760064,0.498855,vVerlet
21.2372,-0.738479,-0.672944,0.499103,vVerlet
21.3628,-0.817213,-0.575197,0.499344,vVerlet
21.4885,-0.883042,-0.468366,0.499565,vVerlet
21.6142,-0.934927,-0.35414,0.499751,vVerlet
21.7398,-0.972047,-0.234321,0.499891,vVerlet
21.8655,-0.993818,-0.110802,0.499976,vVerlet
21.9911,-0.999895,0.0144662,0.5,vVerlet
22.1168,-0.990182,0.139506,0.499961,vVerlet
22.2425,-0.964833,0.262344,0.499864,vVerlet
22.3681,-0.924248,0.381038,0.499712,vVerlet
22.4938,-0.869068,0.493716,0.499517,vVerlet
22.6195,-0.800164,0.598596,0.49929,vVerlet
22.7451,-0.718624,0.694025,0.499045,vVerlet
22.8708,-0.625736,0.778493,0.498799,vVerlet
22.9965,-0.522967,0.850669,0.498566,vVerlet
23.1221,-0.41194,0.909411,0.498361,vVerlet
23.2478,-0.294408,0.953792,0.498197,vVerlet
23.3734,-0.172226,0.983111,0.498085,vVerlet
23.4991,-0.0473248,0.996906,0.49803,vVerlet
23.6248,0.0783237,0.994958,0.498038,vVerlet
23.7504,0.202735,0.977299,0.498107,vVerlet
23.8761,0.323946,0.944206,0.498233,vVerlet
24.0018,0.44004,0.896204,0.498408,vVerlet
24.1274,0.549186,0.834049,0.498621,vVerlet
24.2531,0.64966,0.758723,0.498859,vVerlet
24.3788,0.739874,0.671416,0.499107,vVerlet
24.5044,0.818405,0.573507,0.499348,vVerlet
24.6301,0.884012,0.46654,0.499569,vVerlet
24.7558,0.935659,0.352207,0.499754,vVerlet
24.8814,0.972531,0.232312,0.499893,vVerlet
25.0071,0.994046,0.108748,0.499977,vVerlet
25.1327,0.999863,-0.0165326,0.499999,vVerlet
25.2584,0.989891,-0.141553,0.49996,vVerlet
25.3841,0.964287,-0.264337,0.499862,vVerlet
25.5097,0.923455,-0.382947,0.499709,vVerlet
25.6354,0.868042,-0.495511,0.499513,vVerlet
25.7611,0.79892,-0.600249,0.499286,vVerlet
25.8867,0.717183,-0.695508,0.499041,vVerlet
26.0124,0.62412,-0.779785,0.498795,vVerlet
26.1381,0.521201,-0.851748,0.498562,vVerlet
26.2637,0.410052,-0.91026,0.498358,vVerlet
26.3894,0.292428,-0.954398,0.498195,vVerlet
26.515,0.170186,-0.983465,0.498083,vVerlet
26.6407,0.0452563,-0.997002,0.49803,vVerlet
26.7664,-0.0803879,-0.994794,0.498039,vVerlet
26.892,-0.204763,-0.976878,0.498109,vVerlet
27.0177,-0.325904,-0.943535,0.498236,vVerlet
27.1434,-0.441899,-0.895292,0.498412,vVerlet
27.269,-0.550916,-0.832912,0.498625,vVerlet
27.3947,-0.651233,-0.757379,0.498863,vVerlet
27.5204,-0.741266,-0.669886,0.499111,vVerlet
27.646,-0.819593,-0.571814,0.499352,vVerlet
27.7717,-0.884978,-0.464713,0.499572,vVerlet
27.8973,-0.936388,-0.350273,0.499757,vVerlet
28.023,-0.973011,-0.230302,0.499895,vVerlet
28.1487,-0.994269,-0.106694,0.499977,vVerlet
28.2743,-0.999826,0.018599,0.499999,vVerlet
28.4,-0.989595,0.143598,0.499959,vVerlet
28.5257,-0.963736,0.266329,0.499859,vVerlet
28.6513,-0.922659,0.384855,0.499706,vVerlet
28.777,-0.867012,0.497303,0.49951,vVerlet
28.9027,-0.797673,0.601899,0.499282,vVerlet
29.0283,-0.715738,0.696989,0.499037,vVerlet
29.154,-0.6225,0.781073,0.498791,vVerlet
29.2796,-0.519433,0.852823,0.498559,vVerlet
29.4053,-0.408163,0.911105,0.498355,vVerlet
29.531,-0.290447,0.955,0.498193,vVerlet
29.6566,-0.168145,0.983815,0.498082,vVerlet
29.7823,-0.0431876,0.997093,0.49803,vVerlet
29.908,0.0824518,0.994626,0.498039,vVerlet
30.0336,0.206789,0.976452,0.49811,vVerlet
30.1593,0.327861,0.942859,0.498238,vVerlet
30.285,0.443756,0.894377,0.498415,vVerlet
30.4106,0.552643,0.831772,0.498629,vVerlet
30.5363,0.652803,0.756031,0.498867,vVerlet
30.6619,0.742654,0.668352,0.499115,vVerlet
30.7876,0.820778,0.570119,0.499356,vVerlet
30.9133,0.88594,0.462883,0.499575,vVerlet
31.0389,0.937113,0.348337,0.49976,vVerlet
31.1646,0.973487,0.22829,0.499897,vVerlet
31.2903,0.994488,0.104639,0.499978,vVerlet
31.4159,0.999786,-0.0206653,0.499999,vVerlet
31.5416,0.989295,-0.145643,0.499958,vVerlet
31.6673,0.963182,-0.268321,0.499857,vVerlet
31.7929,0.921858,-0.386761,0.499704,vVerlet
31.9186,0.865978,-0.499094,0.499506,vVerlet
32.0442,0.796422,-0.603546,0.499278,vVerlet
32.1699,0.71429,-0.698467,0.499033,vVerlet
32.2956,0.620879,-0.782358,0.498787,vVerlet
32.4212,0.517662,-0.853895,0.498555,vVerlet
32.5469,0.406271,-0.911947,0.498352,vVerlet
32.6726,0.288465,-0.955599,0.49819,vVerlet
32.7982,0.166103,-0.98416,0.498081,vVerlet
32.9239,0.0411186,-0.99718,0.498029,vVerlet
33.0496,-0.0845154,-0.994453,0.49804,vVerlet
33.1752,-0.208815,-0.976023,0.498112,vVerlet
33.3009,-0.329817,-0.94218,0.498241,vVerlet
33.4265,-0.44561,-0.893458,0.498418,vVerlet
33.5522,-0.554367,-0.830628,0.498633,vVerlet
33.6779,-0.65437,-0.754681,0.498871,vVerlet
33.8035,-0.744039,-0.666816,0.499119,vVerlet
33.9292,-0.821959,-0.568421,0.49936,vVerlet
34.0549,-0.886899,-0.461051,0.499579,vVerlet
34.1805,-0.937834,-0.346399,0.499762,vVerlet
34.3062,-0.973959,-0.226278,0.499899,vVerlet
34.4319,-0.994703,-0.102583,0.499979,vVerlet
34.5575,-0.999741,0.0227315,0.499999,vVerlet
34.6832,-0.98899,0.147687,0.499957,vVerlet
34.8088,-0.962623,0.270311,0.499855,vVerlet
34.9345,-0.921054,0.388665,0.499701,vVerlet
35.0602,-0.86494,0.500883,0.499503,vVerlet
35.1858,-0.795168,0.605191,0.499274,vVerlet
35.3115,-0.71284,0.699941,0.499029,vVerlet
35.4372,-0.619254,0.783639,0.498783,vVerlet
35.5628,-0.515889,0.854963,0.498551,vVerlet
35.6885,-0.404378,0.912785,0.498349,vVerlet
35.8142,-0.286482,0.956193,0.498188,vVerlet
35.9398,-0.164061,0.984501,0.498079,vVerlet
36.0655,-0.0390495,0.997263,0.498029,vVerlet
36.1911,0.0865785,0.994277,0.498041,vVerlet
36.3168,0.210839,0.975589,0.498114,vVerlet
36.4425,0.331771,0.941496,0.498243,vVerlet
36.5681,0.447463,0.892535,0.498421,vVerlet
36.6938,0.556089,0.82948,0.498636,vVerlet
36.8195,0.655934,0.753327,0.498875,vVerlet
36.9451,0.745421,0.665277,0.499123,vVerlet
37.0708,0.823137,0.566721,0.499364,vVerlet
37.1965,0.887854,0.459217,0.499582,vVerlet
37.3221,0.93855,0.34446,0.499765,vVerlet
37.4478,0.974426,0.224265,0.4999,vVerlet
37.5734,0.994914,0.100527,0.49998,vVerlet
37.6991,0.999691,-0.0247975,0.499999,vVerlet
37.8248,0.988682,-0.149731,0.499956,vVerlet
37.9504,0.96206,-0.272299,0.499853,vVerlet
38.0761,0.920246,-0.390568,0.499698,vVerlet
38.2018,0.863899,-0.502669,0.499499,vVerlet
38.3274,0.793911,-0.606833,0.49927,vVerlet
38.4531,0.711386,-0.701413,0.499025,vVerlet
38.5788,0.617627,-0.784917,0.498779,vVerlet
38.7044,0.514114,-0.856027,0.498548,vVerlet
38.8301,0.402484,-0.913618,0.498346,vVerlet
38.9557,0.284497,-0.956783,0.498186,vVerlet
39.0814,0.162018,-0.984838,0.498078,vVerlet
39.2071,0.0369803,-0.997341,0.498029,vVerlet
39.3327,-0.0886414,-0.994096,0.498042,vVerlet
39.4584,-0.212863,-0.975151,0.498116,vVerlet
39.5841,-0.333724,-0.940808,0.498246,vVerlet
39.7097,-0.449314,-0.891609,0.498425,vVerlet
39.8354,-0.557809,-0.828329,0.49864,vVerlet
39.9611,-0.657496,-0.751969,0.498879,vVerlet
40.0867,-0.7468,-0.663735,0.499127,vVerlet
40.2124,-0.824311,-0.565019,0.499367,vVerlet
40.338,-0.888805,-0.457381,0.499585,vVerlet
40.4637,-0.939263,-0.34252,0.499768,vVerlet
40.5894,-0.974889,-0.22225,0.499902,vVerlet
40.715,-0.995121,-0.0984708,0.499981,vVerlet
40.8407,-0.999638,0.0268635,0.499999,vVerlet
40.9664,-0.988369,0.151774,0.499954,vVerlet
41.092,-0.961493,0.274287,0.499851,vVerlet
41.2177,-0.919433,0.392469,0.499695,vVerlet
41.3434,-0.862855,0.504454,0.499496,vVerlet
41.469,-0.79265,0.608472,0.499266,vVerlet
41.5947,-0.709929,0.702882,0.499021,vVerlet
41.7204,-0.615997,0.786192,0.498775,vVerlet
41.846,-0.512337,0.857088,0.498544,vVerlet
41.9717,-0.400587,0.914448,0.498343,vVerlet
42.0973,-0.282511,0.957369,0.498184,vVerlet
42.223,-0.159974,0.985171,0.498077,vVerlet
42.3487,-0.0349108,0.997416,0.498028,vVerlet
42.4743,0.0907038,0.99391,0.498042,vVerlet
42.6,0.214886,0.974709,0.498117,vVerlet
42.7257,0.335675,0.940117,0.498248,vVerlet
42.8513,0.451163,0.890678,0.498428,vVerlet
42.977,0.559527,0.827175,0.498644,vVerlet
43.1027,0.659055,0.750609,0.498883,vVerlet
43.2283,0.748175,0.66219,0.499131,vVerlet
43.354,0.825481,0.563314,0.499371,vVerlet
43.4796,0.889752,0.455543,0.499589,vVerlet
43.6053,0.939972,0.340578,0.49977,vVerlet
43.731,0.975348,0.220235,0.499904,vVerlet
43.8566,0.995323,0.096414,0.499982,vVerlet
43.9823,0.99958,-0.0289294,0.499998,vVerlet
44.108,0.988052,-0.153816,0.499953,vVerlet
44.2336,0.960922,-0.276274,0.499849,vVerlet
44.3593,0.918617,-0.394369,0.499692,vVerlet
44.485,0.861806,-0.506236,0.499492,vVerlet
44.6106,0.791386,-0.610109,0.499262,vVerlet
44.7363,0.708469,-0.704348,0.499017,vVerlet
44.8619,0.614364,-0.787464,0.498771,vVerlet
44.9876,0.510558,-0.858145,0.498541,vVerlet
45.1133,0.398689,-0.915274,0.49834,vVerlet
45.2389,0.280524,-0.95795,0.498181,vVerlet
45.3646,0.15793,-0.985499,0.498075,vVerlet
45.4903,0.0328413,-0.997486,0.498028,vVerlet
45.6159,-0.0927658,-0.993721,0.498043,vVerlet
45.7416,-0.216908,-0.974263,0.498119,vVerlet
45.8673,-0.337625,-0.939421,0.498251,vVerlet
45.9929,-0.45301,-0.889744,0.498431,vVerlet
46.1186,-0.561242,-0.826016,0.498648,vVerlet
46.2442,-0.660611,-0.749245,0.498888,vVerlet
46.3699,-0.749548,-0.660642,0.499135,vVerlet
46.4956,-0.826648,-0.561607,0.499375,vVerlet
46.6212,-0.890695,-0.453703,0.499592,vVerlet
46.7469,-0.940676,-0.338635,0.499773,vVerlet
46.8726,-0.975803,-0.218219,0.499906,vVerlet
46.9982,-0.995521,-0.0943568,0.499982,vVerlet
47.1239,-0.999518,0.0309951,0.499998,vVerlet
47.2496,-0.987731,0.155858,0.499952,vVerlet
47.3752,-0.960346,0.278259,0.499847,vVerlet
47.5009,-0.917797,0.396266,0.499689,vVerlet
47.6265,-0.860754,0.508016,0.499489,vVerlet
47.7522,-0.790118,0.611743,0.499258,vVerlet
47.8779,-0.707006,0.70581,0.499013,vVerlet
48.0035,-0.612729,0.788732,0.498767,vVerlet
48.1292,-0.508776,0.859198,0.498537,vVerlet
48.2549,-0.396789,0.916096,0.498337,vVerlet
48.3805,-0.278536,0.958528,0.498179,vVerlet
48.5062,-0.155885,0.985824,0.498074,vVerlet
48.6319,-0.0307715,0.997552,0.498028,vVerlet
48.7575,0.0948274,0.993527,0.498044,vVerlet
48.8832,0.218929,0.973813,0.498121,vVerlet
49.0088,0.339573,0.938721,0.498254,vVerlet
49.1345,0.454855,0.888806,0.498434,vVerlet
49.2602,0.562955,0.824855,0.498652,vVerlet
49.3858,0.662164,0.747878,0.498892,vVerlet
49.5115,0.750917,0.659092,0.499139,vVerlet
49.6372,0.827812,0.559897,0.499379,vVerlet
49.7628,0.891634,0.451861,0.499595,vVerlet
49.8885,0.941377,0.33669,0.499775,vVerlet
50.0142,0.976254,0.216202,0.499907,vVerlet
50.1398,0.995714,0.0922992,0.499983,vVerlet
50.2655,0.999451,-0.0330607,0.499998,vVerlet
50.3911,0.987405,-0.157899,0.499951,vVerlet
50.5168,0.959767,-0.280243,0.499844,vVerlet
50.6425,0.916973,-0.398162,0.499686,vVerlet
50.7681,0.859698,-0.509794,0.499485,vVerlet
50.8938,0.788847,-0.613375,0.499254,vVerlet
51.0195,0.70554,-0.70727,0.499009,vVerlet
51.1451,0.611091,-0.789996,0.498763,vVerlet
51.2708,0.506992,-0.860247,0.498533,vVerlet
51.3965,0.394887,-0.916914,0.498334,vVerlet
51.5221,0.276547,-0.959102,0.498177,vVerlet
51.6478,0.153839,-0.986144,0.498073,vVerlet
51.7734,0.0287017,-0.997613,0.498028,vVerlet
51.8991,-0.0968887,-0.993329,0.498045,vVerlet
52.0248,-0.220949,-0.973358,0.498122,vVerlet
52.1504,-0.34152,-0.938017,0.498256,vVerlet
52.2761,-0.456698,-0.887864,0.498438,vVerlet
52.4018,-0.564665,-0.82369,0.498655,vVerlet
52.5274,-0.663714,-0.746508,0.498896,vVerlet
52.6531,-0.752283,-0.657539,0.499143,vVerlet
52.7788,-0.828972,-0.558185,0.499383,vVerlet
52.9044,-0.89257,-0.450018,0.499599,vVerlet
53.0301,-0.942074,-0.334744,0.499778,vVerlet
53.1557,-0.9767,-0.214184,0.499909,vVerlet
53.2814,-0.995904,-0.0902412,0.499984,vVerlet
53.4071,-0.99938,0.0351262,0.499998,vVerlet
53.5327,-0.987076,0.159939,0.499949,vVerlet
53.6584,-0.959183,0.282226,0.499842,vVerlet
53.7841,-0.916144,0.400056,0.499683,vVerlet
53.9097,-0.858638,0.511569,0.499481,vVerlet
54.0354,-0.787573,0.615004,0.49925,vVerlet
54.1611,-0.704071,0.708726,0.499005,vVerlet
54.2867,-0.609451,0.791257,0.498759,vVerlet
54.4124,-0.505206,0.861293,0.49853,vVerlet
54.538,-0.392984,0.917728,0.498331,vVerlet
54.6637,-0.274556,0.959671,0.498175,vVerlet
54.7894,-0.151792,0.986459,0.498072,vVerlet
54.915,-0.0266317,0.99767,0.498027,vVerlet
55.0407,0.0989495,0.993126,0.498045,vVerlet
55.1664,0.222968,0.9729,0.498124,vVerlet
55.292,0.343466,0.93731,0.498259,vVerlet
55.4177,0.45854,0.886918,0.498441,vVerlet
55.5434,0.566373,0.822521,0.498659,vVerlet
55.669,0.665262,0.745135,0.4989,vVerlet
55.7947,0.753645,0.655982,0.499147,vVerlet
55.9203,0.830128,0.556471,0.499386,vVerlet
56.046,0.893502,0.448172,0.499602,vVerlet
56.1717,0.942766,0.332796,0.499781,vVerlet
56.2973,0.977143,0.212165,0.499911,vVerlet
56.423,0.996089,0.0881828,0.499985,vVerlet
56.5487,0.999305,-0.0371915,0.499997,vVerlet
56.6743,0.986742,-0.161979,0.499948,vVerlet
56.8,0.958596,-0.284208,0.49984,vVerlet
56.9257,0.915312,-0.401949,0.49968,vVerlet
57.0513,0.857575,-0.513343,0.499478,vVerlet
57.177,0.786295,-0.61663,0.499246,vVerlet
57.3027,0.702599,-0.71018,0.499,vVerlet
57.4283,0.607808,-0.792515,0.498755,vVerlet
57.554,0.503418,-0.862336,0.498526,vVerlet
57.6796,0.391079,-0.918539,0.498328,vVerlet
57.8053,0.272564,-0.960237,0.498173,vVerlet
57.931,0.149745,-0.986771,0.49807,vVerlet
58.0566,0.0245616,-0.997723,0.498027,vVerlet
58.1823,-0.10101,-0.99292,0.498046,vVerlet
58.308,-0.224986,-0.972437,0.498126,vVerlet
58.4336,-0.34541,-0.936598,0.498262,vVerlet
58.5593,-0.460379,-0.885968,0.498444,vVerlet
58.685,-0.568078,-0.821349,0.498663,vVerlet
58.8106,-0.666806,-0.743759,0.498904,vVerlet
58.9363,-0.755005,-0.654423,0.499151,vVerlet
59.0619,-0.831281,-0.554754,0.49939,vVerlet
59.1876,-0.89443,-0.446325,0.499605,vVerlet
59.3133,-0.943455,-0.330847,0.499783,vVerlet
59.4389,-0.977581,-0.210145,0.499912,vVerlet
59.5646,-0.99627,-0.086124,0.499985,vVerlet
59.6903,-0.999226,0.0392567,0.499997,vVerlet
59.8159,-0.986403,0.164017,0.499947,vVerlet
59.9416,-0.958004,0.286188,0.499838,vVerlet
60.0673,-0.914476,0.40384,0.499677,vVerlet
60.1929,-0.856508,0.515114,0.499474,vVerlet
60.3186,-0.785014,0.618254,0.499243,vVerlet
60.4442,-0.701124,0.711631,0.498996,vVerlet
60.5699,-0.606162,0.79377,0.498751,vVerlet
60.6956,-0.501628,0.863374,0.498523,vVerlet
60.8212,-0.389172,0.919345,0.498325,vVerlet
60.9469,-0.270571,0.960798,0.498171,vVerlet
61.0726,-0.147698,0.987078,0.498069,vVerlet
61.1982,-0.0224914,0.997772,0.498027,vVerlet
61.3239,0.10307,0.992709,0.498047,vVerlet
61.4496,0.227003,0.97197,0.498128,vVerlet
61.5752,0.347352,0.935882,0.498264,vVerlet
61.7009,0.462216,0.885015,0.498448,vVerlet
61.8265,0.569781,0.820173,0.498667,vVerlet
61.9522,0.668348,0.742379,0.498908,vVerlet
62.0779,0.756361,0.652862,0.499155,vVerlet
62.2035,0.83243,0.553035,0.499394,vVerlet
62.3292,0.895354,0.444475,0.499608,vVerlet
62.4549,0.944139,0.328896,0.499786,vVerlet
62.5805,0.978015,0.208124,0.499914,vVerlet
62.7062,0.996446,0.0840649,0.499986,vVerlet
