E,Res
0,28.247
0.001,28.0426
0.002,27.8394
0.003,27.6377
0.004,27.4372
0.005,27.2381
0.006,27.0403
0.007,26.8438
0.008,26.6485
0.009,26.4546
0.01,26.2619
0.011,26.0705
0.012,25.8804
0.013,25.6915
0.014,25.5039
0.015,25.3175
0.016,25.1324
0.017,24.9484
0.018,24.7657
0.019,24.5842
0.02,24.4039
0.021,24.2248
0.022,24.0469
0.023,23.8701
0.024,23.6946
0.025,23.5201
0.026,23.3469
0.027,23.1748
0.028,23.0038
0.029,22.834
0.03,22.6653
0.031,22.4978
0.032,22.3313
0.033,22.166
0.034,22.0018
0.035,21.8386
0.036,21.6766
0.037,21.5156
0.038,21.3557
0.039,21.1969
0.04,21.0391
0.041,20.8824
0.042,20.7268
0.043,20.5721
0.044,20.4186
0.045,20.266
0.046,20.1145
0.047,19.964
0.048,19.8145
0.049,19.666
0.05,19.5185
0.051,19.372
0.052,19.2265
0.053,19.0819
0.054,18.9384
0.055,18.7958
0.056,18.6541
0.057,18.5134
0.058,18.3737
0.059,18.2349
0.06,18.0971
0.061,17.9601
0.062,17.8241
0.063,17.6891
0.064,17.5549
0.065,17.4217
0.066,17.2893
0.067,17.1579
0.068,17.0273
0.069,16.8976
0.07,16.7688
0.071,16.6409
0.072,16.5139
0.073,16.3877
0.074,16.2624
0.075,16.1379
0.076,16.0143
0.077,15.8915
0.078,15.7696
0.079,15.6484
0.08,15.5282
0.081,15.4087
0.082,15.2901
0.083,15.1722
0.084,15.0552
0.085,14.939
0.086,14.8235
0.087,14.7089
0.088,14.5951
0.089,14.482
0.09,14.3697
0.091,14.2582
0.092,14.1474
0.093,14.0374
0.094,13.9282
0.095,13.8197
0.096,13.712
0.097,13.605
0.098,13.4987
0.099,13.3932
0.1,13.2884
0.101,13.1844
0.102,13.081
0.103,12.9784
0.104,12.8764
0.105,12.7752
0.106,12.6747
0.107,12.5749
0.108,12.4758
0.109,12.3773
0.11,12.2796
0.111,12.1825
0.112,12.0861
0.113,11.9904
0.114,11.8953
0.115,11.8009
0.116,11.7072
0.117,11.6141
0.118,11.5216
0.119,11.4298
0.12,11.3387
0.121,11.2482
0.122,11.1583
0.123,11.0691
0.124,10.9804
0.125,10.8924
0.126,10.805
0.127,10.7183
0.128,10.6321
0.129,10.5465
0.13,10.4616
0.131,10.3772
0.132,10.2934
0.133,10.2103
0.134,10.1277
0.135,10.0457
0.136,9.96425
0.137,9.88339
0.138,9.80311
0.139,9.7234
0.14,9.64425
0.141,9.56566
0.142,9.48762
0.143,9.41014
0.144,9.33321
0.145,9.25683
0.146,9.18099
0.147,9.10568
0.148,9.03092
0.149,8.95668
0.15,8.88297
0.151,8.80979
0.152,8.73713
0.153,8.66499
0.154,8.59337
0.155,8.52225
0.156,8.45165
0.157,8.38155
0.158,8.31195
0.159,8.24285
0.16,8.17424
0.161,8.10613
0.162,8.03851
0.163,7.97137
0.164,7.90471
0.165,7.83854
0.166,7.77284
0.167,7.70761
0.168,7.64285
0.169,7.57856
0.17,7.51474
0.171,7.45137
0.172,7.38847
0.173,7.32602
0.174,7.26402
0.175,7.20247
0.176,7.14136
0.177,7.0807
0.178,7.02048
0.179,6.9607
0.18,6.90135
0.181,6.84243
0.182,6.78394
0.183,6.72588
0.184,6.66824
0.185,6.61102
0.186,6.55422
0.187,6.49784
0.188,6.44186
0.189,6.3863
0.19,6.33114
0.191,6.27639
0.192,6.22204
0.193,6.16808
0.194,6.11453
0.195,6.06136
0.196,6.00859
0.197,5.95621
0.198,5.90421
0.199,5.85259
0.2,5.80136
0.201,5.7505
0.202,5.70002
0.203,5.64991
0.204,5.60017
0.205,5.55081
0.206,5.5018
0.207,5.45316
0.208,5.40488
0.209,5.35696
0.21,5.3094
0.211,5.26219
0.212,5.21533
0.213,5.16882
0.214,5.12266
0.215,5.07684
0.216,5.03136
0.217,4.98623
0.218,4.94143
0.219,4.89696
0.22,4.85283
0.221,4.80903
0.222,4.76556
0.223,4.72242
0.224,4.6796
0.225,4.6371
0.226,4.59492
0.227,4.55306
0.228,4.51151
0.229,4.47028
0.23,4.42936
0.231,4.38875
0.232,4.34844
0.233,4.30845
0.234,4.26875
0.235,4.22935
0.236,4.19026
0.237,4.15146
0.238,4.11296
0.239,4.07475
0.24,4.03683
0.241,3.9992
0.242,3.96185
0.243,3.92479
0.244,3.88802
0.245,3.85152
0.246,3.81531
0.247,3.77937
0.248,3.74371
0.249,3.70832
0.25,3.6732
0.251,3.63836
0.252,3.60378
0.253,3.56947
0.254,3.53542
0.255,3.50164
0.256,3.46811
0.257,3.43485
0.258,3.40184
0.259,3.36909
0.26,3.33659
0.261,3.30435
0.262,3.27235
0.263,3.24061
0.264,3.20911
0.265,3.17785
0.266,3.14684
0.267,3.11607
0.268,3.08555
0.269,3.05526
0.27,3.0252
0.271,2.99539
0.272,2.9658
0.273,2.93645
0.274,2.90733
0.275,2.87844
0.276,2.84977
0.277,2.82134
0.278,2.79312
0.279,2.76513
0.28,2.73736
0.281,2.70981
0.282,2.68247
0.283,2.65536
0.284,2.62846
0.285,2.60177
0.286,2.57529
0.287,2.54903
0.288,2.52297
0.289,2.49712
0.29,2.47148
0.291,2.44604
0.292,2.42081
0.293,2.39578
0.294,2.37094
0.295,2.34631
0.296,2.32188
0.297,2.29764
0.298,2.2736
0.299,2.24975
0.3,2.22609
0.301,2.20262
0.302,2.17934
0.303,2.15626
0.304,2.13335
0.305,2.11064
0.306,2.08811
0.307,2.06576
0.308,2.04359
0.309,2.0216
0.31,1.9998
0.311,1.97817
0.312,1.95672
0.313,1.93544
0.314,1.91434
0.315,1.89341
0.316,1.87265
0.317,1.85206
0.318,1.83164
0.319,1.81139
0.32,1.79131
0.321,1.77139
0.322,1.75164
0.323,1.73205
0.324,1.71262
0.325,1.69335
0.326,1.67424
0.327,1.6553
0.328,1.63651
0.329,1.61787
0.33,1.59939
0.331,1.58107
0.332,1.5629
0.333,1.54488
0.334,1.52701
0.335,1.50929
0.336,1.49172
0.337,1.4743
0.338,1.45703
0.339,1.4399
0.34,1.42291
0.341,1.40607
0.342,1.38937
0.343,1.37282
0.344,1.3564
0.345,1.34012
0.346,1.32399
0.347,1.30798
0.348,1.29212
0.349,1.27639
0.35,1.2608
0.351,1.24534
0.352,1.23001
0.353,1.21481
0.354,1.19974
0.355,1.18481
0.356,1.17
0.357,1.15532
0.358,1.14077
0.359,1.12634
0.36,1.11204
0.361,1.09786
0.362,1.0838
0.363,1.06987
0.364,1.05606
0.365,1.04237
0.366,1.0288
0.367,1.01534
0.368,1.00201
0.369,0.988793
0.37,0.975691
0.371,0.962705
0.372,0.949834
0.373,0.937076
0.374,0.924431
0.375,0.911898
0.376,0.899475
0.377,0.887164
0.378,0.874961
0.379,0.862868
0.38,0.850882
0.381,0.839003
0.382,0.827231
0.383,0.815564
0.384,0.804001
0.385,0.792543
0.386,0.781188
0.387,0.769935
0.388,0.758783
0.389,0.747733
0.39,0.736783
0.391,0.725932
0.392,0.715179
0.393,0.704525
0.394,0.693967
0.395,0.683506
0.396,0.673141
0.397,0.66287
0.398,0.652694
0.399,0.642612
0.4,0.632622
0.401,0.622724
0.402,0.612918
0.403,0.603203
0.404,0.593577
0.405,0.584041
0.406,0.574594
0.407,0.565235
0.408,0.555963
0.409,0.546778
0.41,0.537678
0.411,0.528665
0.412,0.519736
0.413,0.510891
0.414,0.502129
0.415,0.49345
0.416,0.484854
0.417,0.476339
0.418,0.467905
0.419,0.459551
0.42,0.451277
0.421,0.443082
0.422,0.434966
0.423,0.426927
0.424,0.418966
0.425,0.411081
0.426,0.403272
0.427,0.395539
0.428,0.387881
0.429,0.380297
0.43,0.372787
0.431,0.36535
0.432,0.357986
0.433,0.350694
0.434,0.343473
0.435,0.336323
0.436,0.329244
0.437,0.322235
0.438,0.315294
0.439,0.308423
0.44,0.30162
0.441,0.294884
0.442,0.288216
0.443,0.281614
0.444,0.275078
0.445,0.268608
0.446,0.262203
0.447,0.255863
0.448,0.249587
0.449,0.243374
0.45,0.237224
0.451,0.231137
0.452,0.225112
0.453,0.219148
0.454,0.213246
0.455,0.207404
0.456,0.201622
0.457,0.1959
0.458,0.190237
0.459,0.184632
0.46,0.179086
0.461,0.173598
0.462,0.168167
0.463,0.162793
0.464,0.157475
0.465,0.152213
0.466,0.147007
0.467,0.141856
0.468,0.136759
0.469,0.131716
0.47,0.126728
0.471,0.121792
0.472,0.116909
0.473,0.112079
0.474,0.107301
0.475,0.102574
0.476,0.0978986
0.477,0.0932739
0.478,0.0886995
0.479,0.084175
0.48,0.0797001
0.481,0.0752743
0.482,0.0708972
0.483,0.0665684
0.484,0.0622875
0.485,0.0580542
0.486,0.053868
0.487,0.0497286
0.488,0.0456356
0.489,0.0415885
0.49,0.0375871
0.491,0.0336309
0.492,0.0297196
0.493,0.0258527
0.494,0.02203
0.495,0.018251
0.496,0.0145155
0.497,0.0108229
0.498,0.0071731
0.499,0.00356556
0.5,4.51119e-10
0.501,-0.00352394
0.502,-0.00700662
0.503,-0.0104484
0.504,-0.0138495
0.505,-0.0172105
0.506,-0.0205315
0.507,-0.0238129
0.508,-0.0270552
0.509,-0.0302585
0.51,-0.0334232
0.511,-0.0365497
0.512,-0.0396383
0.513,-0.0426892
0.514,-0.0457029
0.515,-0.0486796
0.516,-0.0516196
0.517,-0.0545234
0.518,-0.057391
0.519,-0.060223
0.52,-0.0630195
0.521,-0.0657809
0.522,-0.0685076
0.523,-0.0711997
0.524,-0.0738575
0.525,-0.0764815
0.526,-0.0790718
0.527,-0.0816288
0.528,-0.0841527
0.529,-0.0866439
0.53,-0.0891026
0.531,-0.0915291
0.532,-0.0939236
0.533,-0.0962866
0.534,-0.0986181
0.535,-0.100919
0.536,-0.103188
0.537,-0.105427
0.538,-0.107636
0.539,-0.109815
0.54,-0.111964
0.541,-0.114084
0.542,-0.116174
0.543,-0.118235
0.544,-0.120268
0.545,-0.122272
0.546,-0.124248
0.547,-0.126196
0.548,-0.128117
0.549,-0.130009
0.55,-0.131875
0.551,-0.133714
0.552,-0.135526
0.553,-0.137311
0.554,-0.13907
0.555,-0.140804
0.556,-0.142511
0.557,-0.144193
0.558,-0.14585
0.559,-0.147481
0.56,-0.149088
0.561,-0.15067
0.562,-0.152227
0.563,-0.153761
0.564,-0.15527
0.565,-0.156756
0.566,-0.158218
0.567,-0.159657
0.568,-0.161073
0.569,-0.162465
0.57,-0.163836
0.571,-0.165183
0.572,-0.166509
0.573,-0.167812
0.574,-0.169094
0.575,-0.170354
0.576,-0.171592
0.577,-0.17281
0.578,-0.174006
0.579,-0.175181
0.58,-0.176336
0.581,-0.17747
0.582,-0.178584
0.583,-0.179678
0.584,-0.180752
0.585,-0.181807
0.586,-0.182842
0.587,-0.183857
0.588,-0.184854
0.589,-0.185831
0.59,-0.18679
0.591,-0.18773
0.592,-0.188652
0.593,-0.189556
0.594,-0.190441
0.595,-0.191309
0.596,-0.192159
0.597,-0.192991
0.598,-0.193806
0.599,-0.194604
0.6,-0.195385
0.601,-0.196148
0.602,-0.196896
0.603,-0.197626
0.604,-0.198341
0.605,-0.199039
0.606,-0.199721
0.607,-0.200387
0.608,-0.201038
0.609,-0.201672
0.61,-0.202292
0.611,-0.202896
0.612,-0.203485
0.613,-0.204059
0.614,-0.204619
0.615,-0.205163
0.616,-0.205694
0.617,-0.206209
0.618,-0.206711
0.619,-0.207199
0.62,-0.207672
0.621,-0.208132
0.622,-0.208578
0.623,-0.209011
0.624,-0.20943
0.625,-0.209836
0.626,-0.210229
0.627,-0.210609
0.628,-0.210976
0.629,-0.211331
0.63,-0.211673
0.631,-0.212003
0.632,-0.21232
0.633,-0.212625
0.634,-0.212918
0.635,-0.213199
0.636,-0.213469
0.637,-0.213727
0.638,-0.213973
0.639,-0.214208
0.64,-0.214431
0.641,-0.214644
0.642,-0.214845
0.643,-0.215035
0.644,-0.215215
0.645,-0.215384
0.646,-0.215542
0.647,-0.21569
0.648,-0.215828
0.649,-0.215955
0.65,-0.216073
0.651,-0.21618
0.652,-0.216278
0.653,-0.216365
0.654,-0.216443
0.655,-0.216512
0.656,-0.216571
0.657,-0.21662
0.658,-0.216661
0.659,-0.216692
0.66,-0.216714
0.661,-0.216727
0.662,-0.216732
0.663,-0.216728
0.664,-0.216715
0.665,-0.216693
0.666,-0.216664
0.667,-0.216625
0.668,-0.216579
0.669,-0.216525
0.67,-0.216462
0.671,-0.216392
0.672,-0.216313
0.673,-0.216227
0.674,-0.216134
0.675,-0.216032
0.676,-0.215924
0.677,-0.215808
0.678,-0.215684
0.679,-0.215554
0.68,-0.215416
0.681,-0.215271
0.682,-0.215119
0.683,-0.214961
0.684,-0.214795
0.685,-0.214623
0.686,-0.214445
0.687,-0.21426
0.688,-0.214068
0.689,-0.21387
0.69,-0.213666
0.691,-0.213455
0.692,-0.213239
0.693,-0.213016
0.694,-0.212788
0.695,-0.212553
0.696,-0.212313
0.697,-0.212067
0.698,-0.211815
0.699,-0.211558
0.7,-0.211296
0.701,-0.211027
0.702,-0.210754
0.703,-0.210475
0.704,-0.210191
0.705,-0.209902
0.706,-0.209608
0.707,-0.209308
0.708,-0.209004
0.709,-0.208695
0.71,-0.208381
0.711,-0.208063
0.712,-0.20774
0.713,-0.207412
0.714,-0.207079
0.715,-0.206743
0.716,-0.206401
0.717,-0.206056
0.718,-0.205706
0.719,-0.205352
0.72,-0.204994
0.721,-0.204631
0.722,-0.204265
0.723,-0.203895
0.724,-0.20352
0.725,-0.203142
0.726,-0.202761
0.727,-0.202375
0.728,-0.201986
0.729,-0.201593
0.73,-0.201196
0.731,-0.200796
0.732,-0.200393
0.733,-0.199986
0.734,-0.199576
0.735,-0.199163
0.736,-0.198746
0.737,-0.198326
0.738,-0.197903
0.739,-0.197477
0.74,-0.197048
0.741,-0.196616
0.742,-0.196181
0.743,-0.195744
0.744,-0.195303
0.745,-0.19486
0.746,-0.194413
0.747,-0.193965
0.748,-0.193513
0.749,-0.193059
0.75,-0.192603
0.751,-0.192144
0.752,-0.191683
0.753,-0.191219
0.754,-0.190753
0.755,-0.190284
0.756,-0.189813
0.757,-0.189341
0.758,-0.188865
0.759,-0.188388
0.76,-0.187909
0.761,-0.187428
0.762,-0.186944
0.763,-0.186459
0.764,-0.185972
0.765,-0.185483
0.766,-0.184992
0.767,-0.184499
0.768,-0.184005
0.769,-0.183509
0.77,-0.183011
0.771,-0.182512
0.772,-0.18201
0.773,-0.181508
0.774,-0.181004
0.775,-0.180498
0.776,-0.179991
0.777,-0.179483
0.778,-0.178973
0.779,-0.178462
0.78,-0.177949
0.781,-0.177435
0.782,-0.17692
0.783,-0.176404
0.784,-0.175887
0.785,-0.175368
0.786,-0.174849
0.787,-0.174328
0.788,-0.173806
0.789,-0.173284
0.79,-0.17276
0.791,-0.172235
0.792,-0.17171
0.793,-0.171183
0.794,-0.170656
0.795,-0.170128
0.796,-0.169599
0.797,-0.169069
0.798,-0.168539
0.799,-0.168008
0.8,-0.167476
0.801,-0.166944
0.802,-0.166411
0.803,-0.165877
0.804,-0.165343
0.805,-0.164808
0.806,-0.164273
0.807,-0.163738
0.808,-0.163202
0.809,-0.162665
0.81,-0.162128
0.811,-0.161591
0.812,-0.161053
0.813,-0.160515
0.814,-0.159977
0.815,-0.159438
0.816,-0.158899
0.817,-0.15836
0.818,-0.157821
0.819,-0.157282
0.82,-0.156742
0.821,-0.156202
0.822,-0.155662
0.823,-0.155123
0.824,-0.154583
0.825,-0.154042
0.826,-0.153502
0.827,-0.152962
0.828,-0.152422
0.829,-0.151882
0.83,-0.151342
0.831,-0.150802
0.832,-0.150263
0.833,-0.149723
0.834,-0.149183
0.835,-0.148644
0.836,-0.148105
0.837,-0.147566
0.838,-0.147027
0.839,-0.146488
0.84,-0.14595
0.841,-0.145412
0.842,-0.144874
0.843,-0.144337
0.844,-0.1438
0.845,-0.143263
0.846,-0.142726
0.847,-0.14219
0.848,-0.141655
0.849,-0.141119
0.85,-0.140584
0.851,-0.14005
0.852,-0.139516
0.853,-0.138983
0.854,-0.13845
0.855,-0.137917
0.856,-0.137385
0.857,-0.136854
0.858,-0.136323
0.859,-0.135792
0.86,-0.135263
0.861,-0.134733
0.862,-0.134205
0.863,-0.133677
0.864,-0.13315
0.865,-0.132623
0.866,-0.132097
0.867,-0.131571
0.868,-0.131047
0.869,-0.130523
0.87,-0.129999
0.871,-0.129477
0.872,-0.128955
0.873,-0.128434
0.874,-0.127914
0.875,-0.127394
0.876,-0.126875
0.877,-0.126357
0.878,-0.12584
0.879,-0.125324
0.88,-0.124808
0.881,-0.124293
0.882,-0.123779
0.883,-0.123266
0.884,-0.122754
0.885,-0.122243
0.886,-0.121732
0.887,-0.121223
0.888,-0.120714
0.889,-0.120206
0.89,-0.1197
0.891,-0.119194
0.892,-0.118689
0.893,-0.118185
0.894,-0.117682
0.895,-0.11718
0.896,-0.116679
0.897,-0.116179
0.898,-0.11568
0.899,-0.115182
0.9,-0.114685
0.901,-0.114188
0.902,-0.113693
0.903,-0.113199
0.904,-0.112706
0.905,-0.112215
0.906,-0.111724
0.907,-0.111234
0.908,-0.110745
0.909,-0.110258
0.91,-0.109771
0.911,-0.109286
0.912,-0.108801
0.913,-0.108318
0.914,-0.107836
0.915,-0.107355
0.916,-0.106875
0.917,-0.106396
0.918,-0.105918
0.919,-0.105442
0.92,-0.104966
0.921,-0.104492
0.922,-0.104019
0.923,-0.103547
0.924,-0.103076
0.925,-0.102607
0.926,-0.102138
0.927,-0.101671
0.928,-0.101205
0.929,-0.10074
0.93,-0.100277
0.931,-0.0998142
0.932,-0.0993529
0.933,-0.0988929
0.934,-0.0984341
0.935,-0.0979765
0.936,-0.0975201
0.937,-0.0970649
0.938,-0.096611
0.939,-0.0961583
0.94,-0.0957068
0.941,-0.0952566
0.942,-0.0948076
0.943,-0.0943599
0.944,-0.0939134
0.945,-0.0934682
0.946,-0.0930242
0.947,-0.0925815
0.948,-0.0921401
0.949,-0.0916999
0.95,-0.091261
0.951,-0.0908233
0.952,-0.090387
0.953,-0.0899519
0.954,-0.0895181
0.955,-0.0890855
0.956,-0.0886543
0.957,-0.0882243
0.958,-0.0877957
0.959,-0.0873683
0.96,-0.0869422
0.961,-0.0865174
0.962,-0.0860939
0.963,-0.0856718
0.964,-0.0852509
0.965,-0.0848313
0.966,-0.084413
0.967,-0.083996
0.968,-0.0835803
0.969,-0.083166
0.97,-0.0827529
0.971,-0.0823412
0.972,-0.0819308
0.973,-0.0815217
0.974,-0.0811139
0.975,-0.0807074
0.976,-0.0803022
0.977,-0.0798984
0.978,-0.0794958
0.979,-0.0790946
0.98,-0.0786947
0.981,-0.0782962
0.982,-0.0778989
0.983,-0.077503
0.984,-0.0771084
0.985,-0.0767151
0.986,-0.0763232
0.987,-0.0759325
0.988,-0.0755432
0.989,-0.0751553
0.99,-0.0747686
0.991,-0.0743833
0.992,-0.0739993
0.993,-0.0736166
0.994,-0.0732353
0.995,-0.0728552
0.996,-0.0724765
0.997,-0.0720991
0.998,-0.0717231
0.999,-0.0713484
1,-0.070975
1.001,-0.0706029
1.002,-0.0702321
1.003,-0.0698627
1.004,-0.0694946
1.005,-0.0691278
1.006,-0.0687624
1.007,-0.0683982
1.008,-0.0680354
1.009,-0.0676739
1.01,-0.0673137
1.011,-0.0669548
1.012,-0.0665973
1.013,-0.0662411
1.014,-0.0658861
1.015,-0.0655325
1.016,-0.0651803
1.017,-0.0648293
1.018,-0.0644796
1.019,-0.0641313
1.02,-0.0637842
1.021,-0.0634385
1.022,-0.0630941
1.023,-0.0627509
1.024,-0.0624091
1.025,-0.0620686
1.026,-0.0617294
1.027,-0.0613915
1.028,-0.0610549
1.029,-0.0607196
1.03,-0.0603856
1.031,-0.0600528
1.032,-0.0597214
1.033,-0.0593913
1.034,-0.0590624
1.035,-0.0587349
1.036,-0.0584086
1.037,-0.0580836
1.038,-0.0577599
1.039,-0.0574375
1.04,-0.0571163
1.041,-0.0567965
1.042,-0.0564779
1.043,-0.0561606
1.044,-0.0558445
1.045,-0.0555297
1.046,-0.0552162
1.047,-0.054904
1.048,-0.054593
1.049,-0.0542833
1.05,-0.0539749
1.051,-0.0536677
1.052,-0.0533617
1.053,-0.0530571
1.054,-0.0527536
1.055,-0.0524514
1.056,-0.0521505
1.057,-0.0518508
1.058,-0.0515524
1.059,-0.0512552
1.06,-0.0509592
1.061,-0.0506645
1.062,-0.050371
1.063,-0.0500787
1.064,-0.0497877
1.065,-0.0494979
1.066,-0.0492093
1.067,-0.0489219
1.068,-0.0486358
1.069,-0.0483509
1.07,-0.0480672
1.071,-0.0477847
1.072,-0.0475034
1.073,-0.0472233
1.074,-0.0469444
1.075,-0.0466668
1.076,-0.0463903
1.077,-0.046115
1.078,-0.0458409
1.079,-0.045568
1.08,-0.0452963
1.081,-0.0450258
1.082,-0.0447565
1.083,-0.0444883
1.084,-0.0442213
1.085,-0.0439555
1.086,-0.0436909
1.087,-0.0434275
1.088,-0.0431652
1.089,-0.042904
1.09,-0.0426441
1.091,-0.0423853
1.092,-0.0421276
1.093,-0.0418711
1.094,-0.0416158
1.095,-0.0413616
1.096,-0.0411085
1.097,-0.0408566
1.098,-0.0406058
1.099,-0.0403562
1.1,-0.0401077
1.101,-0.0398603
1.102,-0.0396141
1.103,-0.0393689
1.104,-0.0391249
1.105,-0.038882
1.106,-0.0386403
1.107,-0.0383996
1.108,-0.0381601
1.109,-0.0379216
1.11,-0.0376843
1.111,-0.037448
1.112,-0.0372129
1.113,-0.0369788
1.114,-0.0367459
1.115,-0.036514
1.116,-0.0362832
1.117,-0.0360535
1.118,-0.0358249
1.119,-0.0355974
1.12,-0.0353709
1.121,-0.0351455
1.122,-0.0349211
1.123,-0.0346979
1.124,-0.0344756
1.125,-0.0342545
1.126,-0.0340344
1.127,-0.0338153
1.128,-0.0335973
1.129,-0.0333804
1.13,-0.0331645
1.131,-0.0329496
1.132,-0.0327357
1.133,-0.0325229
1.134,-0.0323111
1.135,-0.0321004
1.136,-0.0318906
1.137,-0.0316819
1.138,-0.0314742
1.139,-0.0312675
1.14,-0.0310619
1.141,-0.0308572
1.142,-0.0306535
1.143,-0.0304509
1.144,-0.0302492
1.145,-0.0300485
1.146,-0.0298488
1.147,-0.0296502
1.148,-0.0294524
1.149,-0.0292557
1.15,-0.02906
1.151,-0.0288652
1.152,-0.0286714
1.153,-0.0284786
1.154,-0.0282867
1.155,-0.0280958
1.156,-0.0279058
1.157,-0.0277168
1.158,-0.0275288
1.159,-0.0273417
1.16,-0.0271556
1.161,-0.0269704
1.162,-0.0267861
1.163,-0.0266028
1.164,-0.0264204
1.165,-0.0262389
1.166,-0.0260584
1.167,-0.0258788
1.168,-0.0257001
1.169,-0.0255223
1.17,-0.0253455
1.171,-0.0251695
1.172,-0.0249945
1.173,-0.0248203
1.174,-0.0246471
1.175,-0.0244748
1.176,-0.0243033
1.177,-0.0241328
1.178,-0.0239631
1.179,-0.0237943
1.18,-0.0236265
1.181,-0.0234594
1.182,-0.0232933
1.183,-0.023128
1.184,-0.0229636
1.185,-0.0228001
1.186,-0.0226374
1.187,-0.0224756
1.188,-0.0223147
1.189,-0.0221546
1.19,-0.0219953
1.191,-0.021837
1.192,-0.0216794
1.193,-0.0215227
1.194,-0.0213668
1.195,-0.0212118
1.196,-0.0210576
1.197,-0.0209042
1.198,-0.0207516
1.199,-0.0205999
1.2,-0.020449
1.201,-0.0202989
1.202,-0.0201496
1.203,-0.0200011
1.204,-0.0198534
1.205,-0.0197066
1.206,-0.0195605
1.207,-0.0194152
1.208,-0.0192708
1.209,-0.0191271
1.21,-0.0189842
1.211,-0.0188421
1.212,-0.0187007
1.213,-0.0185602
1.214,-0.0184204
1.215,-0.0182814
1.216,-0.0181432
1.217,-0.0180057
1.218,-0.017869
1.219,-0.017733
1.22,-0.0175979
1.221,-0.0174634
1.222,-0.0173297
1.223,-0.0171968
1.224,-0.0170646
1.225,-0.0169332
1.226,-0.0168025
1.227,-0.0166725
1.228,-0.0165433
1.229,-0.0164147
1.23,-0.016287
1.231,-0.0161599
1.232,-0.0160336
1.233,-0.0159079
1.234,-0.015783
1.235,-0.0156588
1.236,-0.0155354
1.237,-0.0154126
1.238,-0.0152905
1.239,-0.0151691
1.24,-0.0150485
1.241,-0.0149285
1.242,-0.0148092
1.243,-0.0146906
1.244,-0.0145727
1.245,-0.0144554
1.246,-0.0143389
1.247,-0.014223
1.248,-0.0141078
1.249,-0.0139933
1.25,-0.0138794
1.251,-0.0137662
1.252,-0.0136537
1.253,-0.0135418
1.254,-0.0134306
1.255,-0.01332
1.256,-0.0132101
1.257,-0.0131008
1.258,-0.0129922
1.259,-0.0128842
1.26,-0.0127769
1.261,-0.0126702
1.262,-0.0125641
1.263,-0.0124587
1.264,-0.0123539
1.265,-0.0122497
1.266,-0.0121462
1.267,-0.0120432
1.268,-0.0119409
1.269,-0.0118392
1.27,-0.0117381
1.271,-0.0116376
1.272,-0.0115378
1.273,-0.0114385
1.274,-0.0113398
1.275,-0.0112417
1.276,-0.0111443
1.277,-0.0110474
1.278,-0.0109511
1.279,-0.0108554
1.28,-0.0107603
1.281,-0.0106657
1.282,-0.0105718
1.283,-0.0104784
1.284,-0.0103856
1.285,-0.0102934
1.286,-0.0102017
1.287,-0.0101106
1.288,-0.0100201
1.289,-0.00993009
1.29,-0.00984068
1.291,-0.00975183
1.292,-0.00966352
1.293,-0.00957577
1.294,-0.00948857
1.295,-0.00940191
1.296,-0.00931579
1.297,-0.00923022
1.298,-0.00914519
1.299,-0.00906069
1.3,-0.00897672
1.301,-0.00889329
1.302,-0.00881038
1.303,-0.008728
1.304,-0.00864614
1.305,-0.0085648
1.306,-0.00848398
1.307,-0.00840368
1.308,-0.00832389
1.309,-0.00824461
1.31,-0.00816584
1.311,-0.00808757
1.312,-0.00800981
1.313,-0.00793255
1.314,-0.00785579
1.315,-0.00777952
1.316,-0.00770375
1.317,-0.00762847
1.318,-0.00755368
1.319,-0.00747937
1.32,-0.00740555
1.321,-0.00733221
1.322,-0.00725936
1.323,-0.00718697
1.324,-0.00711507
1.325,-0.00704363
1.326,-0.00697267
1.327,-0.00690217
1.328,-0.00683214
1.329,-0.00676258
1.33,-0.00669347
1.331,-0.00662482
1.332,-0.00655663
1.333,-0.00648889
1.334,-0.00642161
1.335,-0.00635477
1.336,-0.00628839
1.337,-0.00622244
1.338,-0.00615694
1.339,-0.00609188
1.34,-0.00602726
1.341,-0.00596308
1.342,-0.00589933
1.343,-0.00583601
1.344,-0.00577312
1.345,-0.00571066
1.346,-0.00564862
1.347,-0.00558701
1.348,-0.00552581
1.349,-0.00546504
1.35,-0.00540468
1.351,-0.00534474
1.352,-0.00528521
1.353,-0.00522609
1.354,-0.00516738
1.355,-0.00510907
1.356,-0.00505117
1.357,-0.00499367
1.358,-0.00493657
1.359,-0.00487987
1.36,-0.00482356
1.361,-0.00476765
1.362,-0.00471213
1.363,-0.00465699
1.364,-0.00460225
1.365,-0.00454789
1.366,-0.00449391
1.367,-0.00444032
1.368,-0.0043871
1.369,-0.00433427
1.37,-0.0042818
1.371,-0.00422971
1.372,-0.00417799
1.373,-0.00412665
1.374,-0.00407566
1.375,-0.00402505
1.376,-0.0039748
1.377,-0.00392491
1.378,-0.00387537
1.379,-0.0038262
1.38,-0.00377738
1.381,-0.00372892
1.382,-0.00368081
1.383,-0.00363305
1.384,-0.00358563
1.385,-0.00353857
1.386,-0.00349184
1.387,-0.00344546
1.388,-0.00339942
1.389,-0.00335372
1.39,-0.00330836
1.391,-0.00326333
1.392,-0.00321864
1.393,-0.00317427
1.394,-0.00313024
1.395,-0.00308653
1.396,-0.00304315
1.397,-0.0030001
1.398,-0.00295737
1.399,-0.00291495
1.4,-0.00287286
1.401,-0.00283108
1.402,-0.00278962
1.403,-0.00274848
1.404,-0.00270764
1.405,-0.00266712
1.406,-0.0026269
1.407,-0.00258699
1.408,-0.00254739
1.409,-0.00250808
1.41,-0.00246908
1.411,-0.00243038
1.412,-0.00239198
1.413,-0.00235388
1.414,-0.00231607
1.415,-0.00227855
1.416,-0.00224132
1.417,-0.00220439
1.418,-0.00216774
1.419,-0.00213138
1.42,-0.0020953
1.421,-0.00205951
1.422,-0.002024
1.423,-0.00198877
1.424,-0.00195382
1.425,-0.00191914
1.426,-0.00188474
1.427,-0.00185062
1.428,-0.00181676
1.429,-0.00178318
1.43,-0.00174986
1.431,-0.00171682
1.432,-0.00168404
1.433,-0.00165152
1.434,-0.00161926
1.435,-0.00158727
1.436,-0.00155554
1.437,-0.00152406
1.438,-0.00149285
1.439,-0.00146188
1.44,-0.00143117
1.441,-0.00140072
1.442,-0.00137051
1.443,-0.00134055
1.444,-0.00131084
1.445,-0.00128138
1.446,-0.00125216
1.447,-0.00122319
1.448,-0.00119445
1.449,-0.00116596
1.45,-0.00113771
1.451,-0.00110969
1.452,-0.00108191
1.453,-0.00105437
1.454,-0.00102706
1.455,-0.000999979
1.456,-0.000973131
1.457,-0.000946511
1.458,-0.00092012
1.459,-0.000893955
1.46,-0.000868015
1.461,-0.000842299
1.462,-0.000816805
1.463,-0.000791532
1.464,-0.000766479
1.465,-0.000741644
1.466,-0.000717026
1.467,-0.000692624
1.468,-0.000668436
1.469,-0.000644461
1.47,-0.000620698
1.471,-0.000597145
1.472,-0.000573802
1.473,-0.000550666
1.474,-0.000527737
1.475,-0.000505013
1.476,-0.000482493
1.477,-0.000460175
1.478,-0.000438059
1.479,-0.000416144
1.48,-0.000394427
1.481,-0.000372908
1.482,-0.000351586
1.483,-0.000330458
1.484,-0.000309525
1.485,-0.000288785
1.486,-0.000268236
1.487,-0.000247877
1.488,-0.000227708
1.489,-0.000207726
1.49,-0.000187932
1.491,-0.000168323
1.492,-0.000148898
1.493,-0.000129657
1.494,-0.000110597
1.495,-9.1719e-05
1.496,-7.30203e-05
1.497,-5.45002e-05
1.498,-3.61576e-05
1.499,-1.79912e-05
1.5,-3.43279e-11
1.501,1.78171e-05
1.502,3.54613e-05
1.503,5.29338e-05
1.504,7.02355e-05
1.505,8.73677e-05
1.506,0.000104331
1.507,0.000121128
1.508,0.000137758
1.509,0.000154223
1.51,0.000170523
1.511,0.000186661
1.512,0.000202637
1.513,0.000218452
1.514,0.000234107
1.515,0.000249603
1.516,0.000264942
1.517,0.000280123
1.518,0.00029515
1.519,0.000310021
1.52,0.000324739
1.521,0.000339304
1.522,0.000353718
1.523,0.000367981
1.524,0.000382095
1.525,0.00039606
1.526,0.000409878
1.527,0.000423549
1.528,0.000437075
1.529,0.000450456
1.53,0.000463693
1.531,0.000476788
1.532,0.000489742
1.533,0.000502554
1.534,0.000515227
1.535,0.000527761
1.536,0.000540157
1.537,0.000552417
1.538,0.00056454
1.539,0.000576528
1.54,0.000588383
1.541,0.000600104
1.542,0.000611693
1.543,0.00062315
1.544,0.000634478
1.545,0.000645675
1.546,0.000656744
1.547,0.000667686
1.548,0.0006785
1.549,0.000689189
1.55,0.000699752
1.551,0.000710192
1.552,0.000720508
1.553,0.000730702
1.554,0.000740774
1.555,0.000750725
1.556,0.000760557
1.557,0.000770269
1.558,0.000779863
1.559,0.00078934
1.56,0.000798701
1.561,0.000807946
1.562,0.000817076
1.563,0.000826092
1.564,0.000834995
1.565,0.000843785
1.566,0.000852464
1.567,0.000861032
1.568,0.000869491
1.569,0.00087784
1.57,0.00088608
1.571,0.000894213
1.572,0.00090224
1.573,0.00091016
1.574,0.000917975
1.575,0.000925686
1.576,0.000933292
1.577,0.000940796
1.578,0.000948198
1.579,0.000955498
1.58,0.000962698
1.581,0.000969798
1.582,0.000976798
1.583,0.0009837
1.584,0.000990505
1.585,0.000997212
1.586,0.00100382
1.587,0.00101034
1.588,0.00101676
1.589,0.00102309
1.59,0.00102932
1.591,0.00103546
1.592,0.00104151
1.593,0.00104747
1.594,0.00105333
1.595,0.00105911
1.596,0.0010648
1.597,0.0010704
1.598,0.00107591
1.599,0.00108133
1.6,0.00108667
1.601,0.00109192
1.602,0.00109709
1.603,0.00110217
1.604,0.00110717
1.605,0.00111208
1.606,0.00111691
1.607,0.00112166
1.608,0.00112633
1.609,0.00113092
1.61,0.00113543
1.611,0.00113986
1.612,0.00114421
1.613,0.00114848
1.614,0.00115267
1.615,0.00115679
1.616,0.00116083
1.617,0.0011648
1.618,0.00116869
1.619,0.00117251
1.62,0.00117625
1.621,0.00117992
1.622,0.00118351
1.623,0.00118704
1.624,0.00119049
1.625,0.00119387
1.626,0.00119718
1.627,0.00120043
1.628,0.0012036
1.629,0.0012067
1.63,0.00120974
1.631,0.00121271
1.632,0.00121561
1.633,0.00121844
1.634,0.00122121
1.635,0.00122391
1.636,0.00122655
1.637,0.00122913
1.638,0.00123164
1.639,0.00123409
1.64,0.00123647
1.641,0.0012388
1.642,0.00124106
1.643,0.00124326
1.644,0.0012454
1.645,0.00124748
1.646,0.0012495
1.647,0.00125146
1.648,0.00125336
1.649,0.00125521
1.65,0.001257
1.651,0.00125873
1.652,0.0012604
1.653,0.00126202
1.654,0.00126358
1.655,0.00126509
1.656,0.00126654
1.657,0.00126794
1.658,0.00126929
1.659,0.00127058
1.66,0.00127182
1.661,0.00127301
1.662,0.00127414
1.663,0.00127523
1.664,0.00127626
1.665,0.00127725
1.666,0.00127818
1.667,0.00127906
1.668,0.0012799
1.669,0.00128069
1.67,0.00128142
1.671,0.00128212
1.672,0.00128276
1.673,0.00128336
1.674,0.00128391
1.675,0.00128441
1.676,0.00128487
1.677,0.00128528
1.678,0.00128565
1.679,0.00128598
1.68,0.00128626
1.681,0.0012865
1.682,0.00128669
1.683,0.00128685
1.684,0.00128696
1.685,0.00128703
1.686,0.00128705
1.687,0.00128704
1.688,0.00128698
1.689,0.00128689
1.69,0.00128676
1.691,0.00128658
1.692,0.00128637
1.693,0.00128612
1.694,0.00128583
1.695,0.0012855
1.696,0.00128513
1.697,0.00128473
1.698,0.00128429
1.699,0.00128382
1.7,0.00128331
1.701,0.00128276
1.702,0.00128218
1.703,0.00128156
1.704,0.00128091
1.705,0.00128022
1.706,0.0012795
1.707,0.00127874
1.708,0.00127796
1.709,0.00127714
1.71,0.00127628
1.711,0.0012754
1.712,0.00127448
1.713,0.00127353
1.714,0.00127255
1.715,0.00127154
1.716,0.0012705
1.717,0.00126943
1.718,0.00126833
1.719,0.0012672
1.72,0.00126604
1.721,0.00126485
1.722,0.00126363
1.723,0.00126239
1.724,0.00126111
1.725,0.00125981
1.726,0.00125848
1.727,0.00125713
1.728,0.00125575
1.729,0.00125434
1.73,0.0012529
1.731,0.00125144
1.732,0.00124995
1.733,0.00124844
1.734,0.00124691
1.735,0.00124534
1.736,0.00124376
1.737,0.00124215
1.738,0.00124051
1.739,0.00123885
1.74,0.00123717
1.741,0.00123547
1.742,0.00123374
1.743,0.00123199
1.744,0.00123022
1.745,0.00122843
1.746,0.00122661
1.747,0.00122478
1.748,0.00122292
1.749,0.00122104
1.75,0.00121914
1.751,0.00121722
1.752,0.00121528
1.753,0.00121332
1.754,0.00121134
1.755,0.00120934
1.756,0.00120732
1.757,0.00120529
1.758,0.00120323
1.759,0.00120116
1.76,0.00119907
1.761,0.00119696
1.762,0.00119483
1.763,0.00119268
1.764,0.00119052
1.765,0.00118834
1.766,0.00118615
1.767,0.00118393
1.768,0.00118171
1.769,0.00117946
1.77,0.0011772
1.771,0.00117492
1.772,0.00117263
1.773,0.00117033
1.774,0.001168
1.775,0.00116567
1.776,0.00116332
1.777,0.00116095
1.778,0.00115857
1.779,0.00115618
1.78,0.00115377
1.781,0.00115135
1.782,0.00114892
1.783,0.00114647
1.784,0.00114401
1.785,0.00114154
1.786,0.00113905
1.787,0.00113656
1.788,0.00113405
1.789,0.00113153
1.79,0.00112899
1.791,0.00112645
1.792,0.00112389
1.793,0.00112133
1.794,0.00111875
1.795,0.00111616
1.796,0.00111356
1.797,0.00111095
1.798,0.00110833
1.799,0.0011057
1.8,0.00110306
1.801,0.00110041
1.802,0.00109775
1.803,0.00109509
1.804,0.00109241
1.805,0.00108972
1.806,0.00108703
1.807,0.00108432
1.808,0.00108161
1.809,0.00107889
1.81,0.00107616
1.811,0.00107342
1.812,0.00107068
1.813,0.00106793
1.814,0.00106517
1.815,0.0010624
1.816,0.00105963
1.817,0.00105685
1.818,0.00105406
1.819,0.00105126
1.82,0.00104846
1.821,0.00104565
1.822,0.00104284
1.823,0.00104002
1.824,0.00103719
1.825,0.00103436
1.826,0.00103152
1.827,0.00102868
1.828,0.00102583
1.829,0.00102297
1.83,0.00102011
1.831,0.00101725
1.832,0.00101438
1.833,0.00101151
1.834,0.00100863
1.835,0.00100574
1.836,0.00100286
1.837,0.000999965
1.838,0.00099707
1.839,0.00099417
1.84,0.000991266
1.841,0.000988359
1.842,0.000985449
1.843,0.000982534
1.844,0.000979617
1.845,0.000976696
1.846,0.000973772
1.847,0.000970846
1.848,0.000967916
1.849,0.000964984
1.85,0.000962049
1.851,0.000959112
1.852,0.000956172
1.853,0.00095323
1.854,0.000950286
1.855,0.00094734
1.856,0.000944392
1.857,0.000941442
1.858,0.000938491
1.859,0.000935538
1.86,0.000932583
1.861,0.000929627
1.862,0.00092667
1.863,0.000923711
1.864,0.000920752
1.865,0.000917791
1.866,0.00091483
1.867,0.000911868
1.868,0.000908905
1.869,0.000905942
1.87,0.000902978
1.871,0.000900014
1.872,0.00089705
1.873,0.000894085
1.874,0.00089112
1.875,0.000888156
1.876,0.000885191
1.877,0.000882227
1.878,0.000879263
1.879,0.000876299
1.88,0.000873336
1.881,0.000870373
1.882,0.000867411
1.883,0.000864449
1.884,0.000861489
1.885,0.000858529
1.886,0.00085557
1.887,0.000852613
1.888,0.000849656
1.889,0.000846701
1.89,0.000843747
1.891,0.000840794
1.892,0.000837843
1.893,0.000834893
1.894,0.000831945
1.895,0.000828999
1.896,0.000826054
1.897,0.000823112
1.898,0.000820171
1.899,0.000817232
1.9,0.000814295
1.901,0.00081136
1.902,0.000808428
1.903,0.000805498
1.904,0.00080257
1.905,0.000799644
1.906,0.000796721
1.907,0.000793801
1.908,0.000790883
1.909,0.000787968
1.91,0.000785056
1.911,0.000782146
1.912,0.000779239
1.913,0.000776335
1.914,0.000773434
1.915,0.000770537
1.916,0.000767642
1.917,0.00076475
1.918,0.000761862
1.919,0.000758977
1.92,0.000756096
1.921,0.000753217
1.922,0.000750343
1.923,0.000747471
1.924,0.000744604
1.925,0.00074174
1.926,0.000738879
1.927,0.000736023
1.928,0.00073317
1.929,0.000730321
1.93,0.000727476
1.931,0.000724635
1.932,0.000721798
1.933,0.000718965
1.934,0.000716136
1.935,0.000713311
1.936,0.00071049
1.937,0.000707674
1.938,0.000704862
1.939,0.000702054
1.94,0.000699251
1.941,0.000696452
1.942,0.000693657
1.943,0.000690867
1.944,0.000688082
1.945,0.000685301
1.946,0.000682525
1.947,0.000679754
1.948,0.000676987
1.949,0.000674225
1.95,0.000671468
1.951,0.000668716
1.952,0.000665968
1.953,0.000663226
1.954,0.000660488
1.955,0.000657756
1.956,0.000655028
1.957,0.000652306
1.958,0.000649589
1.959,0.000646877
1.96,0.00064417
1.961,0.000641468
1.962,0.000638772
1.963,0.000636081
1.964,0.000633395
1.965,0.000630714
1.966,0.000628039
1.967,0.00062537
1.968,0.000622706
1.969,0.000620047
1.97,0.000617394
1.971,0.000614746
1.972,0.000612104
1.973,0.000609468
1.974,0.000606837
1.975,0.000604212
1.976,0.000601592
1.977,0.000598978
1.978,0.00059637
1.979,0.000593768
1.98,0.000591171
1.981,0.000588581
1.982,0.000585996
1.983,0.000583417
1.984,0.000580844
1.985,0.000578277
1.986,0.000575716
1.987,0.000573161
1.988,0.000570611
1.989,0.000568068
1.99,0.000565531
1.991,0.000563
1.992,0.000560475
1.993,0.000557956
1.994,0.000555443
1.995,0.000552936
1.996,0.000550436
1.997,0.000547941
1.998,0.000545453
1.999,0.000542971
2,0.000540495
2.001,0.000538026
2.002,0.000535563
2.003,0.000533106
2.004,0.000530655
2.005,0.000528211
2.006,0.000525773
2.007,0.000523341
2.008,0.000520916
2.009,0.000518497
2.01,0.000516084
2.011,0.000513678
2.012,0.000511278
2.013,0.000508885
2.014,0.000506498
2.015,0.000504118
2.016,0.000501744
2.017,0.000499377
2.018,0.000497016
2.019,0.000494661
2.02,0.000492313
2.021,0.000489972
2.022,0.000487637
2.023,0.000485309
2.024,0.000482987
2.025,0.000480672
2.026,0.000478364
2.027,0.000476062
2.028,0.000473766
2.029,0.000471478
2.03,0.000469196
2.031,0.00046692
2.032,0.000464651
2.033,0.000462389
2.034,0.000460134
2.035,0.000457885
2.036,0.000455642
2.037,0.000453407
2.038,0.000451178
2.039,0.000448956
2.04,0.00044674
2.041,0.000444532
2.042,0.000442329
2.043,0.000440134
2.044,0.000437945
2.045,0.000435763
2.046,0.000433588
2.047,0.00043142
2.048,0.000429258
2.049,0.000427103
2.05,0.000424954
2.051,0.000422813
2.052,0.000420678
2.053,0.00041855
2.054,0.000416428
2.055,0.000414314
2.056,0.000412206
2.057,0.000410104
2.058,0.00040801
2.059,0.000405922
2.06,0.000403841
2.061,0.000401767
2.062,0.0003997
2.063,0.000397639
2.064,0.000395585
2.065,0.000393538
2.066,0.000391498
2.067,0.000389464
2.068,0.000387437
2.069,0.000385417
2.07,0.000383404
2.071,0.000381397
2.072,0.000379397
2.073,0.000377404
2.074,0.000375418
2.075,0.000373438
2.076,0.000371465
2.077,0.000369499
2.078,0.00036754
2.079,0.000365587
2.08,0.000363641
2.081,0.000361702
2.082,0.000359769
2.083,0.000357844
2.084,0.000355925
2.085,0.000354012
2.086,0.000352107
2.087,0.000350208
2.088,0.000348315
2.089,0.00034643
2.09,0.000344551
2.091,0.000342679
2.092,0.000340813
2.093,0.000338955
2.094,0.000337102
2.095,0.000335257
2.096,0.000333418
2.097,0.000331586
2.098,0.000329761
2.099,0.000327942
2.1,0.000326129
2.101,0.000324324
2.102,0.000322525
2.103,0.000320733
2.104,0.000318947
2.105,0.000317168
2.106,0.000315395
2.107,0.000313629
2.108,0.00031187
2.109,0.000310117
2.11,0.000308371
2.111,0.000306631
2.112,0.000304898
2.113,0.000303172
2.114,0.000301451
2.115,0.000299738
2.116,0.000298031
2.117,0.000296331
2.118,0.000294637
2.119,0.000292949
2.12,0.000291268
2.121,0.000289594
2.122,0.000287926
2.123,0.000286264
2.124,0.000284609
2.125,0.00028296
2.126,0.000281318
2.127,0.000279682
2.128,0.000278053
2.129,0.00027643
2.13,0.000274813
2.131,0.000273203
2.132,0.000271599
2.133,0.000270001
2.134,0.00026841
2.135,0.000266825
2.136,0.000265247
2.137,0.000263675
2.138,0.000262109
2.139,0.000260549
2.14,0.000258996
2.141,0.000257449
2.142,0.000255908
2.143,0.000254374
2.144,0.000252845
2.145,0.000251323
2.146,0.000249808
2.147,0.000248298
2.148,0.000246795
2.149,0.000245298
2.15,0.000243807
2.151,0.000242322
2.152,0.000240843
2.153,0.00023937
2.154,0.000237904
2.155,0.000236444
2.156,0.00023499
2.157,0.000233541
2.158,0.000232099
2.159,0.000230663
2.16,0.000229233
2.161,0.00022781
2.162,0.000226392
2.163,0.00022498
2.164,0.000223574
2.165,0.000222174
2.166,0.00022078
2.167,0.000219393
2.168,0.000218011
2.169,0.000216635
2.17,0.000215265
2.171,0.0002139
2.172,0.000212542
2.173,0.00021119
2.174,0.000209843
2.175,0.000208503
2.176,0.000207168
2.177,0.000205839
2.178,0.000204516
2.179,0.000203199
2.18,0.000201887
2.181,0.000200581
2.182,0.000199281
2.183,0.000197987
2.184,0.000196699
2.185,0.000195416
2.186,0.000194139
2.187,0.000192868
2.188,0.000191602
2.189,0.000190342
2.19,0.000189088
2.191,0.000187839
2.192,0.000186596
2.193,0.000185358
2.194,0.000184127
2.195,0.0001829
2.196,0.00018168
2.197,0.000180464
2.198,0.000179255
2.199,0.000178051
2.2,0.000176852
2.201,0.000175659
2.202,0.000174472
2.203,0.00017329
2.204,0.000172113
2.205,0.000170942
2.206,0.000169776
2.207,0.000168616
2.208,0.000167461
2.209,0.000166311
2.21,0.000165167
2.211,0.000164028
2.212,0.000162895
2.213,0.000161766
2.214,0.000160643
2.215,0.000159526
2.216,0.000158414
2.217,0.000157307
2.218,0.000156205
2.219,0.000155108
2.22,0.000154017
2.221,0.000152931
2.222,0.00015185
2.223,0.000150774
2.224,0.000149703
2.225,0.000148638
2.226,0.000147578
2.227,0.000146522
2.228,0.000145472
2.229,0.000144427
2.23,0.000143387
2.231,0.000142352
2.232,0.000141323
2.233,0.000140298
2.234,0.000139278
2.235,0.000138263
2.236,0.000137253
2.237,0.000136248
2.238,0.000135248
2.239,0.000134253
2.24,0.000133263
2.241,0.000132278
2.242,0.000131298
2.243,0.000130323
2.244,0.000129352
2.245,0.000128386
2.246,0.000127425
2.247,0.000126469
2.248,0.000125518
2.249,0.000124572
2.25,0.00012363
2.251,0.000122693
2.252,0.000121761
2.253,0.000120833
2.254,0.00011991
2.255,0.000118992
2.256,0.000118079
2.257,0.00011717
2.258,0.000116266
2.259,0.000115366
2.26,0.000114472
2.261,0.000113581
2.262,0.000112696
2.263,0.000111814
2.264,0.000110938
2.265,0.000110066
2.266,0.000109198
2.267,0.000108335
2.268,0.000107477
2.269,0.000106623
2.27,0.000105773
2.271,0.000104928
2.272,0.000104087
2.273,0.000103251
2.274,0.000102419
2.275,0.000101592
2.276,0.000100769
2.277,9.99499e-05
2.278,9.91355e-05
2.279,9.83254e-05
2.28,9.75197e-05
2.281,9.67182e-05
2.282,9.5921e-05
2.283,9.51281e-05
2.284,9.43394e-05
2.285,9.3555e-05
2.286,9.27748e-05
2.287,9.19987e-05
2.288,9.12269e-05
2.289,9.04593e-05
2.29,8.96958e-05
2.291,8.89365e-05
2.292,8.81813e-05
2.293,8.74302e-05
2.294,8.66832e-05
2.295,8.59403e-05
2.296,8.52015e-05
2.297,8.44667e-05
2.298,8.3736e-05
2.299,8.30093e-05
2.3,8.22866e-05
2.301,8.15679e-05
2.302,8.08532e-05
2.303,8.01424e-05
2.304,7.94356e-05
2.305,7.87328e-05
2.306,7.80339e-05
2.307,7.73388e-05
2.308,7.66477e-05
2.309,7.59605e-05
2.31,7.52771e-05
2.311,7.45976e-05
2.312,7.39219e-05
2.313,7.325e-05
2.314,7.25819e-05
2.315,7.19177e-05
2.316,7.12572e-05
2.317,7.06004e-05
2.318,6.99475e-05
2.319,6.92982e-05
2.32,6.86527e-05
2.321,6.80108e-05
2.322,6.73727e-05
2.323,6.67382e-05
2.324,6.61074e-05
2.325,6.54803e-05
2.326,6.48568e-05
2.327,6.42369e-05
2.328,6.36206e-05
2.329,6.30079e-05
2.33,6.23987e-05
2.331,6.17932e-05
2.332,6.11912e-05
2.333,6.05927e-05
2.334,5.99977e-05
2.335,5.94062e-05
2.336,5.88183e-05
2.337,5.82338e-05
2.338,5.76527e-05
2.339,5.70752e-05
2.34,5.6501e-05
2.341,5.59303e-05
2.342,5.5363e-05
2.343,5.47991e-05
2.344,5.42385e-05
2.345,5.36813e-05
2.346,5.31275e-05
2.347,5.2577e-05
2.348,5.20299e-05
2.349,5.1486e-05
2.35,5.09454e-05
2.351,5.04082e-05
2.352,4.98742e-05
2.353,4.93434e-05
2.354,4.88159e-05
2.355,4.82916e-05
2.356,4.77706e-05
2.357,4.72527e-05
2.358,4.6738e-05
2.359,4.62265e-05
2.36,4.57182e-05
2.361,4.5213e-05
2.362,4.47109e-05
2.363,4.4212e-05
2.364,4.37162e-05
2.365,4.32235e-05
2.366,4.27338e-05
2.367,4.22472e-05
2.368,4.17637e-05
2.369,4.12832e-05
2.37,4.08057e-05
2.371,4.03313e-05
2.372,3.98599e-05
2.373,3.93914e-05
2.374,3.89259e-05
2.375,3.84634e-05
2.376,3.80039e-05
2.377,3.75472e-05
2.378,3.70935e-05
2.379,3.66428e-05
2.38,3.61949e-05
2.381,3.57499e-05
2.382,3.53077e-05
2.383,3.48685e-05
2.384,3.4432e-05
2.385,3.39985e-05
2.386,3.35677e-05
2.387,3.31397e-05
2.388,3.27146e-05
2.389,3.22922e-05
2.39,3.18726e-05
2.391,3.14558e-05
2.392,3.10417e-05
2.393,3.06303e-05
2.394,3.02217e-05
2.395,2.98157e-05
2.396,2.94125e-05
2.397,2.9012e-05
2.398,2.86141e-05
2.399,2.82189e-05
2.4,2.78263e-05
2.401,2.74364e-05
2.402,2.70491e-05
2.403,2.66644e-05
2.404,2.62823e-05
2.405,2.59028e-05
2.406,2.55259e-05
2.407,2.51516e-05
2.408,2.47798e-05
2.409,2.44105e-05
2.41,2.40437e-05
2.411,2.36795e-05
2.412,2.33178e-05
2.413,2.29586e-05
2.414,2.26019e-05
2.415,2.22476e-05
2.416,2.18958e-05
2.417,2.15464e-05
2.418,2.11995e-05
2.419,2.0855e-05
2.42,2.05129e-05
2.421,2.01732e-05
2.422,1.98359e-05
2.423,1.95009e-05
2.424,1.91684e-05
2.425,1.88382e-05
2.426,1.85103e-05
2.427,1.81848e-05
2.428,1.78615e-05
2.429,1.75406e-05
2.43,1.7222e-05
2.431,1.69057e-05
2.432,1.65917e-05
2.433,1.62799e-05
2.434,1.59704e-05
2.435,1.56631e-05
2.436,1.5358e-05
2.437,1.50552e-05
2.438,1.47546e-05
2.439,1.44562e-05
2.44,1.416e-05
2.441,1.38659e-05
2.442,1.3574e-05
2.443,1.32843e-05
2.444,1.29967e-05
2.445,1.27112e-05
2.446,1.24279e-05
2.447,1.21467e-05
2.448,1.18676e-05
2.449,1.15906e-05
2.45,1.13156e-05
2.451,1.10428e-05
2.452,1.0772e-05
2.453,1.05032e-05
2.454,1.02365e-05
2.455,9.97179e-06
2.456,9.70912e-06
2.457,9.44846e-06
2.458,9.1898e-06
2.459,8.93312e-06
2.46,8.67843e-06
2.461,8.4257e-06
2.462,8.17493e-06
2.463,7.92611e-06
2.464,7.67923e-06
2.465,7.43427e-06
2.466,7.19123e-06
2.467,6.9501e-06
2.468,6.71087e-06
2.469,6.47352e-06
2.47,6.23806e-06
2.471,6.00446e-06
2.472,5.77272e-06
2.473,5.54283e-06
2.474,5.31478e-06
2.475,5.08856e-06
2.476,4.86416e-06
2.477,4.64156e-06
2.478,4.42077e-06
2.479,4.20177e-06
2.48,3.98456e-06
2.481,3.76911e-06
2.482,3.55543e-06
2.483,3.3435e-06
2.484,3.13331e-06
2.485,2.92486e-06
2.486,2.71813e-06
2.487,2.51312e-06
2.488,2.30982e-06
2.489,2.10822e-06
2.49,1.9083e-06
2.491,1.71006e-06
2.492,1.51349e-06
2.493,1.31859e-06
2.494,1.12533e-06
2.495,9.33723e-07
2.496,7.43746e-07
2.497,5.55395e-07
2.498,3.68659e-07
2.499,1.83531e-07
2.5,1.51591e-12
2.501,-1.81938e-07
2.502,-3.62297e-07
2.503,-5.41084e-07
2.504,-7.18307e-07
2.505,-8.93975e-07
2.506,-1.0681e-06
2.507,-1.24068e-06
2.508,-1.41174e-06
2.509,-1.58127e-06
2.51,-1.74929e-06
2.511,-1.91581e-06
2.512,-2.08084e-06
2.513,-2.24438e-06
2.514,-2.40644e-06
2.515,-2.56703e-06
2.516,-2.72615e-06
2.517,-2.88383e-06
2.518,-3.04006e-06
2.519,-3.19485e-06
2.52,-3.34822e-06
2.521,-3.50016e-06
2.522,-3.65069e-06
2.523,-3.79982e-06
2.524,-3.94755e-06
2.525,-4.0939e-06
2.526,-4.23886e-06
2.527,-4.38245e-06
2.528,-4.52468e-06
2.529,-4.66555e-06
2.53,-4.80507e-06
2.531,-4.94325e-06
2.532,-5.0801e-06
2.533,-5.21563e-06
2.534,-5.34984e-06
2.535,-5.48273e-06
2.536,-5.61433e-06
2.537,-5.74463e-06
2.538,-5.87365e-06
2.539,-6.00138e-06
2.54,-6.12785e-06
2.541,-6.25305e-06
2.542,-6.37699e-06
2.543,-6.49969e-06
2.544,-6.62114e-06
2.545,-6.74137e-06
2.546,-6.86036e-06
2.547,-6.97814e-06
2.548,-7.0947e-06
2.549,-7.21006e-06
2.55,-7.32422e-06
2.551,-7.43719e-06
2.552,-7.54898e-06
2.553,-7.65959e-06
2.554,-7.76903e-06
2.555,-7.87732e-06
2.556,-7.98444e-06
2.557,-8.09042e-06
2.558,-8.19526e-06
2.559,-8.29897e-06
2.56,-8.40155e-06
2.561,-8.50301e-06
2.562,-8.60336e-06
2.563,-8.7026e-06
2.564,-8.80075e-06
2.565,-8.8978e-06
2.566,-8.99377e-06
2.567,-9.08865e-06
2.568,-9.18247e-06
2.569,-9.27522e-06
2.57,-9.36692e-06
2.571,-9.45756e-06
2.572,-9.54715e-06
2.573,-9.63571e-06
2.574,-9.72324e-06
2.575,-9.80974e-06
2.576,-9.89522e-06
2.577,-9.97969e-06
2.578,-1.00631e-05
2.579,-1.01456e-05
2.58,-1.02271e-05
2.581,-1.03076e-05
2.582,-1.03871e-05
2.583,-1.04656e-05
2.584,-1.05432e-05
2.585,-1.06198e-05
2.586,-1.06954e-05
2.587,-1.07701e-05
2.588,-1.08438e-05
2.589,-1.09167e-05
2.59,-1.09885e-05
2.591,-1.10595e-05
2.592,-1.11295e-05
2.593,-1.11987e-05
2.594,-1.12669e-05
2.595,-1.13342e-05
2.596,-1.14006e-05
2.597,-1.14662e-05
2.598,-1.15308e-05
2.599,-1.15946e-05
2.6,-1.16575e-05
2.601,-1.17195e-05
2.602,-1.17807e-05
2.603,-1.1841e-05
2.604,-1.19005e-05
2.605,-1.19591e-05
2.606,-1.20169e-05
2.607,-1.20739e-05
2.608,-1.213e-05
2.609,-1.21853e-05
2.61,-1.22398e-05
2.611,-1.22935e-05
2.612,-1.23464e-05
2.613,-1.23985e-05
2.614,-1.24498e-05
2.615,-1.25003e-05
2.616,-1.25501e-05
2.617,-1.2599e-05
2.618,-1.26472e-05
2.619,-1.26946e-05
2.62,-1.27413e-05
2.621,-1.27872e-05
2.622,-1.28324e-05
2.623,-1.28768e-05
2.624,-1.29204e-05
2.625,-1.29634e-05
2.626,-1.30056e-05
2.627,-1.30471e-05
2.628,-1.30878e-05
2.629,-1.31279e-05
2.63,-1.31672e-05
2.631,-1.32059e-05
2.632,-1.32438e-05
2.633,-1.32811e-05
2.634,-1.33176e-05
2.635,-1.33535e-05
2.636,-1.33887e-05
2.637,-1.34232e-05
2.638,-1.34571e-05
2.639,-1.34903e-05
2.64,-1.35228e-05
2.641,-1.35547e-05
2.642,-1.35859e-05
2.643,-1.36165e-05
2.644,-1.36465e-05
2.645,-1.36758e-05
2.646,-1.37044e-05
2.647,-1.37325e-05
2.648,-1.37599e-05
2.649,-1.37868e-05
2.65,-1.3813e-05
2.651,-1.38385e-05
2.652,-1.38635e-05
2.653,-1.38879e-05
2.654,-1.39117e-05
2.655,-1.39349e-05
2.656,-1.39576e-05
2.657,-1.39796e-05
2.658,-1.40011e-05
2.659,-1.4022e-05
2.66,-1.40423e-05
2.661,-1.40621e-05
2.662,-1.40813e-05
2.663,-1.40999e-05
2.664,-1.4118e-05
2.665,-1.41356e-05
2.666,-1.41526e-05
2.667,-1.41691e-05
2.668,-1.4185e-05
2.669,-1.42004e-05
2.67,-1.42153e-05
2.671,-1.42297e-05
2.672,-1.42435e-05
2.673,-1.42569e-05
2.674,-1.42697e-05
2.675,-1.4282e-05
2.676,-1.42939e-05
2.677,-1.43052e-05
2.678,-1.4316e-05
2.679,-1.43264e-05
2.68,-1.43362e-05
2.681,-1.43456e-05
2.682,-1.43545e-05
2.683,-1.43629e-05
2.684,-1.43709e-05
2.685,-1.43784e-05
2.686,-1.43854e-05
2.687,-1.4392e-05
2.688,-1.43981e-05
2.689,-1.44038e-05
2.69,-1.4409e-05
2.691,-1.44138e-05
2.692,-1.44182e-05
2.693,-1.44221e-05
2.694,-1.44255e-05
2.695,-1.44286e-05
2.696,-1.44312e-05
2.697,-1.44334e-05
2.698,-1.44352e-05
2.699,-1.44366e-05
2.7,-1.44375e-05
2.701,-1.44381e-05
2.702,-1.44382e-05
2.703,-1.4438e-05
2.704,-1.44373e-05
2.705,-1.44363e-05
2.706,-1.44348e-05
2.707,-1.4433e-05
2.708,-1.44308e-05
2.709,-1.44282e-05
2.71,-1.44253e-05
2.711,-1.4422e-05
2.712,-1.44183e-05
2.713,-1.44142e-05
2.714,-1.44098e-05
2.715,-1.4405e-05
2.716,-1.43998e-05
2.717,-1.43943e-05
2.718,-1.43885e-05
2.719,-1.43823e-05
2.72,-1.43758e-05
2.721,-1.43689e-05
2.722,-1.43617e-05
2.723,-1.43541e-05
2.724,-1.43462e-05
2.725,-1.4338e-05
2.726,-1.43295e-05
2.727,-1.43206e-05
2.728,-1.43114e-05
2.729,-1.43019e-05
2.73,-1.42921e-05
2.731,-1.4282e-05
2.732,-1.42716e-05
2.733,-1.42609e-05
2.734,-1.42498e-05
2.735,-1.42385e-05
2.736,-1.42269e-05
2.737,-1.4215e-05
2.738,-1.42028e-05
2.739,-1.41903e-05
2.74,-1.41775e-05
2.741,-1.41644e-05
2.742,-1.41511e-05
2.743,-1.41375e-05
2.744,-1.41236e-05
2.745,-1.41094e-05
2.746,-1.4095e-05
2.747,-1.40803e-05
2.748,-1.40653e-05
2.749,-1.40501e-05
2.75,-1.40347e-05
2.751,-1.40189e-05
2.752,-1.4003e-05
2.753,-1.39867e-05
2.754,-1.39703e-05
2.755,-1.39535e-05
2.756,-1.39366e-05
2.757,-1.39194e-05
2.758,-1.39019e-05
2.759,-1.38843e-05
2.76,-1.38664e-05
2.761,-1.38482e-05
2.762,-1.38299e-05
2.763,-1.38113e-05
2.764,-1.37925e-05
2.765,-1.37735e-05
2.766,-1.37542e-05
2.767,-1.37348e-05
2.768,-1.37151e-05
2.769,-1.36952e-05
2.77,-1.36752e-05
2.771,-1.36549e-05
2.772,-1.36344e-05
2.773,-1.36137e-05
2.774,-1.35928e-05
2.775,-1.35717e-05
2.776,-1.35504e-05
2.777,-1.3529e-05
2.778,-1.35073e-05
2.779,-1.34855e-05
2.78,-1.34634e-05
2.781,-1.34412e-05
2.782,-1.34188e-05
2.783,-1.33963e-05
2.784,-1.33735e-05
2.785,-1.33506e-05
2.786,-1.33275e-05
2.787,-1.33042e-05
2.788,-1.32808e-05
2.789,-1.32572e-05
2.79,-1.32335e-05
2.791,-1.32095e-05
2.792,-1.31855e-05
2.793,-1.31612e-05
2.794,-1.31368e-05
2.795,-1.31123e-05
2.796,-1.30876e-05
2.797,-1.30627e-05
2.798,-1.30377e-05
2.799,-1.30126e-05
2.8,-1.29873e-05
2.801,-1.29619e-05
2.802,-1.29363e-05
2.803,-1.29106e-05
2.804,-1.28848e-05
2.805,-1.28588e-05
2.806,-1.28327e-05
2.807,-1.28065e-05
2.808,-1.27801e-05
2.809,-1.27536e-05
2.81,-1.2727e-05
2.811,-1.27003e-05
2.812,-1.26734e-05
2.813,-1.26464e-05
2.814,-1.26193e-05
2.815,-1.25921e-05
2.816,-1.25648e-05
2.817,-1.25374e-05
2.818,-1.25098e-05
2.819,-1.24822e-05
2.82,-1.24544e-05
2.821,-1.24265e-05
2.822,-1.23985e-05
2.823,-1.23705e-05
2.824,-1.23423e-05
2.825,-1.2314e-05
2.826,-1.22856e-05
2.827,-1.22571e-05
2.828,-1.22286e-05
2.829,-1.21999e-05
2.83,-1.21712e-05
2.831,-1.21423e-05
2.832,-1.21134e-05
2.833,-1.20844e-05
2.834,-1.20553e-05
2.835,-1.20261e-05
2.836,-1.19968e-05
2.837,-1.19675e-05
2.838,-1.19381e-05
2.839,-1.19086e-05
2.84,-1.1879e-05
2.841,-1.18493e-05
2.842,-1.18196e-05
2.843,-1.17898e-05
2.844,-1.17599e-05
2.845,-1.173e-05
2.846,-1.17e-05
2.847,-1.16699e-05
2.848,-1.16398e-05
2.849,-1.16096e-05
2.85,-1.15793e-05
2.851,-1.1549e-05
2.852,-1.15186e-05
2.853,-1.14882e-05
2.854,-1.14577e-05
2.855,-1.14271e-05
2.856,-1.13965e-05
2.857,-1.13659e-05
2.858,-1.13352e-05
2.859,-1.13044e-05
2.86,-1.12736e-05
2.861,-1.12428e-05
2.862,-1.12119e-05
2.863,-1.11809e-05
2.864,-1.11499e-05
2.865,-1.11189e-05
2.866,-1.10878e-05
2.867,-1.10567e-05
2.868,-1.10255e-05
2.869,-1.09944e-05
2.87,-1.09631e-05
2.871,-1.09319e-05
2.872,-1.09006e-05
2.873,-1.08692e-05
2.874,-1.08379e-05
2.875,-1.08065e-05
2.876,-1.07751e-05
2.877,-1.07436e-05
2.878,-1.07121e-05
2.879,-1.06806e-05
2.88,-1.06491e-05
2.881,-1.06175e-05
2.882,-1.05859e-05
2.883,-1.05543e-05
2.884,-1.05227e-05
2.885,-1.04911e-05
2.886,-1.04594e-05
2.887,-1.04277e-05
2.888,-1.0396e-05
2.889,-1.03643e-05
2.89,-1.03326e-05
2.891,-1.03009e-05
2.892,-1.02691e-05
2.893,-1.02373e-05
2.894,-1.02055e-05
2.895,-1.01738e-05
2.896,-1.0142e-05
2.897,-1.01102e-05
2.898,-1.00783e-05
2.899,-1.00465e-05
2.9,-1.00147e-05
2.901,-9.98286e-06
2.902,-9.95103e-06
2.903,-9.91919e-06
2.904,-9.88735e-06
2.905,-9.85551e-06
2.906,-9.82367e-06
2.907,-9.79183e-06
2.908,-9.76e-06
2.909,-9.72816e-06
2.91,-9.69633e-06
2.911,-9.6645e-06
2.912,-9.63268e-06
2.913,-9.60086e-06
2.914,-9.56905e-06
2.915,-9.53725e-06
2.916,-9.50545e-06
2.917,-9.47367e-06
2.918,-9.44189e-06
2.919,-9.41012e-06
2.92,-9.37837e-06
2.921,-9.34663e-06
2.922,-9.3149e-06
2.923,-9.28318e-06
2.924,-9.25148e-06
2.925,-9.21979e-06
2.926,-9.18812e-06
2.927,-9.15647e-06
2.928,-9.12483e-06
2.929,-9.09321e-06
2.93,-9.06161e-06
2.931,-9.03003e-06
2.932,-8.99847e-06
2.933,-8.96693e-06
2.934,-8.93541e-06
2.935,-8.90392e-06
2.936,-8.87244e-06
2.937,-8.84099e-06
2.938,-8.80957e-06
2.939,-8.77816e-06
2.94,-8.74679e-06
2.941,-8.71544e-06
2.942,-8.68412e-06
2.943,-8.65282e-06
2.944,-8.62155e-06
2.945,-8.59031e-06
2.946,-8.5591e-06
2.947,-8.52792e-06
2.948,-8.49677e-06
2.949,-8.46565e-06
2.95,-8.43456e-06
2.951,-8.40351e-06
2.952,-8.37248e-06
2.953,-8.34149e-06
2.954,-8.31054e-06
2.955,-8.27962e-06
2.956,-8.24873e-06
2.957,-8.21788e-06
2.958,-8.18706e-06
2.959,-8.15628e-06
2.96,-8.12554e-06
2.961,-8.09483e-06
2.962,-8.06417e-06
2.963,-8.03354e-06
2.964,-8.00295e-06
2.965,-7.9724e-06
2.966,-7.94189e-06
2.967,-7.91142e-06
2.968,-7.88099e-06
2.969,-7.8506e-06
2.97,-7.82026e-06
2.971,-7.78996e-06
2.972,-7.7597e-06
2.973,-7.72948e-06
2.974,-7.69931e-06
2.975,-7.66918e-06
2.976,-7.63909e-06
2.977,-7.60906e-06
2.978,-7.57906e-06
2.979,-7.54912e-06
2.98,-7.51922e-06
2.981,-7.48936e-06
2.982,-7.45955e-06
2.983,-7.4298e-06
2.984,-7.40008e-06
2.985,-7.37042e-06
2.986,-7.34081e-06
2.987,-7.31124e-06
2.988,-7.28173e-06
2.989,-7.25226e-06
2.99,-7.22285e-06
2.991,-7.19348e-06
2.992,-7.16417e-06
2.993,-7.13491e-06
2.994,-7.1057e-06
2.995,-7.07654e-06
2.996,-7.04743e-06
2.997,-7.01838e-06
2.998,-6.98938e-06
2.999,-6.96044e-06
3,-6.93154e-06
3.001,-6.90271e-06
3.002,-6.87392e-06
3.003,-6.84519e-06
3.004,-6.81652e-06
3.005,-6.7879e-06
3.006,-6.75934e-06
3.007,-6.73083e-06
3.008,-6.70238e-06
3.009,-6.67399e-06
3.01,-6.64565e-06
3.011,-6.61738e-06
3.012,-6.58915e-06
3.013,-6.56099e-06
3.014,-6.53288e-06
3.015,-6.50484e-06
3.016,-6.47685e-06
3.017,-6.44892e-06
3.018,-6.42104e-06
3.019,-6.39323e-06
3.02,-6.36548e-06
3.021,-6.33779e-06
3.022,-6.31015e-06
3.023,-6.28258e-06
3.024,-6.25507e-06
3.025,-6.22762e-06
3.026,-6.20023e-06
3.027,-6.1729e-06
3.028,-6.14563e-06
3.029,-6.11843e-06
3.03,-6.09128e-06
3.031,-6.0642e-06
3.032,-6.03718e-06
3.033,-6.01022e-06
3.034,-5.98333e-06
3.035,-5.9565e-06
3.036,-5.92973e-06
3.037,-5.90303e-06
3.038,-5.87638e-06
3.039,-5.84981e-06
3.04,-5.82329e-06
3.041,-5.79684e-06
3.042,-5.77046e-06
3.043,-5.74413e-06
3.044,-5.71788e-06
3.045,-5.69169e-06
3.046,-5.66556e-06
3.047,-5.6395e-06
3.048,-5.6135e-06
3.049,-5.58757e-06
3.05,-5.5617e-06
3.051,-5.5359e-06
3.052,-5.51016e-06
3.053,-5.48449e-06
3.054,-5.45889e-06
3.055,-5.43335e-06
3.056,-5.40788e-06
3.057,-5.38248e-06
3.058,-5.35714e-06
3.059,-5.33187e-06
3.06,-5.30666e-06
3.061,-5.28152e-06
3.062,-5.25645e-06
3.063,-5.23145e-06
3.064,-5.20651e-06
3.065,-5.18164e-06
3.066,-5.15684e-06
3.067,-5.13211e-06
3.068,-5.10744e-06
3.069,-5.08284e-06
3.07,-5.05831e-06
3.071,-5.03385e-06
3.072,-5.00945e-06
3.073,-4.98513e-06
3.074,-4.96087e-06
3.075,-4.93668e-06
3.076,-4.91256e-06
3.077,-4.8885e-06
3.078,-4.86452e-06
3.079,-4.8406e-06
3.08,-4.81675e-06
3.081,-4.79297e-06
3.082,-4.76926e-06
3.083,-4.74562e-06
3.084,-4.72205e-06
3.085,-4.69854e-06
3.086,-4.67511e-06
3.087,-4.65174e-06
3.088,-4.62844e-06
3.089,-4.60521e-06
3.09,-4.58205e-06
3.091,-4.55896e-06
3.092,-4.53594e-06
3.093,-4.51299e-06
3.094,-4.49011e-06
3.095,-4.4673e-06
3.096,-4.44455e-06
3.097,-4.42188e-06
3.098,-4.39927e-06
3.099,-4.37674e-06
3.1,-4.35427e-06
3.101,-4.33188e-06
3.102,-4.30955e-06
3.103,-4.28729e-06
3.104,-4.26511e-06
3.105,-4.24299e-06
3.106,-4.22094e-06
3.107,-4.19896e-06
3.108,-4.17705e-06
3.109,-4.15521e-06
3.11,-4.13344e-06
3.111,-4.11174e-06
3.112,-4.09011e-06
3.113,-4.06855e-06
3.114,-4.04705e-06
3.115,-4.02563e-06
3.116,-4.00428e-06
3.117,-3.98299e-06
3.118,-3.96178e-06
3.119,-3.94064e-06
3.12,-3.91956e-06
3.121,-3.89856e-06
3.122,-3.87762e-06
3.123,-3.85675e-06
3.124,-3.83596e-06
3.125,-3.81523e-06
3.126,-3.79457e-06
3.127,-3.77398e-06
3.128,-3.75346e-06
3.129,-3.73301e-06
3.13,-3.71263e-06
3.131,-3.69232e-06
3.132,-3.67208e-06
3.133,-3.6519e-06
3.134,-3.6318e-06
3.135,-3.61176e-06
3.136,-3.5918e-06
3.137,-3.5719e-06
3.138,-3.55207e-06
3.139,-3.53231e-06
3.14,-3.51262e-06
3.141,-3.493e-06
3.142,-3.47344e-06
3.143,-3.45396e-06
3.144,-3.43454e-06
3.145,-3.4152e-06
3.146,-3.39592e-06
3.147,-3.37671e-06
3.148,-3.35757e-06
3.149,-3.33849e-06
3.15,-3.31949e-06
3.151,-3.30055e-06
3.152,-3.28168e-06
3.153,-3.26288e-06
3.154,-3.24415e-06
3.155,-3.22548e-06
3.156,-3.20689e-06
3.157,-3.18836e-06
3.158,-3.1699e-06
3.159,-3.1515e-06
3.16,-3.13318e-06
3.161,-3.11492e-06
3.162,-3.09673e-06
3.163,-3.0786e-06
3.164,-3.06055e-06
3.165,-3.04256e-06
3.166,-3.02464e-06
3.167,-3.00678e-06
3.168,-2.98899e-06
3.169,-2.97127e-06
3.17,-2.95362e-06
3.171,-2.93603e-06
3.172,-2.91851e-06
3.173,-2.90106e-06
3.174,-2.88367e-06
3.175,-2.86635e-06
3.176,-2.84909e-06
3.177,-2.8319e-06
3.178,-2.81478e-06
3.179,-2.79773e-06
3.18,-2.78073e-06
3.181,-2.76381e-06
3.182,-2.74695e-06
3.183,-2.73016e-06
3.184,-2.71343e-06
3.185,-2.69677e-06
3.186,-2.68017e-06
3.187,-2.66364e-06
3.188,-2.64717e-06
3.189,-2.63077e-06
3.19,-2.61443e-06
3.191,-2.59816e-06
3.192,-2.58195e-06
3.193,-2.56581e-06
3.194,-2.54973e-06
3.195,-2.53371e-06
3.196,-2.51776e-06
3.197,-2.50188e-06
3.198,-2.48606e-06
3.199,-2.4703e-06
3.2,-2.45461e-06
3.201,-2.43898e-06
3.202,-2.42341e-06
3.203,-2.40791e-06
3.204,-2.39247e-06
3.205,-2.37709e-06
3.206,-2.36178e-06
3.207,-2.34653e-06
3.208,-2.33134e-06
3.209,-2.31621e-06
3.21,-2.30115e-06
3.211,-2.28615e-06
3.212,-2.27121e-06
3.213,-2.25634e-06
3.214,-2.24153e-06
3.215,-2.22678e-06
3.216,-2.21209e-06
3.217,-2.19746e-06
3.218,-2.1829e-06
3.219,-2.16839e-06
3.22,-2.15395e-06
3.221,-2.13957e-06
3.222,-2.12525e-06
3.223,-2.11099e-06
3.224,-2.09679e-06
3.225,-2.08266e-06
3.226,-2.06858e-06
3.227,-2.05456e-06
3.228,-2.04061e-06
3.229,-2.02671e-06
3.23,-2.01288e-06
3.231,-1.9991e-06
3.232,-1.98539e-06
3.233,-1.97173e-06
3.234,-1.95814e-06
3.235,-1.9446e-06
3.236,-1.93112e-06
3.237,-1.91771e-06
3.238,-1.90435e-06
3.239,-1.89105e-06
3.24,-1.87781e-06
3.241,-1.86462e-06
3.242,-1.8515e-06
3.243,-1.83844e-06
3.244,-1.82543e-06
3.245,-1.81248e-06
3.246,-1.79959e-06
3.247,-1.78676e-06
3.248,-1.77398e-06
3.249,-1.76126e-06
3.25,-1.7486e-06
3.251,-1.736e-06
3.252,-1.72345e-06
3.253,-1.71096e-06
3.254,-1.69853e-06
3.255,-1.68616e-06
3.256,-1.67384e-06
3.257,-1.66158e-06
3.258,-1.64937e-06
3.259,-1.63722e-06
3.26,-1.62513e-06
3.261,-1.61309e-06
3.262,-1.60111e-06
3.263,-1.58918e-06
3.264,-1.57731e-06
3.265,-1.56549e-06
3.266,-1.55373e-06
3.267,-1.54203e-06
3.268,-1.53038e-06
3.269,-1.51878e-06
3.27,-1.50724e-06
3.271,-1.49575e-06
3.272,-1.48432e-06
3.273,-1.47294e-06
3.274,-1.46161e-06
3.275,-1.45034e-06
3.276,-1.43913e-06
3.277,-1.42796e-06
3.278,-1.41685e-06
3.279,-1.40579e-06
3.28,-1.39479e-06
3.281,-1.38384e-06
3.282,-1.37294e-06
3.283,-1.3621e-06
3.284,-1.3513e-06
3.285,-1.34056e-06
3.286,-1.32987e-06
3.287,-1.31924e-06
3.288,-1.30865e-06
3.289,-1.29812e-06
3.29,-1.28764e-06
3.291,-1.27721e-06
3.292,-1.26683e-06
3.293,-1.2565e-06
3.294,-1.24623e-06
3.295,-1.236e-06
3.296,-1.22583e-06
3.297,-1.2157e-06
3.298,-1.20563e-06
3.299,-1.19561e-06
3.3,-1.18563e-06
3.301,-1.17571e-06
3.302,-1.16584e-06
3.303,-1.15601e-06
3.304,-1.14624e-06
3.305,-1.13651e-06
3.306,-1.12684e-06
3.307,-1.11721e-06
3.308,-1.10763e-06
3.309,-1.0981e-06
3.31,-1.08862e-06
3.311,-1.07919e-06
3.312,-1.06981e-06
3.313,-1.06047e-06
3.314,-1.05119e-06
3.315,-1.04195e-06
3.316,-1.03275e-06
3.317,-1.02361e-06
3.318,-1.01451e-06
3.319,-1.00546e-06
3.32,-9.96462e-07
3.321,-9.87507e-07
3.322,-9.78598e-07
3.323,-9.69736e-07
3.324,-9.60921e-07
3.325,-9.52151e-07
3.326,-9.43429e-07
3.327,-9.34752e-07
3.328,-9.26121e-07
3.329,-9.17536e-07
3.33,-9.08996e-07
3.331,-9.00502e-07
3.332,-8.92053e-07
3.333,-8.8365e-07
3.334,-8.75291e-07
3.335,-8.66977e-07
3.336,-8.58708e-07
3.337,-8.50484e-07
3.338,-8.42304e-07
3.339,-8.34168e-07
3.34,-8.26076e-07
3.341,-8.18028e-07
3.342,-8.10024e-07
3.343,-8.02064e-07
3.344,-7.94147e-07
3.345,-7.86274e-07
3.346,-7.78444e-07
3.347,-7.70656e-07
3.348,-7.62912e-07
3.349,-7.55211e-07
3.35,-7.47552e-07
3.351,-7.39935e-07
3.352,-7.32361e-07
3.353,-7.24829e-07
3.354,-7.17339e-07
3.355,-7.09891e-07
3.356,-7.02485e-07
3.357,-6.9512e-07
3.358,-6.87797e-07
3.359,-6.80515e-07
3.36,-6.73274e-07
3.361,-6.66074e-07
3.362,-6.58915e-07
3.363,-6.51797e-07
3.364,-6.44719e-07
3.365,-6.37681e-07
3.366,-6.30684e-07
3.367,-6.23727e-07
3.368,-6.1681e-07
3.369,-6.09933e-07
3.37,-6.03095e-07
3.371,-5.96297e-07
3.372,-5.89538e-07
3.373,-5.82818e-07
3.374,-5.76138e-07
3.375,-5.69496e-07
3.376,-5.62894e-07
3.377,-5.5633e-07
3.378,-5.49804e-07
3.379,-5.43317e-07
3.38,-5.36868e-07
3.381,-5.30457e-07
3.382,-5.24084e-07
3.383,-5.17749e-07
3.384,-5.11451e-07
3.385,-5.05191e-07
3.386,-4.98969e-07
3.387,-4.92783e-07
3.388,-4.86635e-07
3.389,-4.80523e-07
3.39,-4.74449e-07
3.391,-4.6841e-07
3.392,-4.62409e-07
3.393,-4.56444e-07
3.394,-4.50515e-07
3.395,-4.44622e-07
3.396,-4.38765e-07
3.397,-4.32944e-07
3.398,-4.27158e-07
3.399,-4.21408e-07
3.4,-4.15694e-07
3.401,-4.10014e-07
3.402,-4.0437e-07
3.403,-3.98761e-07
3.404,-3.93186e-07
3.405,-3.87646e-07
3.406,-3.82141e-07
3.407,-3.7667e-07
3.408,-3.71234e-07
3.409,-3.65831e-07
3.41,-3.60463e-07
3.411,-3.55128e-07
3.412,-3.49827e-07
3.413,-3.4456e-07
3.414,-3.39326e-07
3.415,-3.34125e-07
3.416,-3.28958e-07
3.417,-3.23823e-07
3.418,-3.18722e-07
3.419,-3.13653e-07
3.42,-3.08617e-07
3.421,-3.03614e-07
3.422,-2.98642e-07
3.423,-2.93703e-07
3.424,-2.88796e-07
3.425,-2.83921e-07
3.426,-2.79078e-07
3.427,-2.74267e-07
3.428,-2.69487e-07
3.429,-2.64738e-07
3.43,-2.60021e-07
3.431,-2.55335e-07
3.432,-2.5068e-07
3.433,-2.46056e-07
3.434,-2.41463e-07
3.435,-2.369e-07
3.436,-2.32368e-07
3.437,-2.27866e-07
3.438,-2.23394e-07
3.439,-2.18953e-07
3.44,-2.14542e-07
3.441,-2.1016e-07
3.442,-2.05808e-07
3.443,-2.01486e-07
3.444,-1.97193e-07
3.445,-1.92929e-07
3.446,-1.88695e-07
3.447,-1.8449e-07
3.448,-1.80314e-07
3.449,-1.76166e-07
3.45,-1.72048e-07
3.451,-1.67957e-07
3.452,-1.63896e-07
3.453,-1.59862e-07
3.454,-1.55857e-07
3.455,-1.5188e-07
3.456,-1.47931e-07
3.457,-1.4401e-07
3.458,-1.40116e-07
3.459,-1.3625e-07
3.46,-1.32412e-07
3.461,-1.28601e-07
3.462,-1.24817e-07
3.463,-1.2106e-07
3.464,-1.1733e-07
3.465,-1.13627e-07
3.466,-1.0995e-07
3.467,-1.063e-07
3.468,-1.02677e-07
3.469,-9.908e-08
3.47,-9.55092e-08
3.471,-9.19646e-08
3.472,-8.8446e-08
3.473,-8.49532e-08
3.474,-8.14862e-08
3.475,-7.80448e-08
3.476,-7.4629e-08
3.477,-7.12385e-08
3.478,-6.78733e-08
3.479,-6.45333e-08
3.48,-6.12183e-08
3.481,-5.79283e-08
3.482,-5.46631e-08
3.483,-5.14225e-08
3.484,-4.82065e-08
3.485,-4.5015e-08
3.486,-4.18479e-08
3.487,-3.8705e-08
3.488,-3.55862e-08
3.489,-3.24914e-08
3.49,-2.94204e-08
3.491,-2.63733e-08
3.492,-2.33498e-08
3.493,-2.03499e-08
3.494,-1.73733e-08
3.495,-1.44202e-08
3.496,-1.14902e-08
3.497,-8.58328e-09
3.498,-5.69937e-09
3.499,-2.83834e-09
3.5,-6.31155e-14
3.501,2.81556e-09
3.502,5.60865e-09
3.503,8.3793e-09
3.504,1.11276e-08
3.505,1.38538e-08
3.506,1.65578e-08
3.507,1.92398e-08
3.508,2.19e-08
3.509,2.45384e-08
3.51,2.71551e-08
3.511,2.97502e-08
3.512,3.23239e-08
3.513,3.48763e-08
3.514,3.74074e-08
3.515,3.99174e-08
3.516,4.24064e-08
3.517,4.48744e-08
3.518,4.73216e-08
3.519,4.97482e-08
3.52,5.21541e-08
3.521,5.45395e-08
3.522,5.69045e-08
3.523,5.92492e-08
3.524,6.15738e-08
3.525,6.38782e-08
3.526,6.61627e-08
3.527,6.84273e-08
3.528,7.06721e-08
3.529,7.28972e-08
3.53,7.51028e-08
3.531,7.72889e-08
3.532,7.94556e-08
3.533,8.1603e-08
3.534,8.37313e-08
3.535,8.58405e-08
3.536,8.79307e-08
3.537,9.00021e-08
3.538,9.20547e-08
3.539,9.40886e-08
3.54,9.61039e-08
3.541,9.81007e-08
3.542,1.00079e-07
3.543,1.02039e-07
3.544,1.03981e-07
3.545,1.05905e-07
3.546,1.07811e-07
3.547,1.09699e-07
3.548,1.11569e-07
3.549,1.13422e-07
3.55,1.15257e-07
3.551,1.17074e-07
3.552,1.18874e-07
3.553,1.20657e-07
3.554,1.22422e-07
3.555,1.2417e-07
3.556,1.25901e-07
3.557,1.27616e-07
3.558,1.29313e-07
3.559,1.30994e-07
3.56,1.32658e-07
3.561,1.34305e-07
3.562,1.35936e-07
3.563,1.3755e-07
3.564,1.39148e-07
3.565,1.4073e-07
3.566,1.42296e-07
3.567,1.43846e-07
3.568,1.45379e-07
3.569,1.46897e-07
3.57,1.48399e-07
3.571,1.49886e-07
3.572,1.51357e-07
3.573,1.52812e-07
3.574,1.54252e-07
3.575,1.55676e-07
3.576,1.57085e-07
3.577,1.5848e-07
3.578,1.59859e-07
3.579,1.61223e-07
3.58,1.62572e-07
3.581,1.63906e-07
3.582,1.65226e-07
3.583,1.66531e-07
3.584,1.67821e-07
3.585,1.69097e-07
3.586,1.70358e-07
3.587,1.71605e-07
3.588,1.72838e-07
3.589,1.74057e-07
3.59,1.75262e-07
3.591,1.76452e-07
3.592,1.77629e-07
3.593,1.78792e-07
3.594,1.79941e-07
3.595,1.81077e-07
3.596,1.82199e-07
3.597,1.83307e-07
3.598,1.84402e-07
3.599,1.85484e-07
3.6,1.86552e-07
3.601,1.87608e-07
3.602,1.8865e-07
3.603,1.89679e-07
3.604,1.90695e-07
3.605,1.91698e-07
3.606,1.92689e-07
3.607,1.93667e-07
3.608,1.94632e-07
3.609,1.95584e-07
3.61,1.96524e-07
3.611,1.97452e-07
3.612,1.98367e-07
3.613,1.99271e-07
3.614,2.00161e-07
3.615,2.0104e-07
3.616,2.01907e-07
3.617,2.02762e-07
3.618,2.03605e-07
3.619,2.04436e-07
3.62,2.05255e-07
3.621,2.06063e-07
3.622,2.06859e-07
3.623,2.07644e-07
3.624,2.08417e-07
3.625,2.09179e-07
3.626,2.09929e-07
3.627,2.10668e-07
3.628,2.11396e-07
3.629,2.12113e-07
3.63,2.12819e-07
3.631,2.13514e-07
3.632,2.14198e-07
3.633,2.14872e-07
3.634,2.15534e-07
3.635,2.16186e-07
3.636,2.16827e-07
3.637,2.17458e-07
3.638,2.18078e-07
3.639,2.18688e-07
3.64,2.19288e-07
3.641,2.19877e-07
3.642,2.20456e-07
3.643,2.21025e-07
3.644,2.21584e-07
3.645,2.22133e-07
3.646,2.22672e-07
3.647,2.23201e-07
3.648,2.2372e-07
3.649,2.2423e-07
3.65,2.2473e-07
3.651,2.2522e-07
3.652,2.25701e-07
3.653,2.26172e-07
3.654,2.26634e-07
3.655,2.27086e-07
3.656,2.2753e-07
3.657,2.27964e-07
3.658,2.28388e-07
3.659,2.28804e-07
3.66,2.29211e-07
3.661,2.29608e-07
3.662,2.29997e-07
3.663,2.30377e-07
3.664,2.30748e-07
3.665,2.31111e-07
3.666,2.31464e-07
3.667,2.3181e-07
3.668,2.32146e-07
3.669,2.32474e-07
3.67,2.32794e-07
3.671,2.33105e-07
3.672,2.33408e-07
3.673,2.33703e-07
3.674,2.33989e-07
3.675,2.34268e-07
3.676,2.34538e-07
3.677,2.348e-07
3.678,2.35054e-07
3.679,2.35301e-07
3.68,2.35539e-07
3.681,2.3577e-07
3.682,2.35993e-07
3.683,2.36208e-07
3.684,2.36416e-07
3.685,2.36616e-07
3.686,2.36809e-07
3.687,2.36994e-07
3.688,2.37171e-07
3.689,2.37342e-07
3.69,2.37505e-07
3.691,2.37661e-07
3.692,2.37809e-07
3.693,2.37951e-07
3.694,2.38085e-07
3.695,2.38212e-07
3.696,2.38333e-07
3.697,2.38446e-07
3.698,2.38553e-07
3.699,2.38653e-07
3.7,2.38746e-07
3.701,2.38832e-07
3.702,2.38911e-07
3.703,2.38984e-07
3.704,2.39051e-07
3.705,2.39111e-07
3.706,2.39164e-07
3.707,2.39211e-07
3.708,2.39252e-07
3.709,2.39286e-07
3.71,2.39314e-07
3.711,2.39336e-07
3.712,2.39352e-07
3.713,2.39361e-07
3.714,2.39365e-07
3.715,2.39362e-07
3.716,2.39354e-07
3.717,2.39339e-07
3.718,2.39319e-07
3.719,2.39293e-07
3.72,2.39261e-07
3.721,2.39223e-07
3.722,2.3918e-07
3.723,2.39131e-07
3.724,2.39076e-07
3.725,2.39016e-07
3.726,2.3895e-07
3.727,2.38879e-07
3.728,2.38802e-07
3.729,2.3872e-07
3.73,2.38633e-07
3.731,2.3854e-07
3.732,2.38443e-07
3.733,2.3834e-07
3.734,2.38231e-07
3.735,2.38118e-07
3.736,2.38e-07
3.737,2.37876e-07
3.738,2.37748e-07
3.739,2.37615e-07
3.74,2.37477e-07
3.741,2.37334e-07
3.742,2.37186e-07
3.743,2.37033e-07
3.744,2.36876e-07
3.745,2.36714e-07
3.746,2.36547e-07
3.747,2.36376e-07
3.748,2.362e-07
3.749,2.3602e-07
3.75,2.35835e-07
3.751,2.35645e-07
3.752,2.35452e-07
3.753,2.35254e-07
3.754,2.35051e-07
3.755,2.34845e-07
3.756,2.34634e-07
3.757,2.34419e-07
3.758,2.34199e-07
3.759,2.33976e-07
3.76,2.33749e-07
3.761,2.33517e-07
3.762,2.33281e-07
3.763,2.33042e-07
3.764,2.32798e-07
3.765,2.32551e-07
3.766,2.323e-07
3.767,2.32045e-07
3.768,2.31786e-07
3.769,2.31523e-07
3.77,2.31257e-07
3.771,2.30987e-07
3.772,2.30713e-07
3.773,2.30436e-07
3.774,2.30155e-07
3.775,2.29871e-07
3.776,2.29583e-07
3.777,2.29292e-07
3.778,2.28997e-07
3.779,2.28699e-07
3.78,2.28397e-07
3.781,2.28092e-07
3.782,2.27784e-07
3.783,2.27473e-07
3.784,2.27158e-07
3.785,2.2684e-07
3.786,2.26519e-07
3.787,2.26195e-07
3.788,2.25868e-07
3.789,2.25537e-07
3.79,2.25204e-07
3.791,2.24867e-07
3.792,2.24528e-07
3.793,2.24186e-07
3.794,2.23841e-07
3.795,2.23493e-07
3.796,2.23142e-07
3.797,2.22788e-07
3.798,2.22432e-07
3.799,2.22072e-07
3.8,2.2171e-07
3.801,2.21346e-07
3.802,2.20978e-07
3.803,2.20608e-07
3.804,2.20236e-07
3.805,2.19861e-07
3.806,2.19483e-07
3.807,2.19103e-07
3.808,2.18721e-07
3.809,2.18335e-07
3.81,2.17948e-07
3.811,2.17558e-07
3.812,2.17166e-07
3.813,2.16771e-07
3.814,2.16374e-07
3.815,2.15975e-07
3.816,2.15574e-07
3.817,2.1517e-07
3.818,2.14764e-07
3.819,2.14356e-07
3.82,2.13946e-07
3.821,2.13534e-07
3.822,2.1312e-07
3.823,2.12703e-07
3.824,2.12285e-07
3.825,2.11864e-07
3.826,2.11442e-07
3.827,2.11018e-07
3.828,2.10591e-07
3.829,2.10163e-07
3.83,2.09733e-07
3.831,2.09301e-07
3.832,2.08867e-07
3.833,2.08432e-07
3.834,2.07994e-07
3.835,2.07555e-07
3.836,2.07115e-07
3.837,2.06672e-07
3.838,2.06228e-07
3.839,2.05782e-07
3.84,2.05335e-07
3.841,2.04885e-07
3.842,2.04435e-07
3.843,2.03983e-07
3.844,2.03529e-07
3.845,2.03074e-07
3.846,2.02617e-07
3.847,2.02159e-07
3.848,2.01699e-07
3.849,2.01238e-07
3.85,2.00775e-07
3.851,2.00312e-07
3.852,1.99846e-07
3.853,1.9938e-07
3.854,1.98912e-07
3.855,1.98443e-07
3.856,1.97972e-07
3.857,1.97501e-07
3.858,1.97028e-07
3.859,1.96554e-07
3.86,1.96079e-07
3.861,1.95602e-07
3.862,1.95125e-07
3.863,1.94646e-07
3.864,1.94167e-07
3.865,1.93686e-07
3.866,1.93204e-07
3.867,1.92721e-07
3.868,1.92237e-07
3.869,1.91752e-07
3.87,1.91266e-07
3.871,1.9078e-07
3.872,1.90292e-07
3.873,1.89803e-07
3.874,1.89314e-07
3.875,1.88823e-07
3.876,1.88332e-07
3.877,1.8784e-07
3.878,1.87347e-07
3.879,1.86853e-07
3.88,1.86359e-07
3.881,1.85863e-07
3.882,1.85367e-07
3.883,1.8487e-07
3.884,1.84373e-07
3.885,1.83875e-07
3.886,1.83376e-07
3.887,1.82876e-07
3.888,1.82376e-07
3.889,1.81876e-07
3.89,1.81374e-07
3.891,1.80872e-07
3.892,1.8037e-07
3.893,1.79867e-07
3.894,1.79363e-07
3.895,1.78859e-07
3.896,1.78354e-07
3.897,1.77849e-07
3.898,1.77344e-07
3.899,1.76838e-07
3.9,1.76331e-07
3.901,1.75824e-07
3.902,1.75317e-07
3.903,1.74809e-07
3.904,1.74301e-07
3.905,1.73793e-07
3.906,1.73284e-07
3.907,1.72775e-07
3.908,1.72266e-07
3.909,1.71756e-07
3.91,1.71246e-07
3.911,1.70736e-07
3.912,1.70225e-07
3.913,1.69714e-07
3.914,1.69203e-07
3.915,1.68692e-07
3.916,1.68181e-07
3.917,1.67669e-07
3.918,1.67158e-07
3.919,1.66646e-07
3.92,1.66134e-07
3.921,1.65622e-07
3.922,1.65109e-07
3.923,1.64597e-07
3.924,1.64085e-07
3.925,1.63572e-07
3.926,1.6306e-07
3.927,1.62547e-07
3.928,1.62034e-07
3.929,1.61522e-07
3.93,1.61009e-07
3.931,1.60496e-07
3.932,1.59984e-07
3.933,1.59471e-07
3.934,1.58959e-07
3.935,1.58446e-07
3.936,1.57934e-07
3.937,1.57421e-07
3.938,1.56909e-07
3.939,1.56397e-07
3.94,1.55885e-07
3.941,1.55373e-07
3.942,1.54861e-07
3.943,1.5435e-07
3.944,1.53838e-07
3.945,1.53327e-07
3.946,1.52816e-07
3.947,1.52305e-07
3.948,1.51794e-07
3.949,1.51284e-07
3.95,1.50773e-07
3.951,1.50263e-07
3.952,1.49754e-07
3.953,1.49244e-07
3.954,1.48735e-07
3.955,1.48226e-07
3.956,1.47717e-07
3.957,1.47209e-07
3.958,1.46701e-07
3.959,1.46193e-07
3.96,1.45686e-07
3.961,1.45179e-07
3.962,1.44672e-07
3.963,1.44166e-07
3.964,1.4366e-07
3.965,1.43154e-07
3.966,1.42649e-07
3.967,1.42144e-07
3.968,1.4164e-07
3.969,1.41136e-07
3.97,1.40632e-07
3.971,1.40129e-07
3.972,1.39627e-07
3.973,1.39125e-07
3.974,1.38623e-07
3.975,1.38122e-07
3.976,1.37621e-07
3.977,1.37121e-07
3.978,1.36621e-07
3.979,1.36122e-07
3.98,1.35623e-07
3.981,1.35125e-07
3.982,1.34627e-07
3.983,1.3413e-07
3.984,1.33633e-07
3.985,1.33137e-07
3.986,1.32642e-07
3.987,1.32147e-07
3.988,1.31652e-07
3.989,1.31159e-07
3.99,1.30666e-07
3.991,1.30173e-07
3.992,1.29681e-07
3.993,1.2919e-07
3.994,1.28699e-07
3.995,1.28209e-07
3.996,1.2772e-07
3.997,1.27231e-07
3.998,1.26743e-07
3.999,1.26255e-07
4,1.25768e-07
4.001,1.25282e-07
4.002,1.24797e-07
4.003,1.24312e-07
4.004,1.23828e-07
4.005,1.23345e-07
4.006,1.22862e-07
4.007,1.2238e-07
4.008,1.21899e-07
4.009,1.21418e-07
4.01,1.20938e-07
4.011,1.20459e-07
4.012,1.19981e-07
4.013,1.19504e-07
4.014,1.19027e-07
4.015,1.18551e-07
4.016,1.18075e-07
4.017,1.17601e-07
4.018,1.17127e-07
4.019,1.16654e-07
4.02,1.16182e-07
4.021,1.15711e-07
4.022,1.1524e-07
4.023,1.14771e-07
4.024,1.14302e-07
4.025,1.13833e-07
4.026,1.13366e-07
4.027,1.129e-07
4.028,1.12434e-07
4.029,1.11969e-07
4.03,1.11505e-07
4.031,1.11042e-07
4.032,1.1058e-07
4.033,1.10118e-07
4.034,1.09658e-07
4.035,1.09198e-07
4.036,1.08739e-07
4.037,1.08281e-07
4.038,1.07824e-07
4.039,1.07368e-07
4.04,1.06913e-07
4.041,1.06458e-07
4.042,1.06005e-07
4.043,1.05552e-07
4.044,1.05101e-07
4.045,1.0465e-07
4.046,1.042e-07
4.047,1.03751e-07
4.048,1.03303e-07
4.049,1.02856e-07
4.05,1.02409e-07
4.051,1.01964e-07
4.052,1.0152e-07
4.053,1.01076e-07
4.054,1.00634e-07
4.055,1.00192e-07
4.056,9.97518e-08
4.057,9.93122e-08
4.058,9.88735e-08
4.059,9.84358e-08
4.06,9.7999e-08
4.061,9.75632e-08
4.062,9.71284e-08
4.063,9.66946e-08
4.064,9.62617e-08
4.065,9.58298e-08
4.066,9.53989e-08
4.067,9.49689e-08
4.068,9.454e-08
4.069,9.4112e-08
4.07,9.36851e-08
4.071,9.32591e-08
4.072,9.28341e-08
4.073,9.24101e-08
4.074,9.19872e-08
4.075,9.15652e-08
4.076,9.11442e-08
4.077,9.07243e-08
4.078,9.03053e-08
4.079,8.98874e-08
4.08,8.94705e-08
4.081,8.90546e-08
4.082,8.86397e-08
4.083,8.82259e-08
4.084,8.78131e-08
4.085,8.74013e-08
4.086,8.69905e-08
4.087,8.65808e-08
4.088,8.61721e-08
4.089,8.57645e-08
4.09,8.53579e-08
4.091,8.49523e-08
4.092,8.45477e-08
4.093,8.41443e-08
4.094,8.37418e-08
4.095,8.33404e-08
4.096,8.29401e-08
4.097,8.25408e-08
4.098,8.21425e-08
4.099,8.17453e-08
4.1,8.13492e-08
4.101,8.09541e-08
4.102,8.05601e-08
4.103,8.01671e-08
4.104,7.97752e-08
4.105,7.93844e-08
4.106,7.89946e-08
4.107,7.86059e-08
4.108,7.82183e-08
4.109,7.78317e-08
4.11,7.74462e-08
4.111,7.70617e-08
4.112,7.66784e-08
4.113,7.62961e-08
4.114,7.59149e-08
4.115,7.55347e-08
4.116,7.51556e-08
4.117,7.47776e-08
4.118,7.44007e-08
4.119,7.40249e-08
4.12,7.36501e-08
4.121,7.32764e-08
4.122,7.29038e-08
4.123,7.25323e-08
4.124,7.21619e-08
4.125,7.17925e-08
4.126,7.14242e-08
4.127,7.1057e-08
4.128,7.06909e-08
4.129,7.03259e-08
4.13,6.9962e-08
4.131,6.95991e-08
4.132,6.92373e-08
4.133,6.88766e-08
4.134,6.8517e-08
4.135,6.81585e-08
4.136,6.78011e-08
4.137,6.74448e-08
4.138,6.70895e-08
4.139,6.67354e-08
4.14,6.63823e-08
4.141,6.60303e-08
4.142,6.56794e-08
4.143,6.53296e-08
4.144,6.49809e-08
4.145,6.46333e-08
4.146,6.42867e-08
4.147,6.39413e-08
4.148,6.35969e-08
4.149,6.32537e-08
4.15,6.29115e-08
4.151,6.25704e-08
4.152,6.22304e-08
4.153,6.18915e-08
4.154,6.15536e-08
4.155,6.12169e-08
4.156,6.08813e-08
4.157,6.05467e-08
4.158,6.02132e-08
4.159,5.98808e-08
4.16,5.95495e-08
4.161,5.92193e-08
4.162,5.88902e-08
4.163,5.85621e-08
4.164,5.82352e-08
4.165,5.79093e-08
4.166,5.75845e-08
4.167,5.72608e-08
4.168,5.69382e-08
4.169,5.66167e-08
4.17,5.62962e-08
4.171,5.59768e-08
4.172,5.56586e-08
4.173,5.53413e-08
4.174,5.50252e-08
4.175,5.47102e-08
4.176,5.43962e-08
4.177,5.40833e-08
4.178,5.37715e-08
4.179,5.34608e-08
4.18,5.31511e-08
4.181,5.28425e-08
4.182,5.2535e-08
4.183,5.22286e-08
4.184,5.19232e-08
4.185,5.16189e-08
4.186,5.13157e-08
4.187,5.10135e-08
4.188,5.07124e-08
4.189,5.04124e-08
4.19,5.01135e-08
4.191,4.98156e-08
4.192,4.95188e-08
4.193,4.9223e-08
4.194,4.89283e-08
4.195,4.86347e-08
4.196,4.83422e-08
4.197,4.80506e-08
4.198,4.77602e-08
4.199,4.74708e-08
4.2,4.71825e-08
4.201,4.68952e-08
4.202,4.6609e-08
4.203,4.63238e-08
4.204,4.60397e-08
4.205,4.57566e-08
4.206,4.54746e-08
4.207,4.51937e-08
4.208,4.49138e-08
4.209,4.46349e-08
4.21,4.43571e-08
4.211,4.40803e-08
4.212,4.38045e-08
4.213,4.35298e-08
4.214,4.32562e-08
4.215,4.29835e-08
4.216,4.2712e-08
4.217,4.24414e-08
4.218,4.21719e-08
4.219,4.19034e-08
4.22,4.16359e-08
4.221,4.13695e-08
4.222,4.11041e-08
4.223,4.08398e-08
4.224,4.05764e-08
4.225,4.03141e-08
4.226,4.00528e-08
4.227,3.97925e-08
4.228,3.95332e-08
4.229,3.9275e-08
4.23,3.90178e-08
4.231,3.87616e-08
4.232,3.85064e-08
4.233,3.82522e-08
4.234,3.7999e-08
4.235,3.77468e-08
4.236,3.74957e-08
4.237,3.72455e-08
4.238,3.69963e-08
4.239,3.67482e-08
4.24,3.6501e-08
4.241,3.62549e-08
4.242,3.60097e-08
4.243,3.57655e-08
4.244,3.55224e-08
4.245,3.52802e-08
4.246,3.5039e-08
4.247,3.47988e-08
4.248,3.45596e-08
4.249,3.43213e-08
4.25,3.40841e-08
4.251,3.38478e-08
4.252,3.36125e-08
4.253,3.33782e-08
4.254,3.31448e-08
4.255,3.29124e-08
4.256,3.2681e-08
4.257,3.24506e-08
4.258,3.22211e-08
4.259,3.19926e-08
4.26,3.17651e-08
4.261,3.15385e-08
4.262,3.13129e-08
4.263,3.10883e-08
4.264,3.08646e-08
4.265,3.06418e-08
4.266,3.042e-08
4.267,3.01992e-08
4.268,2.99793e-08
4.269,2.97603e-08
4.27,2.95423e-08
4.271,2.93253e-08
4.272,2.91091e-08
4.273,2.88939e-08
4.274,2.86797e-08
4.275,2.84664e-08
4.276,2.8254e-08
4.277,2.80425e-08
4.278,2.7832e-08
4.279,2.76224e-08
4.28,2.74138e-08
4.281,2.7206e-08
4.282,2.69992e-08
4.283,2.67933e-08
4.284,2.65883e-08
4.285,2.63842e-08
4.286,2.6181e-08
4.287,2.59787e-08
4.288,2.57774e-08
4.289,2.55769e-08
4.29,2.53774e-08
4.291,2.51788e-08
4.292,2.4981e-08
4.293,2.47842e-08
4.294,2.45882e-08
4.295,2.43932e-08
4.296,2.4199e-08
4.297,2.40057e-08
4.298,2.38133e-08
4.299,2.36218e-08
4.3,2.34312e-08
4.301,2.32414e-08
4.302,2.30526e-08
4.303,2.28646e-08
4.304,2.26775e-08
4.305,2.24912e-08
4.306,2.23058e-08
4.307,2.21213e-08
4.308,2.19377e-08
4.309,2.17549e-08
4.31,2.1573e-08
4.311,2.13919e-08
4.312,2.12117e-08
4.313,2.10323e-08
4.314,2.08538e-08
4.315,2.06762e-08
4.316,2.04994e-08
4.317,2.03234e-08
4.318,2.01483e-08
4.319,1.9974e-08
4.32,1.98006e-08
4.321,1.96279e-08
4.322,1.94562e-08
4.323,1.92852e-08
4.324,1.91151e-08
4.325,1.89458e-08
4.326,1.87774e-08
4.327,1.86097e-08
4.328,1.84429e-08
4.329,1.82769e-08
4.33,1.81118e-08
4.331,1.79474e-08
4.332,1.77838e-08
4.333,1.76211e-08
4.334,1.74591e-08
4.335,1.7298e-08
4.336,1.71377e-08
4.337,1.69781e-08
4.338,1.68194e-08
4.339,1.66615e-08
4.34,1.65043e-08
4.341,1.6348e-08
4.342,1.61924e-08
4.343,1.60376e-08
4.344,1.58836e-08
4.345,1.57304e-08
4.346,1.5578e-08
4.347,1.54263e-08
4.348,1.52754e-08
4.349,1.51253e-08
4.35,1.4976e-08
4.351,1.48274e-08
4.352,1.46796e-08
4.353,1.45325e-08
4.354,1.43862e-08
4.355,1.42407e-08
4.356,1.4096e-08
4.357,1.39519e-08
4.358,1.38087e-08
4.359,1.36662e-08
4.36,1.35244e-08
4.361,1.33834e-08
4.362,1.32431e-08
4.363,1.31036e-08
4.364,1.29648e-08
4.365,1.28267e-08
4.366,1.26894e-08
4.367,1.25528e-08
4.368,1.24169e-08
4.369,1.22818e-08
4.37,1.21474e-08
4.371,1.20137e-08
4.372,1.18807e-08
4.373,1.17484e-08
4.374,1.16169e-08
4.375,1.14861e-08
4.376,1.13559e-08
4.377,1.12265e-08
4.378,1.10978e-08
4.379,1.09698e-08
4.38,1.08425e-08
4.381,1.07159e-08
4.382,1.059e-08
4.383,1.04648e-08
4.384,1.03403e-08
4.385,1.02165e-08
4.386,1.00934e-08
4.387,9.9709e-09
4.388,9.84914e-09
4.389,9.72805e-09
4.39,9.60764e-09
4.391,9.48791e-09
4.392,9.36885e-09
4.393,9.25047e-09
4.394,9.13275e-09
4.395,9.0157e-09
4.396,8.89932e-09
4.397,8.7836e-09
4.398,8.66854e-09
4.399,8.55414e-09
4.4,8.44039e-09
4.401,8.3273e-09
4.402,8.21486e-09
4.403,8.10306e-09
4.404,7.99192e-09
4.405,7.88142e-09
4.406,7.77156e-09
4.407,7.66235e-09
4.408,7.55377e-09
4.409,7.44582e-09
4.41,7.33851e-09
4.411,7.23183e-09
4.412,7.12578e-09
4.413,7.02036e-09
4.414,6.91556e-09
4.415,6.81138e-09
4.416,6.70783e-09
4.417,6.60489e-09
4.418,6.50256e-09
4.419,6.40085e-09
4.42,6.29975e-09
4.421,6.19926e-09
4.422,6.09938e-09
4.423,6.0001e-09
4.424,5.90142e-09
4.425,5.80334e-09
4.426,5.70587e-09
4.427,5.60898e-09
4.428,5.51269e-09
4.429,5.41699e-09
4.43,5.32188e-09
4.431,5.22736e-09
4.432,5.13342e-09
4.433,5.04006e-09
4.434,4.94729e-09
4.435,4.85509e-09
4.436,4.76346e-09
4.437,4.67242e-09
4.438,4.58194e-09
4.439,4.49203e-09
4.44,4.40269e-09
4.441,4.31391e-09
4.442,4.2257e-09
4.443,4.13805e-09
4.444,4.05095e-09
4.445,3.96441e-09
4.446,3.87843e-09
4.447,3.793e-09
4.448,3.70812e-09
4.449,3.62378e-09
4.45,3.53999e-09
4.451,3.45675e-09
4.452,3.37405e-09
4.453,3.29188e-09
4.454,3.21025e-09
4.455,3.12916e-09
4.456,3.0486e-09
4.457,2.96857e-09
4.458,2.88907e-09
4.459,2.8101e-09
4.46,2.73165e-09
4.461,2.65372e-09
4.462,2.57632e-09
4.463,2.49943e-09
4.464,2.42306e-09
4.465,2.3472e-09
4.466,2.27185e-09
4.467,2.19701e-09
4.468,2.12268e-09
4.469,2.04886e-09
4.47,1.97554e-09
4.471,1.90272e-09
4.472,1.8304e-09
4.473,1.75858e-09
4.474,1.68725e-09
4.475,1.61642e-09
4.476,1.54608e-09
4.477,1.47623e-09
4.478,1.40686e-09
4.479,1.33798e-09
4.48,1.26958e-09
4.481,1.20167e-09
4.482,1.13423e-09
4.483,1.06727e-09
4.484,1.00078e-09
4.485,9.34773e-10
4.486,8.69232e-10
4.487,8.0416e-10
4.488,7.39555e-10
4.489,6.75415e-10
4.49,6.11738e-10
4.491,5.48522e-10
4.492,4.85766e-10
4.493,4.23466e-10
4.494,3.61622e-10
4.495,3.0023e-10
4.496,2.3929e-10
4.497,1.78799e-10
4.498,1.18756e-10
4.499,5.91576e-11
4.5,2.77294e-15
4.501,-5.87106e-11
4.502,-1.16984e-10
4.503,-1.74821e-10
4.504,-2.32221e-10
4.505,-2.89188e-10
4.506,-3.45723e-10
4.507,-4.01828e-10
4.508,-4.57506e-10
4.509,-5.12757e-10
4.51,-5.67584e-10
4.511,-6.21988e-10
4.512,-6.75973e-10
4.513,-7.29538e-10
4.514,-7.82688e-10
4.515,-8.35422e-10
4.516,-8.87744e-10
4.517,-9.39654e-10
4.518,-9.91156e-10
4.519,-1.04225e-09
4.52,-1.09294e-09
4.521,-1.14322e-09
4.522,-1.19311e-09
4.523,-1.24259e-09
4.524,-1.29168e-09
4.525,-1.34037e-09
4.526,-1.38866e-09
4.527,-1.43656e-09
4.528,-1.48408e-09
4.529,-1.5312e-09
4.53,-1.57794e-09
4.531,-1.62429e-09
4.532,-1.67025e-09
4.533,-1.71584e-09
4.534,-1.76105e-09
4.535,-1.80587e-09
4.536,-1.85033e-09
4.537,-1.8944e-09
4.538,-1.93811e-09
4.539,-1.98144e-09
4.54,-2.0244e-09
4.541,-2.067e-09
4.542,-2.10923e-09
4.543,-2.1511e-09
4.544,-2.1926e-09
4.545,-2.23375e-09
4.546,-2.27453e-09
4.547,-2.31496e-09
4.548,-2.35504e-09
4.549,-2.39476e-09
4.55,-2.43412e-09
4.551,-2.47314e-09
4.552,-2.51181e-09
4.553,-2.55014e-09
4.554,-2.58811e-09
4.555,-2.62575e-09
4.556,-2.66304e-09
4.557,-2.7e-09
4.558,-2.73661e-09
4.559,-2.77289e-09
4.56,-2.80883e-09
4.561,-2.84444e-09
4.562,-2.87972e-09
4.563,-2.91467e-09
4.564,-2.94929e-09
4.565,-2.98359e-09
4.566,-3.01756e-09
4.567,-3.0512e-09
4.568,-3.08453e-09
4.569,-3.11753e-09
4.57,-3.15022e-09
4.571,-3.18259e-09
4.572,-3.21464e-09
4.573,-3.24638e-09
4.574,-3.27781e-09
4.575,-3.30893e-09
4.576,-3.33974e-09
4.577,-3.37024e-09
4.578,-3.40044e-09
4.579,-3.43033e-09
4.58,-3.45992e-09
4.581,-3.48921e-09
4.582,-3.5182e-09
4.583,-3.5469e-09
4.584,-3.57529e-09
4.585,-3.60339e-09
4.586,-3.6312e-09
4.587,-3.65872e-09
4.588,-3.68595e-09
4.589,-3.71289e-09
4.59,-3.73954e-09
4.591,-3.7659e-09
4.592,-3.79199e-09
4.593,-3.81779e-09
4.594,-3.84331e-09
4.595,-3.86855e-09
4.596,-3.89351e-09
4.597,-3.91819e-09
4.598,-3.9426e-09
4.599,-3.96674e-09
4.6,-3.99061e-09
4.601,-4.0142e-09
4.602,-4.03753e-09
4.603,-4.06059e-09
4.604,-4.08338e-09
4.605,-4.10591e-09
4.606,-4.12817e-09
4.607,-4.15017e-09
4.608,-4.17192e-09
4.609,-4.1934e-09
4.61,-4.21463e-09
4.611,-4.2356e-09
4.612,-4.25632e-09
4.613,-4.27678e-09
4.614,-4.29699e-09
4.615,-4.31695e-09
4.616,-4.33666e-09
4.617,-4.35613e-09
4.618,-4.37535e-09
4.619,-4.39432e-09
4.62,-4.41305e-09
4.621,-4.43154e-09
4.622,-4.44979e-09
4.623,-4.4678e-09
4.624,-4.48557e-09
4.625,-4.5031e-09
4.626,-4.5204e-09
4.627,-4.53747e-09
4.628,-4.5543e-09
4.629,-4.57091e-09
4.63,-4.58728e-09
4.631,-4.60342e-09
4.632,-4.61934e-09
4.633,-4.63503e-09
4.634,-4.6505e-09
4.635,-4.66574e-09
4.636,-4.68077e-09
4.637,-4.69557e-09
4.638,-4.71015e-09
4.639,-4.72451e-09
4.64,-4.73866e-09
4.641,-4.7526e-09
4.642,-4.76631e-09
4.643,-4.77982e-09
4.644,-4.79311e-09
4.645,-4.8062e-09
4.646,-4.81907e-09
4.647,-4.83174e-09
4.648,-4.8442e-09
4.649,-4.85646e-09
4.65,-4.86851e-09
4.651,-4.88036e-09
4.652,-4.89201e-09
4.653,-4.90346e-09
4.654,-4.91471e-09
4.655,-4.92576e-09
4.656,-4.93661e-09
4.657,-4.94727e-09
4.658,-4.95773e-09
4.659,-4.96801e-09
4.66,-4.97809e-09
4.661,-4.98798e-09
4.662,-4.99768e-09
4.663,-5.00719e-09
4.664,-5.01651e-09
4.665,-5.02565e-09
4.666,-5.03461e-09
4.667,-5.04338e-09
4.668,-5.05197e-09
4.669,-5.06038e-09
4.67,-5.0686e-09
4.671,-5.07665e-09
4.672,-5.08452e-09
4.673,-5.09222e-09
4.674,-5.09974e-09
4.675,-5.10708e-09
4.676,-5.11425e-09
4.677,-5.12125e-09
4.678,-5.12808e-09
4.679,-5.13474e-09
4.68,-5.14123e-09
4.681,-5.14755e-09
4.682,-5.15371e-09
4.683,-5.1597e-09
4.684,-5.16553e-09
4.685,-5.17119e-09
4.686,-5.17669e-09
4.687,-5.18203e-09
4.688,-5.18721e-09
4.689,-5.19223e-09
4.69,-5.19709e-09
4.691,-5.2018e-09
4.692,-5.20635e-09
4.693,-5.21075e-09
4.694,-5.21499e-09
4.695,-5.21908e-09
4.696,-5.22302e-09
4.697,-5.2268e-09
4.698,-5.23044e-09
4.699,-5.23393e-09
4.7,-5.23727e-09
4.701,-5.24047e-09
4.702,-5.24352e-09
4.703,-5.24643e-09
4.704,-5.24919e-09
4.705,-5.25181e-09
4.706,-5.25429e-09
4.707,-5.25663e-09
4.708,-5.25883e-09
4.709,-5.26089e-09
4.71,-5.26281e-09
4.711,-5.2646e-09
4.712,-5.26625e-09
4.713,-5.26777e-09
4.714,-5.26915e-09
4.715,-5.2704e-09
4.716,-5.27152e-09
4.717,-5.27251e-09
4.718,-5.27337e-09
4.719,-5.2741e-09
4.72,-5.2747e-09
4.721,-5.27518e-09
4.722,-5.27553e-09
4.723,-5.27575e-09
4.724,-5.27585e-09
4.725,-5.27583e-09
4.726,-5.27568e-09
4.727,-5.27542e-09
4.728,-5.27503e-09
4.729,-5.27452e-09
4.73,-5.2739e-09
4.731,-5.27315e-09
4.732,-5.27229e-09
4.733,-5.27132e-09
4.734,-5.27023e-09
4.735,-5.26902e-09
4.736,-5.2677e-09
4.737,-5.26627e-09
4.738,-5.26473e-09
4.739,-5.26308e-09
4.74,-5.26131e-09
4.741,-5.25944e-09
4.742,-5.25746e-09
4.743,-5.25537e-09
4.744,-5.25318e-09
4.745,-5.25088e-09
4.746,-5.24847e-09
4.747,-5.24596e-09
4.748,-5.24335e-09
4.749,-5.24064e-09
4.75,-5.23782e-09
4.751,-5.23491e-09
4.752,-5.23189e-09
4.753,-5.22877e-09
4.754,-5.22556e-09
4.755,-5.22225e-09
4.756,-5.21884e-09
4.757,-5.21534e-09
4.758,-5.21174e-09
4.759,-5.20805e-09
4.76,-5.20426e-09
4.761,-5.20038e-09
4.762,-5.19641e-09
4.763,-5.19235e-09
4.764,-5.1882e-09
4.765,-5.18396e-09
4.766,-5.17963e-09
4.767,-5.17521e-09
4.768,-5.1707e-09
4.769,-5.16611e-09
4.77,-5.16143e-09
4.771,-5.15667e-09
4.772,-5.15182e-09
4.773,-5.14689e-09
4.774,-5.14187e-09
4.775,-5.13678e-09
4.776,-5.1316e-09
4.777,-5.12634e-09
4.778,-5.121e-09
4.779,-5.11559e-09
4.78,-5.11009e-09
4.781,-5.10451e-09
4.782,-5.09886e-09
4.783,-5.09314e-09
4.784,-5.08733e-09
4.785,-5.08145e-09
4.786,-5.0755e-09
4.787,-5.06947e-09
4.788,-5.06338e-09
4.789,-5.0572e-09
4.79,-5.05096e-09
4.791,-5.04465e-09
4.792,-5.03826e-09
4.793,-5.03181e-09
4.794,-5.02528e-09
4.795,-5.01869e-09
4.796,-5.01203e-09
4.797,-5.00531e-09
4.798,-4.99852e-09
4.799,-4.99166e-09
4.8,-4.98473e-09
4.801,-4.97775e-09
4.802,-4.9707e-09
4.803,-4.96358e-09
4.804,-4.95641e-09
4.805,-4.94917e-09
4.806,-4.94187e-09
4.807,-4.93451e-09
4.808,-4.92709e-09
4.809,-4.91961e-09
4.81,-4.91207e-09
4.811,-4.90447e-09
4.812,-4.89682e-09
4.813,-4.88911e-09
4.814,-4.88134e-09
4.815,-4.87352e-09
4.816,-4.86564e-09
4.817,-4.85771e-09
4.818,-4.84972e-09
4.819,-4.84168e-09
4.82,-4.83359e-09
4.821,-4.82544e-09
4.822,-4.81725e-09
4.823,-4.809e-09
4.824,-4.8007e-09
4.825,-4.79235e-09
4.826,-4.78395e-09
4.827,-4.77551e-09
4.828,-4.76701e-09
4.829,-4.75847e-09
4.83,-4.74988e-09
4.831,-4.74124e-09
4.832,-4.73256e-09
4.833,-4.72383e-09
4.834,-4.71506e-09
4.835,-4.70624e-09
4.836,-4.69738e-09
4.837,-4.68848e-09
4.838,-4.67953e-09
4.839,-4.67054e-09
4.84,-4.66151e-09
4.841,-4.65243e-09
4.842,-4.64332e-09
4.843,-4.63417e-09
4.844,-4.62497e-09
4.845,-4.61574e-09
4.846,-4.60647e-09
4.847,-4.59716e-09
4.848,-4.58781e-09
4.849,-4.57842e-09
4.85,-4.569e-09
4.851,-4.55954e-09
4.852,-4.55005e-09
4.853,-4.54052e-09
4.854,-4.53095e-09
4.855,-4.52135e-09
4.856,-4.51172e-09
4.857,-4.50205e-09
4.858,-4.49235e-09
4.859,-4.48262e-09
4.86,-4.47286e-09
4.861,-4.46306e-09
4.862,-4.45324e-09
4.863,-4.44338e-09
4.864,-4.43349e-09
4.865,-4.42358e-09
4.866,-4.41363e-09
4.867,-4.40365e-09
4.868,-4.39365e-09
4.869,-4.38362e-09
4.87,-4.37356e-09
4.871,-4.36347e-09
4.872,-4.35336e-09
4.873,-4.34322e-09
4.874,-4.33306e-09
4.875,-4.32286e-09
4.876,-4.31265e-09
4.877,-4.30241e-09
4.878,-4.29215e-09
4.879,-4.28186e-09
4.88,-4.27155e-09
4.881,-4.26121e-09
4.882,-4.25086e-09
4.883,-4.24048e-09
4.884,-4.23008e-09
4.885,-4.21966e-09
4.886,-4.20921e-09
4.887,-4.19875e-09
4.888,-4.18827e-09
4.889,-4.17776e-09
4.89,-4.16724e-09
4.891,-4.1567e-09
4.892,-4.14614e-09
4.893,-4.13556e-09
4.894,-4.12497e-09
4.895,-4.11435e-09
4.896,-4.10372e-09
4.897,-4.09308e-09
4.898,-4.08241e-09
4.899,-4.07173e-09
4.9,-4.06104e-09
4.901,-4.05033e-09
4.902,-4.0396e-09
4.903,-4.02887e-09
4.904,-4.01811e-09
4.905,-4.00734e-09
4.906,-3.99656e-09
4.907,-3.98577e-09
4.908,-3.97496e-09
4.909,-3.96414e-09
4.91,-3.95331e-09
4.911,-3.94247e-09
4.912,-3.93161e-09
4.913,-3.92075e-09
4.914,-3.90987e-09
4.915,-3.89899e-09
4.916,-3.88809e-09
4.917,-3.87718e-09
4.918,-3.86627e-09
4.919,-3.85534e-09
4.92,-3.84441e-09
4.921,-3.83346e-09
4.922,-3.82251e-09
4.923,-3.81155e-09
4.924,-3.80059e-09
4.925,-3.78962e-09
4.926,-3.77863e-09
4.927,-3.76765e-09
4.928,-3.75665e-09
4.929,-3.74565e-09
4.93,-3.73465e-09
4.931,-3.72364e-09
4.932,-3.71262e-09
4.933,-3.7016e-09
4.934,-3.69058e-09
4.935,-3.67955e-09
4.936,-3.66851e-09
4.937,-3.65748e-09
4.938,-3.64644e-09
4.939,-3.63539e-09
4.94,-3.62434e-09
4.941,-3.6133e-09
4.942,-3.60224e-09
4.943,-3.59119e-09
4.944,-3.58013e-09
4.945,-3.56908e-09
4.946,-3.55802e-09
4.947,-3.54696e-09
4.948,-3.5359e-09
4.949,-3.52484e-09
4.95,-3.51378e-09
4.951,-3.50272e-09
4.952,-3.49165e-09
4.953,-3.48059e-09
4.954,-3.46953e-09
4.955,-3.45848e-09
4.956,-3.44742e-09
4.957,-3.43636e-09
4.958,-3.42531e-09
4.959,-3.41426e-09
4.96,-3.40321e-09
4.961,-3.39216e-09
4.962,-3.38112e-09
4.963,-3.37007e-09
4.964,-3.35904e-09
4.965,-3.348e-09
4.966,-3.33697e-09
4.967,-3.32594e-09
4.968,-3.31492e-09
4.969,-3.3039e-09
4.97,-3.29288e-09
4.971,-3.28187e-09
4.972,-3.27087e-09
4.973,-3.25987e-09
4.974,-3.24887e-09
4.975,-3.23789e-09
4.976,-3.2269e-09
4.977,-3.21593e-09
4.978,-3.20495e-09
4.979,-3.19399e-09
4.98,-3.18303e-09
4.981,-3.17208e-09
4.982,-3.16114e-09
4.983,-3.1502e-09
4.984,-3.13927e-09
4.985,-3.12835e-09
4.986,-3.11744e-09
4.987,-3.10653e-09
4.988,-3.09563e-09
4.989,-3.08474e-09
4.99,-3.07386e-09
4.991,-3.06299e-09
4.992,-3.05213e-09
4.993,-3.04127e-09
4.994,-3.03043e-09
4.995,-3.01959e-09
4.996,-3.00877e-09
4.997,-2.99795e-09
4.998,-2.98715e-09
4.999,-2.97635e-09
