t,th1RK,th2RK,w1RK,w2RK,th1PV,th2PV,w1PV,w2PV
0,-0.785398,0,0,0,-0.785398,0,0,0
0.1,-0.74816,-0.00278561,0.739964,-0.0548527,-0.747922,-0.00282843,0.749533,-0.0565685
0.2,-0.639345,-0.0106329,1.42148,-0.099602,-0.638426,-0.0107942,1.44038,-0.102746
0.3,-0.467934,-0.0220504,1.98099,-0.124822,-0.466011,-0.0223708,2.00791,-0.128788
0.4,-0.249428,-0.034686,2.35313,-0.122992,-0.246387,-0.035153,2.38458,-0.126855
0.5,-0.00537913,-0.0456086,2.48538,-0.0903832,-0.00137386,-0.0461471,2.51568,-0.0930274
0.6,0.23887,-0.0517829,2.35714,-0.0288633,0.243415,-0.0522623,2.38009,-0.029277
0.7,0.457962,-0.0506689,1.98875,0.0536245,0.462418,-0.0509257,1.99998,0.0560083
0.8,0.630321,-0.0407693,1.43279,0.144543,0.633963,-0.0406423,1.43091,0.14966
0.9,0.740444,-0.0219583,0.755027,0.229481,0.742554,-0.0213255,0.740929,0.236676
1,0.779398,0.00446838,0.0194927,0.294773,0.77935,0.00565713,-0.00500609,0.302977
1.1,0.744366,0.0359609,-0.7152,0.329213,0.741693,0.0376627,-0.74814,0.337135
1.2,0.638313,0.069009,-1.39104,0.324887,0.63278,0.0710781,-1.43012,0.331172
1.3,0.470204,0.099495,-1.94563,0.277636,0.461908,0.101686,-1.98732,0.280978
1.4,0.25539,0.123098,-2.31517,0.187684,0.244842,0.125082,-2.35401,0.186945
1.5,0.015118,0.135777,-2.44849,0.060604,0.00325626,0.13718,-2.4777,0.0550228
1.6,-0.225667,0.134354,-2.3254,-0.0919255,-0.237578,0.134809,-2.33898,-0.102448
1.7,-0.441991,0.117108,-1.96561,-0.252633,-0.45256,0.116321,-1.96066,-0.267302
1.8,-0.612568,0.0842368,-1.4206,-0.400969,-0.620486,0.0820514,-1.39786,-0.418098
1.9,-0.722088,0.0380119,-0.755376,-0.516551,-0.726275,0.0344555,-0.717928,-0.53382
2,-0.761758,-0.0174049,-0.0336726,-0.582443,-0.761441,-0.0221,0.0146167,-0.597289
2.1,-0.728885,-0.0764285,0.686048,-0.587373,-0.723647,-0.0818338,0.741263,-0.597387
2.2,-0.62652,-0.132675,1.34648,-0.526705,-0.616369,-0.1382,1.40428,-0.529939
2.3,-0.463595,-0.179633,1.88696,-0.402523,-0.449069,-0.184582,1.94173,-0.397701
2.4,-0.255199,-0.211329,2.24638,-0.223402,-0.237436,-0.21497,2.29093,-0.210054
2.5,-0.0220406,-0.222961,2.37626,-0.00426965,-0.00273994,-0.224617,2.40298,0.0171209
2.6,0.21168,-0.211533,2.25767,0.233878,0.230462,-0.210675,2.26106,0.261704
2.7,0.421767,-0.176403,1.90964,0.465264,0.437933,-0.172753,1.88835,0.496733
2.8,0.587565,-0.11963,1.38171,0.662213,0.599278,-0.113239,1.33855,0.693559
2.9,0.694199,-0.0459715,0.73701,0.799201,0.700064,-0.0372515,0.677181,0.826188
3,0.733159,0.0375452,0.0381794,0.856875,0.7323,0.0478314,-0.0324696,0.87547
3.1,0.701956,0.122389,-0.65694,0.824881,0.694048,0.1332,-0.732567,0.831894
3.2,0.603768,0.199496,-1.29209,0.702904,0.5891,0.209616,-1.3664,0.69644
3.3,0.44749,0.26025,-1.80896,0.500072,0.427058,0.268424,-1.87445,0.479713
3.4,0.247868,0.297365,-2.15014,0.23354,0.223425,0.302426,-2.19821,0.200333
3.5,0.0248721,0.305611,-2.27104,-0.0728488,-0.00117023,0.306621,-2.29369,-0.116433
3.6,-0.198356,0.282433,-2.15497,-0.389682,-0.223227,0.278813,-2.14746,-0.439742
3.7,-0.398768,0.228431,-1.82048,-0.683665,-0.419753,0.220077,-1.78305,-0.734963
3.8,-0.556693,0.147602,-1.31458,-0.920811,-0.571505,0.13497,-1.25201,-0.967182
3.9,-0.657964,0.0471834,-0.697617,-1.07111,-0.66496,0.0312974,-0.617083,-1.10627
4,-0.694534,-0.0629938,-0.0302972,-1.1135,-0.692791,-0.0806211,0.0604669,-1.1321
4.1,-0.66423,-0.171602,0.630761,-1.03946,-0.653564,-0.189126,0.724062,-1.038
4.2,-0.570414,-0.267135,1.23086,-0.85389,-0.551432,-0.282591,1.31858,-0.831292
4.3,-0.421945,-0.33919,1.7147,-0.573484,-0.396115,-0.350706,1.78776,-0.531006
4.4,-0.233146,-0.379499,2.02947,-0.223774,-0.20281,-0.385491,2.07834,-0.164688
4.5,-0.0230705,-0.38268,2.13556,0.163349,0.00872276,-0.382022,2.15231,0.234063
4.6,0.18648,-0.346793,2.0194,0.551197,0.216354,-0.33897,2.00031,0.626976
4.7,0.373945,-0.273741,1.69932,0.899956,0.398685,-0.25898,1.64631,0.972825
4.8,0.520979,-0.169437,1.21955,1.16999,0.537959,-0.148781,1.13918,1.23116
4.9,0.614407,-0.0435294,0.636909,1.32725,0.621825,-0.0188063,0.53814,1.36833
5,0.64686,0.0914753,0.00938095,1.34955,0.643816,0.117815,-0.0983195,1.3641
5.1,0.616609,0.22164,-0.608376,1.23092,0.603119,0.246808,-0.715615,1.21576
5.2,0.527261,0.333284,-1.16393,0.982202,0.504287,0.354487,-1.26103,0.937815
5.3,0.387628,0.414527,-1.60574,0.627806,0.357113,0.42927,-1.68245,0.557852
5.4,0.211517,0.456411,-1.8865,0.201058,0.176344,0.462739,-1.93293,0.111532
5.5,0.0168823,0.453604,-1.97241,-0.259237,-0.0193627,0.450288,-1.98121,-0.360566
5.6,-0.176072,0.404859,-1.85364,-0.710351,-0.209546,0.391556,-1.82246,-0.814077
5.7,-0.347577,0.313353,-1.54865,-1.10687,-0.374721,0.290747,-1.48103,-1.20209
5.8,-0.480932,0.186815,-1.09872,-1.40399,-0.498915,0.156687,-1.00285,-1.47912
5.9,-0.564233,0.0371625,-0.556661,-1.56395,-0.57121,0.00230802,-0.443047,-1.60846
6,-0.591005,-0.120588,0.0230197,-1.56377,-0.586192,-0.156639,0.143412,-1.57048
6.1,-0.560104,-0.270109,0.588471,-1.40064,-0.543781,-0.303527,0.704809,-1.36727
6.2,-0.475433,-0.395813,1.09044,-1.09171,-0.448948,-0.422942,1.19186,-1.02105
6.3,-0.345713,-0.484626,1.48203,-0.668942,-0.31147,-0.502374,1.55771,-0.567582
6.4,-0.18411,-0.527129,1.72223,-0.172607,-0.145456,-0.53323,1.76257,-0.0495452
6.5,-0.00727994,-0.518162,1.78368,0.35282,0.0317957,-0.51136,1.78246,0.486948
6.6,0.166415,-0.457171,1.66067,0.859766,0.201777,-0.437379,1.61716,0.992665
6.7,0.319276,-0.348499,1.37194,1.29804,0.3472,-0.316958,1.29129,1.41576
6.8,0.436519,-0.201524,0.955755,1.61807,0.454143,-0.160865,0.847559,1.7061
6.9,0.507777,-0.0302451,0.460567,1.77854,0.513349,0.015651,0.336568,1.82422
7,0.527673,0.148023,-0.0632805,1.75591,0.520631,0.194443,-0.190927,1.75162
7.1,0.495771,0.314794,-0.567697,1.55077,0.476728,0.356812,-0.687134,1.49575
7.2,0.41629,0.452832,-1.00768,1.18667,0.387,0.485928,-1.10744,1.08657
7.3,0.297777,0.548101,-1.34201,0.702658,0.261057,0.568627,-1.41141,0.567403
7.4,0.152578,0.59089,-1.53669,0.145007,0.112131,0.59633,-1.56713,-0.0133405
7.5,-0.00417006,0.576265,-1.57109,-0.437357,-0.0441279,0.565395,-1.55804,-0.60536
7.6,-0.156193,0.504296,-1.44369,-0.993124,-0.19144,0.477344,-1.38821,-1.15565
7.7,-0.288102,0.380335,-1.17349,-1.46809,-0.314963,0.339158,-1.08225,-1.60808
7.8,-0.387273,0.215194,-0.795665,-1.80829,-0.403045,0.163346,-0.679378,-1.90817
7.9,-0.445093,0.0247122,-0.353998,-1.96893,-0.448279,-0.032762,-0.225317,-2.01399
8,-0.457459,-0.171738,0.106001,-1.92596,-0.447836,-0.228882,0.234191,-1.90842
8.1,-0.424729,-0.35376,0.541055,-1.68336,-0.403302,-0.404526,0.656476,-1.60445
8.2,-0.35141,-0.502696,0.911628,-1.27077,-0.32033,-0.541721,1.00298,-1.13947
8.3,-0.245724,-0.603739,1.18323,-0.733743,-0.20814,-0.626867,1.24082,-0.563441
8.4,-0.118977,-0.64699,1.32943,-0.123546,-0.0787789,-0.651506,1.3464,0.0706539
8.5,0.0154756,-0.627741,1.33633,0.507513,0.0540537,-0.612497,1.31026,0.709523
8.6,0.143682,-0.546584,1.20634,1.10538,0.176575,-0.512155,1.14018,1.29733
8.7,0.252778,-0.409689,0.958483,1.61257,0.276595,-0.358572,0.86022,1.77432
8.8,0.332489,-0.229049,0.624671,1.97118,0.344899,-0.165754,0.505848,2.08204
8.9,0.376129,-0.0220666,0.24371,2.13306,0.376062,0.0471625,0.117418,2.1763
9,0.38099,0.190108,-0.144458,2.07353,0.368671,0.25805,-0.265232,2.04145
9.1,0.348249,0.385421,-0.502509,1.79959,0.325115,0.44491,-0.605893,1.69575
9.2,0.2826,0.544004,-0.79765,1.34646,0.251147,0.588868,-0.873474,1.18341
9.3,0.191732,0.650422,-1.00307,0.765372,0.155296,0.676041,-1.04353,0.560048
9.4,0.0856254,0.694647,-1.1002,0.111731,0.0480768,0.69815,-1.10086,-0.11786
9.5,-0.0244147,0.672165,-1.08159,-0.559681,-0.0590868,0.652508,-1.04241,-0.79499
9.6,-0.126991,0.583973,-0.953002,-1.19292,-0.155146,0.542083,-0.878766,-1.4135
9.7,-0.21194,0.436854,-0.733022,-1.72801,-0.230724,0.375872,-0.632797,-1.91071
9.8,-0.271477,0.243713,-0.450037,-2.10366,-0.279151,0.169099,-0.335737,-2.22474
9.9,-0.300953,0.0232057,-0.137431,-2.26862,-0.297036,-0.0576063,-0.0219753,-2.30937
10,-0.299097,-0.202055,0.171245,-2.19735,-0.284355,-0.280591,0.27561,-2.15033
10.1,-0.267851,-0.408628,0.445815,-1.89928,-0.244141,-0.476636,0.528657,-1.77057
10.2,-0.211916,-0.575633,0.661416,-1.41439,-0.18197,-0.626172,0.714764,-1.22016
10.3,-0.138168,-0.687122,0.799636,-0.798708,-0.105308,-0.71515,0.81847,-0.559393
10.4,-0.0549508,-0.732963,0.849746,-0.110985,-0.0227577,-0.735487,0.832543,0.152643
10.5,0.0287626,-0.708794,0.810121,0.592224,0.0568355,-0.684888,0.759321,0.859338
10.6,0.104333,-0.615896,0.689065,1.2538,0.125356,-0.566843,0.611083,1.50157
10.7,0.164426,-0.461478,0.504151,1.81207,0.176346,-0.391039,0.408713,2.01451
10.8,0.203835,-0.259084,0.279759,2.20311,0.20571,-0.173635,0.178568,2.33357
10.9,0.219972,-0.0282917,0.0432588,2.373,0.21205,0.0635916,-0.0517591,2.41096
11,0.212964,0.207169,-0.179125,2.29515,0.196586,0.295815,-0.257521,2.2335
11.1,0.185361,0.422771,-0.365499,1.98071,0.162737,0.498891,-0.419456,1.82803
11.2,0.141613,0.596827,-0.499883,1.47329,0.11553,0.65276,-0.524695,1.24934
11.3,0.0874574,0.71297,-0.572606,0.832768,0.0609571,0.743293,-0.566759,0.561334
11.4,0.029276,0.760983,-0.580391,0.120536,0.00534114,0.76261,-0.54556,-0.174994
11.5,-0.0265474,0.736606,-0.526555,-0.605603,-0.0453145,0.708747,-0.467552,-0.902275
11.6,-0.0742945,0.641313,-0.421028,-1.28791,-0.0859679,0.585598,-0.345517,-1.56071
11.7,-0.109544,0.48257,-0.2796,-1.86381,-0.113113,0.403354,-0.197389,-2.08416
11.8,-0.12967,0.274313,-0.122001,-2.26767,-0.125172,0.178828,-0.0437796,-2.40636
11.9,-0.134094,0.0367004,0.0311909,-2.44359,-0.122584,-0.0654161,0.0955362,-2.47851
12,-0.124188,-0.205794,0.162039,-2.36396,-0.107554,-0.303762,0.205066,-2.28841
12.1,-0.102868,-0.427888,0.257869,-2.04078,-0.0835228,-0.511468,0.275554,-1.86571
12.2,-0.0740146,-0.607314,0.312132,-1.52011,-0.0545481,-0.668185,0.303939,-1.26862
12.3,-0.0418759,-0.727395,0.323794,-0.864596,-0.0247415,-0.759796,0.292195,-0.563606
12.4,-0.0105727,-0.777844,0.29632,-0.137562,0.00217927,-0.778624,0.24622,0.187046
12.5,0.0163136,-0.754474,0.236939,0.602301,0.0232508,-0.722994,0.175212,0.925554
12.6,0.0360943,-0.658878,0.15619,1.29706,0.0365708,-0.59712,0.0911865,1.59192
12.7,0.0472727,-0.498658,0.067206,1.88393,0.0415312,-0.411542,0.00802258,2.11963
12.8,0.0497378,-0.287924,-0.0157648,2.29667,0.0389084,-0.183468,-0.0604789,2.44186
12.9,0.0447596,-0.047094,-0.0798094,2.47835,0.0307137,0.0641124,-0.103415,2.50975
13,0.0347143,0.199004,-0.116125,2.40061,0.0197724,0.3052,-0.11541,2.31201
13.1,0.0225701,0.424699,-0.121828,2.07562,0.00912325,0.514808,-0.0975727,1.88013
13.2,0.0112838,0.607407,-0.0998516,1.55061,0.0014286,0.672528,-0.0563203,1.27426
13.3,0.00329439,0.730272,-0.0572887,0.889757,-0.00144387,0.764359,-0.00112909,0.562355
13.4,0.000208002,0.782978,-0.00341395,0.157649,0.00137112,0.782847,0.0574288,-0.192584
13.5,0.00265551,0.761397,0.051713,-0.586461,0.00968291,0.726588,0.108807,-0.932593
13.6,0.0102557,0.667206,0.0980059,-1.28471,0.0222772,0.600065,0.143078,-1.59787
13.7,0.0216417,0.508062,0.125969,-1.87477,0.0370134,0.414053,0.151648,-2.12237
13.8,0.0345687,0.298078,0.127767,-2.29089,0.0510278,0.185931,0.128639,-2.44008
13.9,0.046162,0.0576416,0.0989751,-2.47631,0.0611035,-0.0612327,0.0728761,-2.5032
14,0.0533572,-0.188449,0.0404705,-2.40252,0.0642207,-0.301472,-0.0105334,-2.30159
14.1,0.0534846,-0.41453,-0.0407507,-2.08138,0.0581754,-0.509932,-0.110372,-1.86761
14.2,0.0448411,-0.598,-0.132687,-1.56009,0.0420792,-0.666412,-0.211552,-1.26198
14.3,0.0270682,-0.722005,-0.220921,-0.903122,0.0165886,-0.75716,-0.298259,-0.552969
14.4,0.00125283,-0.776266,-0.291366,-0.175524,-0.0161529,-0.774995,-0.35657,0.196255
14.5,-0.0302116,-0.756735,-0.332209,0.563196,-0.0527799,-0.718794,-0.375971,0.927766
14.6,-0.0639076,-0.665168,-0.334895,1.25547,-0.089078,-0.593292,-0.349992,1.58229
14.7,-0.0957463,-0.509234,-0.294612,1.83999,-0.120407,-0.409422,-0.276579,2.0951
14.8,-0.121365,-0.30293,-0.210831,2.25255,-0.142171,-0.184548,-0.158714,2.40237
14.9,-0.1366,-0.0663625,-0.0881932,2.43793,-0.150374,0.0585033,-0.00534843,2.45866
15,-0.138047,0.176063,0.0626471,2.36827,-0.142234,0.294205,0.168164,2.25538
15.1,-0.123668,0.399087,0.225215,2.05504,-0.116762,0.498231,0.341262,1.82513
15.2,-0.0932861,0.580435,0.37919,1.54435,-0.0751369,0.65088,0.491243,1.22787
15.3,-0.0488149,0.703474,0.503728,0.899789,-0.0207191,0.738827,0.597114,0.531058
15.4,0.00586929,0.75808,0.580892,0.185981,0.0412793,0.75525,0.642854,-0.202591
15.5,0.0653504,0.740338,0.598134,-0.537706,0.104389,0.699347,0.619342,-0.915467
15.6,0.123283,0.652105,0.549519,-1.21424,0.161603,0.576115,0.524944,-1.54918
15.7,0.173069,0.501056,0.435937,-1.78385,0.206113,0.396597,0.365251,-2.04118
15.8,0.208534,0.300983,0.264865,-2.18488,0.232007,0.177983,0.152627,-2.3311
15.9,0.224569,0.0715093,0.0501692,-2.36495,0.234936,-0.0574309,-0.0940542,-2.37718
16,0.217765,-0.163681,-0.188121,-2.29791,0.212734,-0.284941,-0.349981,-2.17302
16.1,0.186988,-0.380126,-0.424838,-1.99497,0.16592,-0.481142,-0.586299,-1.75099
16.2,0.133775,-0.556236,-0.632231,-1.50045,0.0979184,-0.627153,-0.773732,-1.16925
16.3,0.0624106,-0.675862,-0.783869,-0.87594,0.0148752,-0.710285,-0.887133,-0.493375
16.4,-0.020422,-0.729197,-0.858795,-0.184775,-0.0749581,-0.724201,-0.909532,0.215052
16.5,-0.106355,-0.712549,-0.844682,0.514356,-0.162161,-0.668491,-0.834535,0.899153
16.6,-0.186289,-0.627929,-0.739265,1.16532,-0.237219,-0.548438,-0.66662,1.5019
16.7,-0.251389,-0.483021,-0.550013,1.71037,-0.29154,-0.375157,-0.419792,1.96373
16.8,-0.294002,-0.291352,-0.292764,2.09137,-0.318317,-0.165521,-0.115753,2.22898
16.9,-0.308415,-0.0718879,0.0097108,2.25997,-0.31323,0.0589677,0.217491,2.26079
17,-0.291489,0.1527,0.328849,2.19279,-0.275015,0.274785,0.54682,2.05554
17.1,-0.243177,0.35911,0.631789,1.90114,-0.205865,0.45982,0.836171,1.64516
17.2,-0.16682,0.526798,0.884208,1.42713,-0.111528,0.596338,1.05056,1.08522
17.3,-0.0690822,0.640392,1.05476,0.829468,-0.000923968,0.672524,1.16152,0.438499
17.4,0.0405979,0.690603,1.12014,0.169328,0.114761,0.682685,1.15217,-0.235292
17.5,0.151032,0.674085,1.06911,-0.495928,0.223374,0.626891,1.0201,-0.88058
17.6,0.250585,0.593071,0.904018,-1.11158,0.313225,0.510745,0.776926,-1.44234
17.7,0.328492,0.455268,0.639523,-1.62254,0.37434,0.345381,0.445368,-1.86494
17.8,0.375957,0.273875,0.299776,-1.97504,0.399401,0.14721,0.055856,-2.09847
17.9,0.386951,0.0670432,-0.0843061,-2.1258,0.38441,-0.0633116,-0.355687,-2.11197
18,0.358803,-0.14383,-0.476757,-2.05517,0.32917,-0.264165,-0.749111,-1.9051
18.1,0.292633,-0.336934,-0.838073,-1.77498,0.237609,-0.434882,-1.0821,-1.50925
18.2,0.193574,-0.493116,-1.12808,-1.32495,0.117774,-0.559188,-1.3146,-0.976869
18.3,0.07061,-0.59808,-1.311,-0.760263,-0.018728,-0.626391,-1.41544,-0.367179
18.4,-0.0641806,-0.64328,-1.36169,-0.139132,-0.157939,-0.631613,-1.36878,0.262729
18.5,-0.196963,-0.625866,-1.27073,0.483164,-0.285241,-0.575509,-1.17725,0.859356
18.6,-0.31382,-0.548365,-1.04579,1.05402,-0.387117,-0.464013,-0.860272,1.37056
18.7,-0.402363,-0.418511,-0.709059,1.52177,-0.452584,-0.308207,-0.449084,1.74557
18.8,-0.452948,-0.249099,-0.292538,1.83783,-0.474129,-0.123866,0.0182005,1.94126
18.9,-0.45946,-0.057299,0.165765,1.96492,-0.448261,0.0698578,0.499155,1.93321
19,-0.419794,0.137007,0.62373,1.88774,-0.375911,0.252751,0.947836,1.72465
19.1,-0.336227,0.313801,1.03621,1.61905,-0.262698,0.406302,1.31644,1.34636
19.2,-0.215595,0.455633,1.35777,1.19614,-0.118862,0.515981,1.56027,0.847235
19.3,-0.0690664,0.549575,1.54846,0.670223,0.0414484,0.572463,1.64594,0.2824
19.4,0.0888021,0.588056,1.5817,0.0958479,0.201715,0.57186,1.55939,-0.294456
19.5,0.241736,0.568874,1.45038,-0.474618,0.345138,0.515495,1.30907,-0.832856
19.6,0.373796,0.49492,1.16798,-0.991588,0.456715,0.409621,0.922477,-1.28462
19.7,0.471252,0.373933,0.764153,-1.40772,0.524775,0.265143,0.438732,-1.60494
19.8,0.523862,0.218187,0.278043,-1.68049,0.54183,0.0969842,-0.097635,-1.75823
19.9,0.525565,0.0436889,-0.246451,-1.77918,0.504993,-0.0772734,-0.639116,-1.72692
20,0.474849,-0.131436,-0.762295,-1.69332,0.416283,-0.23951,-1.13508,-1.51781
20.1,0.375055,-0.28923,-1.21962,-1.43678,0.282888,-0.373444,-1.53283,-1.16086
20.2,0.234566,-0.414225,-1.56817,-1.04439,0.117078,-0.466544,-1.78337,-0.701159
20.3,0.0665475,-0.495124,-1.76406,-0.563094,-0.0646613,-0.511065,-1.85141,-0.189245
20.4,-0.112172,-0.52555,-1.77941,-0.0431847,-0.243493,-0.504257,-1.72522,0.325406
20.5,-0.283106,-0.504093,-1.60972,0.466802,-0.400728,-0.448162,-1.41949,0.79648
20.6,-0.428547,-0.434045,-1.27443,0.92137,-0.520182,-0.349286,-0.969588,1.18104
20.7,-0.533665,-0.323083,-0.810292,1.27855,-0.589745,-0.218169,-0.421667,1.4413
20.8,-0.587805,-0.182802,-0.262734,1.50266,-0.602096,-0.0686171,0.174646,1.54974
20.9,-0.585037,-0.0278246,0.319643,1.56996,-0.554961,0.0836503,0.768057,1.49561
21,-0.524398,0.125723,0.886038,1.47485,-0.451348,0.222874,1.3042,1.28886
21.1,-0.410152,0.262183,1.3827,1.2323,-0.299834,0.335234,1.72608,0.958349
21.2,-0.252021,0.368312,1.75501,0.874607,-0.114499,0.410408,1.98062,0.54512
21.3,-0.0649294,0.434665,1.95528,0.444243,0.0860779,0.442395,2.03092,0.0946285
21.4,0.132264,0.456247,1.95437,-0.0133889,0.281013,0.429688,1.86779,-0.348768
21.5,0.319109,0.43254,1.7504,-0.454553,0.450012,0.375038,1.51218,-0.744223
21.6,0.476362,0.367235,1.36852,-0.839059,0.575964,0.285057,1.00684,-1.05541
21.7,0.588295,0.267819,0.852053,-1.13142,0.646502,0.16966,0.403935,-1.25253
21.8,0.643962,0.144993,0.251794,-1.30345,0.654548,0.0412188,-0.243017,-1.3163
21.9,0.63759,0.0117356,-0.380029,-1.33851,0.598395,-0.0867111,-0.880049,-1.2423
22,0.568679,-0.118066,-0.989866,-1.23561,0.481896,-0.200977,-1.44992,-1.04301
22.1,0.442242,-0.231275,-1.52089,-1.01053,0.314805,-0.290412,-1.8919,-0.745708
22.2,0.269098,-0.31706,-1.91461,-0.692883,0.112751,-0.347051,-2.14919,-0.387057
22.3,0.0656544,-0.36801,-2.11976,-0.320385,-0.103882,-0.366747,-2.18346,-0.00687777
22.4,-0.147479,-0.380636,-2.10583,0.0670691,-0.312457,-0.349259,-1.98804,0.356643
22.5,-0.34815,-0.355365,-1.87326,0.431626,-0.491346,-0.29795,-1.58974,0.669534
22.6,-0.515801,-0.296208,-1.45242,0.739676,-0.622727,-0.219304,-1.0379,0.903393
22.7,-0.633966,-0.210266,-0.892451,0.963271,-0.694106,-0.122281,-0.389679,1.03708
22.8,-0.691482,-0.107072,-0.248638,1.08216,-0.698664,-0.0174617,0.298517,1.0593
22.9,-0.68272,0.00231562,0.42406,1.08657,-0.635191,0.0840604,0.970954,0.971141
23,-0.607545,0.106493,1.07021,0.979582,-0.508227,0.171952,1.56831,0.786692
23.1,-0.471531,0.195025,1.63069,0.777294,-0.328472,0.237839,2.02679,0.531055
23.2,-0.286338,0.259641,2.04382,0.506314,-0.112813,0.276194,2.2864,0.236039
23.3,-0.0695534,0.295075,2.25498,0.199231,0.116883,0.28475,2.30752,-0.0649142
23.4,0.156783,0.299407,2.23227,-0.110316,0.336547,0.264456,2.08576,-0.340969
23.5,0.369098,0.273967,1.97788,-0.391488,0.523487,0.219087,1.65305,-0.566419
23.6,0.54574,0.22293,1.52661,-0.618482,0.659357,0.154674,1.06434,-0.72183
23.7,0.669631,0.152749,0.932525,-0.771726,0.731614,0.0788362,0.380793,-0.794931
23.8,0.729439,0.0714739,0.254598,-0.839022,0.733697,3.53326e-07,-0.339124,-0.781786
23.9,0.719646,-0.0120494,-0.450194,-0.816936,0.664811,-0.0734794,-1.0386,-0.687808
24,0.640381,-0.089118,-1.12524,-0.711794,0.530034,-0.134253,-1.65695,-0.527669
24.1,0.497608,-0.152143,-1.7099,-0.539365,0.34078,-0.176813,-2.12812,-0.323532
24.2,0.303573,-0.195505,-2.14005,-0.322775,0.114892,-0.198072,-2.38963,-0.101651
24.3,0.0767181,-0.216119,-2.35833,-0.0889247,-0.124635,-0.197563,-2.40091,0.111848
24.4,-0.159832,-0.213604,-2.33133,0.135663,-0.35265,-0.177235,-2.15939,0.294709
24.5,-0.381399,-0.190064,-2.0624,0.328285,-0.545678,-0.140967,-1.70116,0.430641
24.6,-0.565461,-0.149594,-1.58969,0.471961,-0.685014,-0.0939471,-1.08557,0.509762
24.7,-0.694451,-0.0976783,-0.971208,0.555968,-0.758135,-0.0420404,-0.376851,0.528371
24.8,-0.756897,-0.0405552,-0.268819,0.575907,-0.758723,0.00882008,0.365094,0.488839
24.9,-0.74736,0.0154175,0.459012,0.533854,-0.686325,0.0532429,1.08287,0.399617
25,-0.666145,0.064419,1.15502,0.438437,-0.546428,0.0869636,1.71508,0.274797
25.1,-0.51946,0.1018,1.75778,0.304293,-0.350956,0.107337,2.19435,0.132667
25.2,-0.319905,0.124613,2.20167,0.150405,-0.118405,0.113621,2.45669,-0.00699211
25.3,-0.0864599,0.131908,2.42733,-0.0027566,0.127481,0.106949,2.46103,-0.126448
25.4,0.157042,0.124711,2.40009,-0.136716,0.360847,0.0899712,2.20627,-0.213099
25.5,0.385165,0.105672,2.12373,-0.237868,0.557733,0.0662777,1.73146,-0.260772
25.6,0.57477,0.0784969,1.63861,-0.298694,0.699258,0.0397827,1.09903,-0.269127
25.7,0.707928,0.047353,1.0055,-0.317347,0.772976,0.0142137,0.375342,-0.242253
25.8,0.773063,0.0163528,0.288416,-0.296612,0.772805,-0.00727665,-0.378763,-0.187554
25.9,0.764791,-0.0108649,-0.45312,-0.243073,0.698586,-0.0224115,-1.10563,-0.115144
26,0.683534,-0.0314893,-1.16155,-0.166625,0.556119,-0.0300338,-1.74371,-0.0373016
26.1,0.535632,-0.0438409,-1.77533,-0.0798615,0.357667,-0.0302659,-2.22532,0.0326603
26.2,0.333848,-0.0475854,-2.22832,0.00320856,0.122094,-0.0245069,-2.48616,0.0825202
26.3,0.0973962,-0.0437692,-2.46026,0.0694104,-0.126486,-0.0151836,-2.48544,0.103945
26.4,-0.149559,-0.0345977,-2.4356,0.109179,-0.361919,-0.00525234,-2.22321,0.0946795
26.5,-0.381206,-0.0229586,-2.15813,0.118645,-0.560094,0.00242057,-1.74029,0.0587786
26.6,-0.574075,-0.011822,-1.66917,0.0999055,-0.702148,0.00560285,-1.1008,0.00486707
26.7,-0.710041,-0.00370634,-1.031,0.0595741,-0.7758,0.00303219,-0.372242,-0.0562803
26.8,-0.777473,-0.000328994,-0.308951,0.00674815,-0.775211,-0.00546121,0.384035,-0.113588
26.9,-0.771039,-0.00244153,0.436745,-0.0485492,-0.700493,-0.0189736,1.11033,-0.156661
27,-0.691248,-0.00978495,1.14849,-0.0962343,-0.557704,-0.0356239,1.74543,-0.176343
27.1,-0.544505,-0.0211129,1.76518,-0.126756,-0.359315,-0.0527167,2.22235,-0.165513
27.2,-0.343589,-0.0342864,2.22117,-0.132021,-0.124304,-0.0670201,2.47787,-0.120554
27.3,-0.107685,-0.0464949,2.45653,-0.107003,0.123212,-0.075209,2.47247,-0.0432251
27.4,0.139084,-0.0546602,2.43564,-0.0516576,0.3572,-0.0744576,2.20729,0.0582525
27.5,0.370927,-0.056002,2.16202,0.0279741,0.553755,-0.0630409,1.72381,0.170083
27.6,0.564375,-0.0486254,1.67687,0.120505,0.694269,-0.040755,1.08647,0.275635
27.7,0.701305,-0.0319451,1.04267,0.211606,0.766735,-0.00903967,0.362868,0.358672
27.8,0.770126,-0.00683522,0.325186,0.286841,0.765601,0.0291831,-0.385565,0.405784
27.9,0.765582,0.0244749,-0.415039,0.333816,0.691258,0.0698563,-1.10129,0.40768
28,0.688268,0.0586704,-1.12058,0.34334,0.55,0.108225,-1.72387,0.359686
28.1,0.544627,0.0917011,-1.7312,0.309963,0.354407,0.139311,-2.18799,0.262048
28.2,0.34735,0.119177,-2.18278,0.232447,0.123359,0.15844,-2.43296,0.120519
28.3,0.115375,0.136828,-2.417,0.114561,-0.119373,0.161821,-2.42168,-0.0528924
28.4,-0.127559,0.141049,-2.3992,-0.0340321,-0.348285,0.147178,-2.15656,-0.239959
28.5,-0.356085,0.129506,-2.13272,-0.197699,-0.540058,0.114278,-1.67889,-0.418052
28.6,-0.547091,0.101666,-1.65774,-0.356465,-0.676607,0.0651938,-1.05209,-0.563629
28.7,-0.682706,0.059084,-1.03576,-0.489169,-0.746355,0.0042046,-0.34287,-0.656155
28.8,-0.751511,0.00533898,-0.331997,-0.576981,-0.744109,-0.062661,0.387783,-0.681156
28.9,-0.74839,-0.0543418,0.393177,-0.60614,-0.670582,-0.12831,1.08276,-0.631828
29,-0.674057,-0.113675,1.08276,-0.569432,-0.532302,-0.185367,1.68285,-0.509305
29.1,-0.53499,-0.166003,1.6778,-0.466556,-0.341889,-0.226939,2.12541,-0.322139
29.2,-0.343727,-0.204975,2.1166,-0.303908,-0.117938,-0.247332,2.35361,-0.0857151
29.3,-0.118781,-0.225201,2.34376,-0.0943176,0.116441,-0.242709,2.33397,0.178173
29.4,0.116799,-0.222892,2.32671,0.143153,0.336666,-0.211689,2.07054,0.442233
29.5,0.338452,-0.196446,2.06896,0.384017,0.520382,-0.155773,1.60378,0.676072
29.6,0.523796,-0.146896,1.60914,0.600603,0.650322,-0.0794574,0.995027,0.850249
29.7,0.655497,-0.0780483,1.00666,0.765764,0.71553,0.0101022,0.309142,0.940943
29.8,0.72249,0.00377791,0.325265,0.857095,0.71129,0.10384,-0.39395,0.933806
29.9,0.719904,0.0904119,-0.375454,0.860395,0.638693,0.191823,-1.05798,0.825867
30,0.648626,0.172756,-1.03927,0.77147,0.504517,0.264378,-1.62554,0.625225
30.1,0.515188,0.241799,-1.60901,0.596107,0.321361,0.313102,-2.03759,0.34925
30.2,0.331931,0.289556,-2.02624,0.348805,0.107361,0.331695,-2.24241,0.0226162
30.3,0.116791,0.309865,-2.23962,0.0512603,-0.11532,0.316622,-2.21123,-0.324083
30.4,-0.10814,0.299041,-2.21982,-0.268839,-0.323389,0.267634,-1.95015,-0.655674
30.5,-0.31946,0.256415,-1.97105,-0.579153,-0.495819,0.188099,-1.49844,-0.935019
30.6,-0.495886,0.184687,-1.5301,-0.84521,-0.616466,0.0849697,-0.914499,-1.12757
30.7,-0.62093,0.0899441,-0.95348,-1.03457,-0.675214,-0.0317619,-0.260475,-1.20706
30.8,-0.684097,-0.0187996,-0.302555,-1.12191,-0.667965,-0.150133,0.405454,-1.16037
30.9,-0.680899,-0.130543,0.364547,-1.09341,-0.596269,-0.257631,1.02847,-0.989588
31,-0.612478,-0.233578,0.99292,-0.948842,-0.467162,-0.342641,1.55367,-0.710606
31.1,-0.485439,-0.316831,1.52775,-0.700791,-0.293148,-0.395652,1.92662,-0.349608
31.2,-0.311884,-0.371019,1.91465,-0.371952,-0.0917275,-0.410116,2.10178,0.0603171
31.3,-0.109034,-0.389506,2.10743,0.00775669,0.116159,-0.383046,2.05594,0.481091
31.4,0.102218,-0.368931,2.08093,0.403116,0.308836,-0.315447,1.79759,0.870878
31.5,0.299951,-0.309658,1.84062,0.77503,0.466945,-0.212573,1.36458,1.18662
31.6,0.464324,-0.216061,1.42138,1.08302,0.575763,-0.083781,0.811779,1.38922
31.7,0.580005,-0.0964475,0.87628,1.28985,0.626246,0.0582118,0.197888,1.45064
31.8,0.637315,0.0375752,0.263495,1.36776,0.615069,0.198743,-0.421423,1.35997
31.9,0.632309,0.172338,-0.361079,1.30399,0.544318,0.323009,-0.993596,1.12534
32,0.56647,0.293759,-0.944564,1.10305,0.42128,0.417819,-1.46717,0.770858
32.1,0.446499,0.389002,-1.43524,0.784739,0.258255,0.472912,-1.79332,0.331008
32.2,0.284191,0.447789,-1.78364,0.379647,0.0719112,0.481766,-1.93357,-0.153929
32.3,0.0959053,0.463259,-1.94954,-0.0750536,-0.118307,0.442079,-1.87079,-0.639812
32.4,-0.098891,0.432495,-1.9127,-0.537862,-0.292647,0.356126,-1.61602,-1.07924
32.5,-0.28005,0.356904,-1.6803,-0.964003,-0.433723,0.23097,-1.20549,-1.42387
32.6,-0.429484,0.242453,-1.28535,-1.30763,-0.528506,0.0782541,-0.690167,-1.63045
32.7,-0.533317,0.0995443,-0.777079,-1.52706,-0.569248,-0.0867525,-0.124666,-1.66968
32.8,-0.582926,-0.0577791,-0.209853,-1.59241,-0.553547,-0.246919,0.438673,-1.53364
32.9,-0.575083,-0.213377,0.363486,-1.49249,-0.484085,-0.385457,0.950575,-1.23713
33,-0.511694,-0.351045,0.892986,-1.23702,-0.368348,-0.487937,1.36416,-0.812461
33.1,-0.399549,-0.456464,1.33095,-0.853105,-0.218279,-0.543639,1.63721,-0.301566
33.2,-0.250041,-0.518623,1.63366,-0.378642,-0.0494708,-0.546244,1.73896,0.249459
33.3,-0.078492,-0.5306,1.76757,0.143079,0.120404,-0.494183,1.65854,0.791767
33.4,0.0972893,-0.489971,1.71779,0.665541,0.273799,-0.390926,1.40936,1.27337
33.5,0.259189,-0.399112,1.49344,1.13928,0.395562,-0.245203,1.02589,1.6411
33.6,0.391154,-0.265438,1.12568,1.51365,0.474598,-0.0707556,0.554835,1.84784
33.7,0.481026,-0.101259,0.659666,1.74272,0.50465,0.114808,0.0461995,1.86343
33.8,0.521471,0.0771477,0.14541,1.79465,0.484363,0.292149,-0.451935,1.6834
33.9,0.510132,0.251395,-0.368158,1.66009,0.417027,0.442793,-0.894797,1.32949
34,0.449401,0.403402,-0.83507,1.35418,0.310219,0.551358,-1.24137,0.841799
34.1,0.346108,0.517622,-1.21272,0.911081,0.175301,0.606881,-1.45698,0.268672
34.2,0.211097,0.582504,-1.46401,0.375217,0.0265086,0.603349,-1.51888,-0.339315
34.3,0.0584416,0.591167,-1.56253,-0.205152,-0.120547,0.539892,-1.42223,-0.929821
34.4,-0.0959499,0.541657,-1.49886,-0.77967,-0.25078,0.421046,-1.18243,-1.4471
34.5,-0.236241,0.437198,-1.28399,-1.2951,-0.351493,0.257008,-0.831831,-1.83367
34.6,-0.348647,0.286451,-0.947189,-1.69651,-0.413717,0.0633865,-0.412643,-2.03876
34.7,-0.422958,0.103402,-0.529382,-1.93392,-0.432832,-0.14013,0.0303429,-2.03157
34.8,-0.45332,-0.0936799,-0.0756844,-1.9736,-0.408597,-0.332273,0.454343,-1.81129
34.9,-0.438371,-0.284408,0.369796,-1.80802,-0.344857,-0.493159,0.820473,-1.40643
35,-0.381004,-0.449066,0.766266,-1.45758,-0.249089,-0.606689,1.09487,-0.864185
35.1,-0.287981,-0.571084,1.07737,-0.963018,-0.131787,-0.66181,1.25118,-0.238223
35.2,-0.169393,-0.638516,1.2734,-0.374435,-0.0054987,-0.652842,1.27459,0.417576
35.3,-0.0378111,-0.644563,1.33527,0.255998,0.116513,-0.579543,1.16564,1.04841
35.4,0.0930057,-0.587682,1.25881,0.875126,0.221847,-0.447345,0.941056,1.59555
35.5,0.209718,-0.471782,1.05659,1.42679,0.300435,-0.267682,0.630696,1.99771
35.6,0.301009,-0.306542,0.755802,1.85234,0.345564,-0.057756,0.271875,2.20081
35.7,0.358792,-0.107353,0.392889,2.09802,0.354331,0.160962,-0.0965187,2.17354
35.8,0.378834,0.105807,0.00753346,2.12816,0.327596,0.365567,-0.438187,1.91857
35.9,0.360832,0.310819,-0.361978,1.9368,0.269608,0.535027,-0.721569,1.47064
36,0.308124,0.486563,-0.68129,1.54912,0.187473,0.652717,-0.921132,0.883163
36.1,0.227231,0.61562,-0.921436,1.01176,0.0904572,0.70758,-1.01919,0.214105
36.2,0.127228,0.68574,-1.06065,0.379614,-0.0109222,0.69427,-1.0084,-0.480316
36.3,0.0188932,0.690212,-1.08708,-0.292128,-0.106028,0.61307,-0.893721,-1.14368
36.4,-0.0864104,0.62782,-1.00124,-0.948379,-0.185332,0.470134,-0.692353,-1.71505
36.5,-0.178035,0.50299,-0.816777,-1.53087,-0.241504,0.277882,-0.431083,-2.12999
36.6,-0.24728,0.326176,-0.558434,-1.97791,-0.270148,0.0548047,-0.141803,-2.33157
36.7,-0.288303,0.113875,-0.257847,-2.23235,-0.270069,-0.176175,0.143381,-2.28802
36.8,-0.298561,-0.112544,0.0514012,-2.25658,-0.243103,-0.390832,0.395935,-2.00512
36.9,-0.278788,-0.329523,0.337917,-2.04576,-0.193659,-0.567236,0.592951,-1.52296
37,-0.232638,-0.514773,0.575025,-1.62911,-0.12811,-0.688389,0.718032,-0.900118
37.1,-0.166137,-0.650171,0.74208,-1.05822,-0.054104,-0.743292,0.762082,-0.197924
37.2,-0.0870317,-0.723226,0.825541,-0.391999,0.0202163,-0.726898,0.724324,0.525802
37.3,-0.00401201,-0.7273,0.820301,0.312086,0.0870807,-0.639924,0.612963,1.21368
37.4,0.0741933,-0.661414,0.730807,0.997701,0.139962,-0.489075,0.444667,1.8033
37.5,0.139784,-0.530357,0.571044,1.60522,0.174317,-0.287512,0.24242,2.22794
37.6,0.186771,-0.345118,0.362814,2.07073,0.188034,-0.0546907,0.0319223,2.42849
37.7,0.211602,-0.122993,0.132415,2.33428,0.181502,0.185378,-0.162548,2.37288
37.8,0.213409,0.113609,-0.0934668,2.35643,0.157302,0.40749,-0.321457,2.06936
37.9,0.193851,0.340017,-0.291418,2.13294,0.119652,0.589072,-0.431542,1.56227
38,0.156669,0.533018,-0.443507,1.69603,0.0737834,0.712895,-0.485833,0.914199
38.1,0.107086,0.673928,-0.538009,1.10125,0.0253298,0.768054,-0.48324,0.188972
38.2,0.0511867,0.750063,-0.569468,0.410655,-0.0202501,0.749776,-0.428358,-0.554526
38.3,-0.00471751,0.754832,-0.538798,-0.316561,-0.0582344,0.659128,-0.331328,-1.25844
38.4,-0.0547304,0.687423,-0.453393,-1.02333,-0.0851605,0.503225,-0.207193,-1.85961
38.5,-0.0940068,0.552852,-0.326742,-1.64935,-0.0992296,0.295744,-0.0741887,-2.29001
38.6,-0.119302,0.362435,-0.177027,-2.12936,-0.100481,0.0567788,0.0491542,-2.4893
38.7,-0.129319,0.133959,-0.0244914,-2.40151,-0.0906495,-0.188958,0.147482,-2.42543
38.8,-0.124744,-0.109489,0.111972,-2.42486,-0.0727139,-0.415654,0.21123,-2.10849
38.9,-0.107955,-0.342488,0.217906,-2.19524,-0.0502902,-0.600368,0.237244,-1.58578
39,-0.0824783,-0.541176,0.28484,-1.7468,-0.0270437,-0.725787,0.227685,-0.922614
39.1,-0.0523901,-0.686465,0.310114,-1.13782,-0.00623534,-0.781143,0.188483,-0.184505
39.2,-0.021786,-0.765525,0.295848,-0.43265,0.00960148,-0.761919,0.128254,0.568999
39.3,0.00564963,-0.7718,0.248018,0.308254,0.0189003,-0.669474,0.0577233,1.2799
39.4,0.0269992,-0.70459,0.17591,1.02743,0.0212414,-0.511232,-0.010901,1.88495
39.5,0.0404184,-0.569044,0.0915782,1.66448,0.0174345,-0.301189,-0.065238,2.31591
39.6,0.0453643,-0.376633,0.00874173,2.15377,0.00942224,-0.0597719,-0.0950071,2.51243
39.7,0.0426674,-0.145357,-0.0592659,2.4326,-6.28789e-05,0.188003,-0.0946951,2.44306
39.8,0.0343587,0.101392,-0.102221,2.45916,-0.00805729,0.416113,-0.0651931,2.11915
39.9,0.0232337,0.337827,-0.115314,2.22909,-0.0119821,0.601554,-0.0133033,1.58965
40,0.0122634,0.539752,-0.0997871,1.77732,-0.0101238,0.727099,0.0504703,0.921266
40.1,0.00403718,0.687859,-0.0617246,1.16356,-0.00188031,0.78218,0.114399,0.180352
40.2,0.000379133,0.769246,-0.0100168,0.453538,0.0122008,0.762537,0.167224,-0.573209
40.3,0.00215857,0.777397,0.0453513,-0.29146,0.0305126,0.669802,0.19901,-1.2815
40.4,0.00923515,0.711701,0.0942876,-1.01383,0.0505471,0.511637,0.20168,-1.88179
40.5,0.0204787,0.577382,0.12719,-1.65352,0.0691257,0.302208,0.169892,-2.30679
40.6,0.033855,0.385936,0.135758,-2.14546,0.0827483,0.0619928,0.10256,-2.49752
40.7,0.0466224,0.155343,0.114445,-2.42736,0.0881014,-0.184077,0.0045034,-2.42389
40.8,0.0557028,-0.0910556,0.0623601,-2.45746,0.0826744,-0.410184,-0.113045,-2.09824
40.9,0.0582232,-0.327508,-0.0154009,-2.23117,0.0653212,-0.593592,-0.234017,-1.56991
41,0.0521127,-0.529833,-0.108128,-1.78325,0.0365885,-0.717369,-0.340637,-0.905646
41.1,0.0365658,-0.678732,-0.201672,-1.17353,-0.00127508,-0.771241,-0.416633,-0.17179
41.2,0.0122431,-0.761341,-0.281318,-0.468123,-0.0445795,-0.751241,-0.449455,0.57179
41.3,-0.0187973,-0.771219,-0.334127,0.271349,-0.0886194,-0.659277,-0.431343,1.26749
41.4,-0.0533519,-0.707848,-0.350288,0.987336,-0.128171,-0.503222,-0.359682,1.85362
41.5,-0.0874192,-0.576507,-0.32372,1.62053,-0.158017,-0.29729,-0.237237,2.26502
41.6,-0.116594,-0.388637,-0.252512,2.10729,-0.173512,-0.0617644,-0.0726711,2.44548
41.7,-0.136516,-0.162001,-0.139617,2.38702,-0.171198,0.178874,0.11896,2.36728
41.8,-0.143401,0.0804277,0.00624917,2.41914,-0.149412,0.399421,0.316759,2.04367
41.9,-0.134645,0.313331,0.170321,2.19915,-0.108754,0.577771,0.496393,1.52333
42,-0.109373,0.512914,0.333071,1.76091,-0.052238,0.697528,0.633924,0.871809
42.1,-0.068787,0.660163,0.473151,1.16317,0.0149435,0.748846,0.709706,0.154545
42.2,-0.0161613,0.742404,0.570953,0.47138,0.0859883,0.728121,0.711189,-0.569042
42.3,0.0434831,0.753348,0.611579,-0.253061,0.153257,0.637572,0.634183,-1.24194
42.4,0.103948,0.692606,0.586562,-0.952929,0.209105,0.485269,0.482773,-1.80412
42.5,0.158539,0.565519,0.494419,-1.57002,0.246671,0.285383,0.26856,-2.19359
42.6,0.200753,0.383424,0.340474,-2.04292,0.260596,0.0577892,0.00993732,-2.3583
42.7,0.224948,0.163714,0.136549,-2.31397,0.247668,-0.173824,-0.268495,-2.27395
42.8,0.226982,-0.0712875,-0.0992489,-2.345,0.207383,-0.385261,-0.537215,-1.9548
42.9,0.204815,-0.297068,-0.343169,-2.13213,0.142288,-0.555407,-0.764686,-1.44813
43,0.158989,-0.490603,-0.567749,-1.70794,0.0579649,-0.668673,-0.921774,-0.817198
43.1,0.0928395,-0.633467,-0.745299,-1.12907,-0.0374478,-0.715817,-0.986481,-0.12568
43.2,0.0123033,-0.713379,-0.852135,-0.459322,-0.134147,-0.693701,-0.947495,0.568008
43.3,-0.0746742,-0.724316,-0.872288,0.240811,-0.221797,-0.604906,-0.805521,1.2079
43.4,-0.159035,-0.666084,-0.799673,0.91482,-0.29069,-0.457698,-0.572332,1.73625
43.5,-0.231627,-0.544113,-0.638385,1.50603,-0.332736,-0.266119,-0.268585,2.09533
43.6,-0.284171,-0.369603,-0.401563,1.95601,-0.342254,-0.0494289,0.0782136,2.23848
43.7,-0.310088,-0.159452,-0.109821,2.21119,-0.316591,0.169781,0.435051,2.14572
43.8,-0.305181,0.0649109,0.210033,2.23696,-0.256591,0.368693,0.764954,1.83253
43.9,-0.268192,0.280123,0.526254,2.03072,-0.166838,0.527535,1.0301,1.34431
44,-0.2012,0.464297,0.804377,1.62365,-0.0554876,0.631809,1.19691,0.741182
44.1,-0.109709,0.599919,1.01109,1.06956,0.0664527,0.67308,1.2419,0.084226
44.2,-0.00229047,0.675338,1.11928,0.429664,0.186355,0.648801,1.15615,-0.569804
44.3,0.110287,0.684951,1.11268,-0.23717,0.291482,0.561979,0.946401,-1.16663
44.4,0.216292,0.628846,0.988535,-0.875714,0.370438,0.421067,0.632712,-1.65162
44.5,0.304393,0.512575,0.7573,-1.43138,0.414297,0.239871,0.24447,-1.9723
44.6,0.364863,0.347175,0.440153,-1.84949,0.417381,0.0368339,-0.182795,-2.08844
44.7,0.390502,0.148926,0.0659805,-2.08155,0.37779,-0.166842,-0.609013,-1.98509
44.8,0.377291,-0.06186,-0.330759,-2.09751,0.297796,-0.350052,-0.990872,-1.67911
44.9,0.324876,-0.263276,-0.711451,-1.89673,0.184004,-0.494693,-1.28497,-1.21371
45,0.236892,-0.434917,-1.03549,-1.50902,0.0470666,-0.587642,-1.45378,-0.645254
45.1,0.120966,-0.560501,-1.26447,-0.984878,-0.0992779,-0.621479,-1.4731,-0.0314886
45.2,-0.0117974,-0.629262,-1.36831,-0.382169,-0.239803,-0.594389,-1.33739,0.573274
45.3,-0.147952,-0.636195,-1.3311,0.242648,-0.359686,-0.50986,-1.06027,1.11731
45.4,-0.273317,-0.581771,-1.15416,0.836344,-0.446209,-0.376489,-0.670207,1.5501
45.5,-0.374669,-0.471696,-0.85484,1.34716,-0.489947,-0.207715,-0.204549,1.8254
45.6,-0.441147,-0.316794,-0.462192,1.72499,-0.485449,-0.0209353,0.29451,1.91019
45.7,-0.465186,-0.132596,-0.0125097,1.92726,-0.431663,0.16432,0.781214,1.79493
45.8,-0.443096,0.0619182,0.45333,1.92929,-0.332259,0.328962,1.20687,1.4979
45.9,-0.375453,0.246579,0.890981,1.73285,-0.195765,0.45685,1.523,1.05987
46,-0.267379,0.402773,1.25442,1.36651,-0.0351885,0.536493,1.68853,0.532997
46.1,-0.128504,0.515751,1.50054,0.877153,0.133192,0.561696,1.67907,-0.0289429
46.2,0.0276838,0.575889,1.59656,0.318708,0.291806,0.531499,1.49321,-0.574988
46.3,0.185251,0.578962,1.5274,-0.255572,0.424063,0.449896,1.15194,-1.05707
46.4,0.327807,0.525928,1.299,-0.795343,0.516252,0.325548,0.69183,-1.4299
46.5,0.440519,0.422654,0.93577,-1.2526,0.5587,0.17133,0.157126,-1.65444
46.6,0.511656,0.279671,0.474172,-1.5827,0.54632,0.00334326,-0.404728,-1.7053
46.7,0.533478,0.111594,-0.0431497,-1.74971,0.478906,-0.160841,-0.943553,-1.57839
46.8,0.50269,-0.064148,-0.570173,-1.73476,0.361423,-0.304421,-1.4061,-1.2932
46.9,0.420748,-0.229383,-1.05788,-1.54233,0.204158,-0.413472,-1.7392,-0.887832
47,0.294125,-0.367563,-1.45548,-1.19977,0.0222722,-0.47836,-1.89851,-0.409922
47.1,0.13427,-0.465743,-1.7154,-0.750205,-0.165645,-0.494286,-1.85984,0.0913973
47.2,-0.0431402,-0.515677,-1.80236,-0.243124,-0.339955,-0.46124,-1.62636,0.569534
47.3,-0.219908,-0.514092,-1.70232,0.272228,-0.482596,-0.383695,-1.22645,0.981364
47.4,-0.377677,-0.462508,-1.42609,0.749423,-0.579128,-0.270222,-0.704184,1.28809
47.5,-0.500257,-0.366931,-1.00497,1.1453,-0.619814,-0.132888,-0.109531,1.4586
47.6,-0.575259,-0.23746,-0.482191,1.4216,-0.599984,0.013807,0.506128,1.47529
47.7,-0.594887,-0.0875965,0.094378,1.54956,-0.520212,0.154527,1.0893,1.3391
47.8,-0.556244,0.0670267,0.674759,1.51629,-0.386602,0.274998,1.58291,1.07032
47.9,-0.461559,0.210473,1.20625,1.3289,-0.21098,0.363719,1.92952,0.704112
48,-0.318466,0.328502,1.63386,1.01353,-0.0104193,0.413087,2.0817,0.283239
48.1,-0.140009,0.410196,1.90584,0.60934,0.194451,0.419823,2.01571,-0.148509
48.2,0.0561967,0.448889,1.98443,0.160964,0.382204,0.384893,1.73935,-0.550088
48.3,0.24993,0.442397,1.85668,-0.287205,0.533575,0.313152,1.28806,-0.884735
48.4,0.421113,0.392841,1.53812,-0.693818,0.633606,0.212849,0.712564,-1.12132
48.5,0.552415,0.306272,1.06657,-1.02176,0.672606,0.0949227,0.0674468,-1.2372
48.6,0.630945,0.192173,0.491183,-1.23999,0.646323,-0.0280469,-0.593109,-1.22219
48.7,0.648914,0.0626772,-0.135949,-1.32725,0.556005,-0.143234,-1.21325,-1.08154
48.8,0.603781,-0.0686302,-0.761952,-1.27642,0.408703,-0.239097,-1.73279,-0.835722
48.9,0.498405,-0.188277,-1.33132,-1.09695,0.21754,-0.306711,-2.09048,-0.516564
49,0.341365,-0.284523,-1.78553,-0.813522,0.00120895,-0.340615,-2.23614,-0.161511
49.1,0.14703,-0.348664,-2.06893,-0.461142,-0.217922,-0.339099,-2.14648,0.191827
49.2,-0.0653222,-0.375757,-2.14134,-0.0791181,-0.416928,-0.304045,-1.83365,0.509256
49.3,-0.273725,-0.36479,-1.99068,0.293929,-0.575584,-0.240493,-1.33947,0.761791
49.4,-0.456618,-0.318449,-1.63675,0.622972,-0.678574,-0.156056,-0.720349,0.926937
49.5,-0.595716,-0.242677,-1.12323,0.878114,-0.716316,-0.0601809,-0.0344802,0.990571
49.6,-0.677733,-0.146084,-0.504362,1.03626,-0.684937,0.0368091,0.662052,0.949229
49.7,-0.694913,-0.0391501,0.164434,1.08362,-0.586243,0.124844,1.31183,0.811477
49.8,-0.645002,0.0668494,0.82826,1.01835,-0.428037,0.195275,1.8523,0.597136
49.9,-0.531336,0.161108,1.42964,0.851694,-0.224468,0.241841,2.21907,0.334174
50,-0.363211,0.234544,1.9072,0.606457,0.0044649,0.261254,2.35959,0.0540932
50.1,-0.156033,0.280785,2.20189,0.313198,0.234995,0.253324,2.251,-0.212694
50.2,0.0695804,0.296694,2.27116,0.00529762,0.443004,0.22068,1.9092,-0.440179
50.3,0.290215,0.282425,2.10342,-0.2854,0.607534,0.168253,1.3814,-0.608363
50.4,0.483077,0.241116,1.72207,-0.53142,0.713038,0.102639,0.728674,-0.703914
50.5,0.629091,0.178369,1.17572,-0.711121,0.750069,0.0314011,0.0119385,-0.72085
50.6,0.714656,0.101617,0.522884,-0.809726,0.715091,-0.0377094,-0.711486,-0.66136
50.7,0.732042,0.0193746,-0.178458,-0.820589,0.610354,-0.0975836,-1.38327,-0.536125
50.8,0.679212,-0.0596381,-0.872057,-0.746381,0.444228,-0.14256,-1.93926,-0.363399
50.9,0.559839,-0.12745,-1.4992,-0.599343,0.231624,-0.169056,-2.31281,-0.166532
51,0.383711,-0.177743,-1.99647,-0.399906,-0.00649561,-0.175895,-2.44959,0.0297675
51.1,0.166976,-0.20653,-2.30209,-0.173654,-0.245332,-0.164236,-2.32714,0.203413
51.2,-0.0687516,-0.212473,-2.37137,0.0526941,-0.459905,-0.137176,-1.96433,0.337768
51.3,-0.298949,-0.196799,-2.19283,0.255116,-0.62875,-0.0991582,-1.41256,0.422599
51.4,-0.499854,-0.16289,-1.79248,0.414785,-0.736199,-0.055342,-0.736429,0.453725
51.5,-0.651764,-0.115707,-1.22283,0.519015,-0.772963,-0.0110322,0.00115779,0.43247
51.6,-0.740825,-0.0611676,-0.545745,0.561356,-0.735799,0.0288606,0.742116,0.365386
51.7,-0.759324,-0.00552293,0.178801,0.541633,-0.627309,0.0603294,1.4277,0.263989
51.8,-0.705376,0.0452796,0.893717,0.466071,-0.456276,0.0807239,1.99296,0.143901
51.9,-0.582871,0.0862271,1.53968,0.347038,-0.238125,0.0890638,2.37005,0.0228975
52,-0.401899,0.113807,2.05212,0.201872,0.00556567,0.0861017,2.50376,-0.082141
52.1,-0.179062,0.126393,2.36741,0.0504948,0.249359,0.0740682,2.3721,-0.158527
52.2,0.0633872,0.124346,2.43924,-0.087907,0.467768,0.0561514,1.99609,-0.199809
52.3,0.300186,0.109765,2.25585,-0.198106,0.63907,0.0358751,1.42994,-0.205716
52.4,0.506899,0.0859926,1.84488,-0.270709,0.747597,0.0165565,0.740589,-0.180656
52.5,0.663376,0.0570065,1.26149,-0.302243,0.784238,0.000918396,-0.00776382,-0.132106
52.6,0.75558,0.0268768,0.569975,-0.294173,0.74602,-0.0091668,-0.75659,-0.0695975
52.7,0.775809,-0.000676643,-0.168245,-0.251896,0.635836,-0.0128545,-1.44709,-0.00415554
52.8,0.722286,-0.0226433,-0.895567,-0.184127,0.462766,-0.0104412,-2.01432,0.0524207
52.9,0.599032,-0.0370301,-1.55257,-0.102391,0.242531,-0.0033679,-2.39039,0.0890453
53,0.416286,-0.0431009,-2.0744,-0.0200785,-0.00300662,0.00596997,-2.52036,0.097712
53.1,0.190847,-0.0414787,-2.3967,0.0494055,-0.24818,0.0146512,-2.38311,0.075912
53.2,-0.0547489,-0.0340183,-2.47229,0.0952814,-0.467383,0.0198282,-2.00095,0.0276291
53.3,-0.294889,-0.0234141,-2.28906,0.111856,-0.638908,0.0193172,-1.42954,-0.0378488
53.4,-0.5048,-0.0126254,-1.87525,0.0995063,-0.74723,0.0120004,-0.736894,-0.108488
53.5,-0.664098,-0.00430352,-1.28737,0.0637479,-0.783466,-0.00202164,0.0121719,-0.171952
53.6,-0.758651,-0.000374208,-0.591129,0.0132281,-0.74491,-0.0214753,0.758949,-0.217121
53.7,-0.780786,-0.00182167,0.151132,-0.0421135,-0.634719,-0.0440722,1.44486,-0.234818
53.8,-0.728812,-0.00862109,0.881544,-0.0921679,-0.462192,-0.0667305,2.00568,-0.218349
53.9,-0.606836,-0.0197549,1.54097,-0.127284,-0.24317,-0.0858705,2.37478,-0.16445
54,-0.425136,-0.0332912,2.06512,-0.138989,0.000509991,-0.0978323,2.49882,-0.074787
54.1,-0.200494,-0.0465614,2.39013,-0.12129,0.243355,-0.0994365,2.35807,0.0427037
54.2,0.0446035,-0.0564986,2.46898,-0.0725263,0.46004,-0.0886035,1.97564,0.173957
54.3,0.284593,-0.0601546,2.28941,0.00312535,0.629186,-0.0648566,1.40726,0.300981
54.4,0.494732,-0.0552981,1.87946,0.0956781,0.735587,-0.0295442,0.720771,0.405265
54.5,0.654651,-0.0409127,1.29567,0.191248,0.77067,0.0142634,-0.0191107,0.470887
54.6,0.75026,-0.0174457,0.604069,0.274918,0.732026,0.0621325,-0.753773,0.486495
54.7,0.773959,0.0132208,-0.132635,0.333247,0.623081,0.108765,-1.42513,0.446154
54.8,0.724154,0.048003,-0.856542,0.355815,0.453305,0.14855,-1.97037,0.349554
54.9,0.605022,0.0829574,-1.50912,0.335926,0.238517,0.176136,-2.32539,0.202163
55,0.426816,0.113674,-2.02741,0.271023,0.000256287,0.187026,-2.43983,0.0156388
55.1,0.206131,0.135719,-2.34928,0.163297,-0.236544,0.178209,-2.29618,-0.191985
55.2,-0.0348929,0.145149,-2.4291,0.0205605,-0.447249,0.14874,-1.91793,-0.397399
55.3,-0.27113,0.139111,-2.25494,-0.143294,-0.611137,0.100121,-1.35981,-0.57497
55.4,-0.47825,0.116411,-1.85409,-0.309265,-0.713542,0.0363325,-0.688303,-0.70081
55.5,-0.6362,0.0779012,-1.28199,-0.455941,-0.74632,-0.0365376,0.0327514,-0.756591
55.6,-0.731101,0.0265491,-0.603876,-0.563057,-0.707422,-0.11097,0.74521,-0.732053
55.7,-0.755519,-0.0328455,0.117847,-0.614651,-0.60057,-0.178867,1.39183,-0.625883
55.8,-0.707995,-0.09419,0.825543,-0.601045,-0.435384,-0.232424,1.9119,-0.445259
55.9,-0.592794,-0.150773,1.4616,-0.519586,-0.227538,-0.26493,2.24503,-0.204863
56,-0.420105,-0.195968,1.9651,-0.374537,0.00197488,-0.271475,2.34522,0.0739505
56.1,-0.20621,-0.223903,2.27682,-0.176738,0.229134,-0.249581,2.19796,0.363931
56.2,0.0273566,-0.230111,2.35377,0.0566445,0.430387,-0.199704,1.82709,0.633622
56.3,0.256267,-0.21214,2.18508,0.302625,0.586012,-0.125484,1.28542,0.850761
56.4,0.456991,-0.170065,1.79708,0.53406,0.682136,-0.0335957,0.637052,0.987016
56.5,0.610114,-0.106754,1.24315,0.722878,0.711197,0.0668904,-0.0558319,1.0227
56.6,0.702191,-0.0277522,0.586706,0.844278,0.671601,0.165522,-0.736073,0.949938
56.7,0.72608,0.0592444,-0.110896,0.880644,0.56741,0.251683,-1.34776,0.773282
56.8,0.680536,0.145251,-0.792712,0.824056,0.408369,0.315756,-1.83306,0.508175
56.9,0.569939,0.221011,-1.40245,0.676914,0.209894,0.350087,-2.13643,0.178431
57,0.404402,0.277983,-1.88191,0.450978,-0.0077967,0.34972,-2.21739,-0.185765
57.1,0.199784,0.309209,-2.17585,0.16578,-0.221925,0.312974,-2.06519,-0.549163
57.2,-0.0232071,0.31001,-2.24513,-0.152762,-0.410385,0.241852,-1.704,-0.873273
57.3,-0.24137,0.278571,-2.08074,-0.47354,-0.554793,0.142187,-1.18417,-1.12002
57.4,-0.432343,0.216369,-1.70803,-0.762229,-0.64233,0.0233177,-0.566572,-1.25736
57.5,-0.577684,0.128337,-1.1777,-0.984854,-0.666206,-0.102809,0.0890569,-1.26517
57.6,-0.664638,0.0225804,-0.550427,-1.11271,-0.625393,-0.223022,0.727203,-1.1391
57.7,-0.686519,-0.0903971,0.114249,-1.12728,-0.524333,-0.324509,1.29399,-0.890635
57.8,-0.642395,-0.198889,0.760665,-1.02331,-0.372866,-0.396229,1.73537,-0.54376
57.9,-0.536811,-0.291353,1.3344,-0.809114,-0.186015,-0.429957,2.00164,-0.130806
58,-0.37978,-0.357664,1.78069,-0.504286,0.0170064,-0.420974,2.0588,0.310461
58.1,-0.18664,-0.390095,2.04924,-0.13665,0.214966,-0.368545,1.9004,0.738133
58.2,0.0229336,-0.384007,2.10579,0.260106,0.387537,-0.276255,1.55101,1.10766
58.3,0.227159,-0.338362,1.94388,0.647898,0.517991,-0.152083,1.05807,1.37577
58.4,0.405185,-0.256079,1.58811,0.986138,0.594824,-0.00793495,0.478606,1.50719
58.5,0.539869,-0.144112,1.08605,1.23553,0.612213,0.141533,-0.130826,1.48218
58.6,0.619413,-0.013038,0.494936,1.36391,0.569813,0.280688,-0.717182,1.30091
58.7,0.637782,0.123968,-0.128303,1.35245,0.472476,0.394853,-1.22955,0.982404
58.8,0.59447,0.252688,-0.730019,1.19936,0.330065,0.471927,-1.61868,0.559063
58.9,0.494228,0.359574,-1.25839,0.919412,0.157046,0.503415,-1.84169,0.0707087
59,0.346939,0.433228,-1.66291,0.540042,-0.0286216,0.485013,-1.87166,-0.438742
59.1,0.1673,0.465426,-1.89908,0.0966105,-0.20754,0.416976,-1.70671,-0.921999
59.2,-0.0262494,0.451741,-1.9383,-0.370635,-0.36146,0.304413,-1.37169,-1.32927
59.3,-0.213615,0.391959,-1.77722,-0.817815,-0.47559,0.157325,-0.910905,-1.61248
59.4,-0.375761,0.290384,-1.43985,-1.19889,-0.539987,-0.00997555,-0.377038,-1.73353
59.5,-0.49715,0.155879,-0.97044,-1.46966,-0.549976,-0.180335,0.177256,-1.67366
59.6,-0.567207,0.00134615,-0.422204,-1.59479,-0.505994,-0.33593,0.702375,-1.43824
59.7,-0.580746,-0.157551,0.151287,-1.55557,-0.413299,-0.460548,1.15153,-1.05411
59.8,-0.537802,-0.304312,0.699276,-1.35418,-0.281652,-0.541328,1.48141,-0.561497
59.9,-0.443359,-0.42366,1.17347,-1.01218,-0.124744,-0.569728,1.65674,-0.00650769
60,-0.307101,-0.503197,1.52852,-0.56447,0.0409921,-0.541944,1.65798,0.562199
60.1,-0.142931,-0.534409,1.72649,-0.0529716,0.198274,-0.459179,1.48767,1.0931
60.2,0.0321561,-0.513169,1.74493,0.476765,0.331194,-0.327933,1.17073,1.53184
60.3,0.200012,-0.440058,1.5839,0.976193,0.427136,-0.160048,0.748099,1.82586
60.4,0.343687,-0.320638,1.26689,1.39453,0.477926,0.0279707,0.26771,1.93452
60.5,0.449521,-0.165505,0.834703,1.683,0.48019,0.216718,-0.22243,1.84043
60.6,0.508402,0.010308,0.336123,1.80326,0.435204,0.386464,-0.6773,1.5545
60.7,0.516178,0.188866,-0.179397,1.73692,0.34856,0.519749,-1.05557,1.11119
60.8,0.473524,0.351629,-0.664991,1.49041,0.22973,0.603197,-1.32102,0.557773
60.9,0.385644,0.481843,-1.077,1.092,0.0913515,0.628355,-1.44655,-0.0546145
61,0.261908,0.566332,-1.37619,0.583471,-0.0519691,0.591933,-1.41986,-0.673833
61.1,0.11523,0.596431,-1.5318,0.0122748,-0.185336,0.495985,-1.24748,-1.24512
61.2,-0.0390798,0.56834,-1.52774,-0.571944,-0.295408,0.348219,-0.95396,-1.71021
61.3,-0.185058,0.48334,-1.36744,-1.117,-0.371935,0.162088,-0.576586,-2.0124
61.4,-0.308083,0.348079,-1.07382,-1.56805,-0.408672,-0.0439683,-0.158142,-2.10873
61.5,-0.396594,0.174662,-0.684098,-1.87202,-0.403636,-0.24857,0.258862,-1.98332
61.6,-0.443154,-0.0199918,-0.242258,-1.98765,-0.358928,-0.430365,0.635279,-1.65257
61.7,-0.444793,-0.215921,0.20713,-1.89692,-0.280332,-0.570895,0.936657,-1.15804
61.8,-0.402878,-0.392787,0.622213,-1.61041,-0.176755,-0.656451,1.13487,-0.553089
61.9,-0.322768,-0.532586,0.965178,-1.16273,-0.0594511,-0.678744,1.21122,0.107232
62,-0.213343,-0.621535,1.20386,-0.601834,0.0591174,-0.634964,1.16015,0.768373
62.1,-0.0862817,-0.650897,1.31505,0.0203129,0.166692,-0.527884,0.991339,1.37322
62.2,0.045048,-0.617175,1.28893,0.651029,0.25268,-0.366212,0.728427,1.86023
62.3,0.1671,-0.522228,1.13194,1.23542,0.309334,-0.164749,0.404645,2.16904
62.4,0.267776,-0.373582,0.866184,1.71526,0.332421,0.0564322,0.0570935,2.25457
62.5,0.337805,-0.184593,0.525113,2.03357,0.321365,0.274283,-0.278209,2.10244
62.6,0.371573,0.0262156,0.147507,2.14625,0.278986,0.466108,-0.569371,1.73406
62.7,0.367385,0.237131,-0.22779,2.03547,0.21101,0.612676,-0.790144,1.19731
62.8,0.327289,0.42627,-0.565142,1.71555,0.125443,0.700072,-0.921209,0.550605
62.9,0.256662,0.574572,-0.833809,1.22685,0.0317791,0.7202,-0.95206,-0.148037
63,0.16365,0.667769,-1.00949,0.622667,-0.0599724,0.670674,-0.882971,-0.842493
63.1,0.0584112,0.697097,-1.07668,-0.0414245,-0.140409,0.554846,-0.725764,-1.47406
63.2,-0.0478986,0.659305,-1.03131,-0.710572,-0.201818,0.382209,-0.502414,-1.97868
63.3,-0.144363,0.556698,-0.882294,-1.328,-0.239017,0.168628,-0.241559,-2.29295
63.4,-0.221571,0.397464,-0.650486,-1.83285,-0.249788,-0.0645211,0.02613,-2.37002
63.5,-0.272663,0.195928,-0.365247,-2.16475,-0.234869,-0.292861,0.272258,-2.19677
63.6,-0.293937,-0.028094,-0.0596241,-2.27692,-0.197579,-0.492645,0.473528,-1.79891
63.7,-0.284987,-0.251451,0.234193,-2.15146,-0.143257,-0.644068,0.612923,-1.22955
63.8,-0.248444,-0.450972,0.488001,-1.80576,-0.0786026,-0.733106,0.680162,-0.551187
63.9,-0.18949,-0.606725,0.679233,-1.28503,-0.0109813,-0.751864,0.672264,0.176014
64,-0.115235,-0.70405,0.791976,-0.647037,0.0523395,-0.698315,0.594153,0.894964
64.1,-0.0340046,-0.734163,0.818164,0.049762,0.104979,-0.576266,0.458639,1.54602
64.2,0.045519,-0.694005,0.758802,0.749037,0.142168,-0.395792,0.285141,2.06346
64.3,0.115231,-0.586195,0.624439,1.39285,0.161272,-0.173535,0.0969288,2.38169
64.4,0.168523,-0.419379,0.434112,1.9185,0.161983,0.0681801,-0.0827014,2.45261
64.5,0.201005,-0.20857,0.2126,2.26297,0.14614,0.304018,-0.234154,2.26415
64.6,0.210892,0.0254665,-0.0134702,2.37714,0.117242,0.509492,-0.343805,1.84533
64.7,0.198986,0.258482,-0.219565,2.24271,0.0798321,0.664421,-0.404396,1.25326
64.8,0.168314,0.4663,-0.386027,1.87931,0.0388937,0.754757,-0.414372,0.553454
64.9,0.123571,0.628301,-0.49925,1.33593,-0.000686739,0.77281,-0.377236,-0.192397
65,0.0705028,0.729514,-0.551837,0.673877,-0.0346095,0.716857,-0.301218,-0.926665
65.1,0.0152832,0.761136,-0.542599,-0.0461817,-0.0596142,0.591058,-0.198877,-1.58932
65.2,-0.0361087,0.720247,-0.476655,-0.766923,-0.0738601,0.405901,-0.0860399,-2.11382
65.3,-0.078518,0.60967,-0.365287,-1.42984,-0.0771428,0.178534,0.0203853,-2.43353
65.4,-0.108191,0.438335,-0.224969,-1.9712,-0.0708463,-0.0681351,0.105544,-2.49985
65.5,-0.123195,0.221675,-0.0752142,-2.32629,-0.0575869,-0.30821,0.159644,-2.30165
65.6,-0.123571,-0.0189437,0.0646037,-2.44424,-0.0406376,-0.516802,0.179342,-1.8702
65.7,-0.111148,-0.258547,0.178576,-2.30621,-0.0233177,-0.673573,0.167057,-1.26522
65.8,-0.0890744,-0.472272,0.256425,-1.93312,-0.00850666,-0.764543,0.129164,-0.554158
65.9,-0.061224,-0.639009,0.293867,-1.3765,0.00167052,-0.782234,0.0743801,0.20033
66,-0.0316335,-0.743566,0.291719,-0.700184,0.00603199,-0.7252,0.0128492,0.94035
66.1,-0.00404951,-0.777127,0.254826,0.033531,0.00445365,-0.597887,-0.044416,1.60591
66.2,0.0184366,-0.736871,0.191362,0.766682,-0.00208544,-0.411064,-0.0863659,2.13056
66.3,0.0336975,-0.625755,0.112341,1.44064,-0.011582,-0.182141,-0.103566,2.44789
66.4,0.0408186,-0.452852,0.030803,1.99147,-0.0212892,0.0657453,-0.0905778,2.50984
66.5,0.0402249,-0.23378,-0.0398529,2.35384,-0.0282185,0.306552,-0.0480077,2.3063
66.6,0.0335961,0.00983342,-0.088386,2.47602,-0.0297589,0.515358,0.0172004,1.86982
66.7,0.0235169,0.252679,-0.108286,2.3387,-0.0242197,0.671912,0.0935828,1.26127
66.8,0.012924,0.469556,-0.0990705,1.96326,-0.0111436,0.762421,0.16794,0.5489
66.9,0.00452074,0.639107,-0.0656471,1.40245,0.00863705,0.779656,0.227672,-0.204194
67,0.000329323,0.746027,-0.0163851,0.721529,0.0331262,0.722443,0.262111,-0.940074
67.1,0.00144568,0.781516,0.0388343,-0.0161857,0.0593888,0.595482,0.263142,-1.59913
67.2,0.00795772,0.742836,0.0898796,-0.752355,0.0838334,0.409731,0.22575,-2.1159
67.3,0.018957,0.633036,0.12705,-1.42855,0.102572,0.182658,0.149016,-2.42554
67.4,0.0326121,0.461241,0.141725,-1.98141,0.111899,-0.0627077,0.0375347,-2.48178
67.5,0.0463293,0.243062,0.127532,-2.34612,0.108893,-0.300589,-0.0976648,-2.27584
67.6,0.0570631,7.78143e-05,0.0821162,-2.47126,0.0920131,-0.506419,-0.239926,-1.84076
67.7,0.0618057,-0.242463,0.0087707,-2.33743,0.0615307,-0.660316,-0.369723,-1.23719
67.8,0.0581812,-0.459401,-0.0832707,-1.9658,0.0196337,-0.748829,-0.468217,-0.533069
67.9,0.044973,-0.629408,-0.180465,-1.4091,-0.0297881,-0.765048,-0.520219,0.208693
68,0.0224177,-0.737221,-0.267766,-0.73284,-0.0815942,-0.708096,-0.515903,0.930339
68.1,-0.00778259,-0.77411,-0.331282,-0.000694963,-0.129961,-0.58293,-0.451438,1.57299
68.2,-0.0426707,-0.73744,-0.360005,0.728887,-0.168985,-0.40063,-0.329033,2.073
68.3,-0.0783697,-0.630343,-0.346635,1.39796,-0.193287,-0.178558,-0.157006,2.36844
68.4,-0.110475,-0.461943,-0.287993,1.94437,-0.198639,0.0606728,0.0499567,2.41617
68.5,-0.134493,-0.247698,-0.185555,2.30504,-0.182593,0.291944,0.270975,2.20926
68.6,-0.146341,-0.00886169,-0.0462812,2.43011,-0.145012,0.491441,0.48064,1.78067
68.7,-0.142939,0.229751,0.116802,2.30076,-0.0883579,0.639958,0.65244,1.18969
68.8,-0.12279,0.443418,0.285284,1.93761,-0.0175863,0.724584,0.762992,0.502813
68.9,-0.0864128,0.611153,0.4378,1.39225,0.0603489,0.738831,0.795712,-0.217865
69,-0.036463,0.717933,0.553539,0.729313,0.137283,0.682182,0.742973,-0.915119
69.1,0.0224913,0.755203,0.615565,0.0120728,0.20476,0.559865,0.606557,-1.53122
69.2,0.0844806,0.720474,0.613034,-0.701257,0.254929,0.383045,0.39683,-2.00517
69.3,0.1428,0.616984,0.542139,-1.35349,0.281348,0.168824,0.131547,-2.27924
69.4,0.190717,0.45383,0.406098,-1.88432,0.279672,-0.0608705,-0.165068,-2.31465
69.5,0.222158,0.246211,0.214789,-2.2335,0.248253,-0.281952,-0.463307,-2.10697
69.6,0.232356,0.0148234,-0.0155357,-2.35401,0.188583,-0.471739,-0.730105,-1.68877
69.7,0.218475,-0.216301,-0.262678,-2.22849,0.105431,-0.612029,-0.932922,-1.11703
69.8,0.180144,-0.423263,-0.499898,-1.87692,0.00654789,-0.690672,-1.04474,-0.455846
69.9,0.119773,-0.58576,-0.698887,-1.34896,-0.0981237,-0.701754,-1.04869,0.234225
70,0.0425132,-0.689246,-0.833888,-0.707255,-0.197589,-0.645193,-0.940623,0.89699
70.1,-0.0442114,-0.725486,-0.885763,-0.0139107,-0.281075,-0.526521,-0.729098,1.47644
70.2,-0.131519,-0.692221,-0.844824,0.673577,-0.339187,-0.356945,-0.433135,1.9151
70.3,-0.21008,-0.592832,-0.711791,1.29917,-0.364821,-0.153161,-0.0795461,2.16058
70.4,-0.271128,-0.436388,-0.497034,1.80502,-0.35385,0.0638457,0.298969,2.17956
70.5,-0.307355,-0.237737,-0.218991,2.13473,-0.305645,0.271358,0.665124,1.97068
70.6,-0.313633,-0.0168151,0.0973021,2.24531,-0.223428,0.44819,0.979221,1.56595
70.7,-0.287621,0.203437,0.42141,2.12175,-0.114296,0.577458,1.20342,1.01942
70.8,-0.230222,0.400309,0.719252,1.78358,0.0112646,0.648026,1.30779,0.391943
70.9,-0.145803,0.554528,0.956367,1.27796,0.140462,0.654713,1.27615,-0.2582
71,-0.0419963,0.652296,1.10269,0.66469,0.25972,0.597977,1.10902,-0.876531
71.1,0.0709897,0.685877,1.13758,0.0038522,0.356298,0.483674,0.822538,-1.40953
71.2,0.181517,0.653352,1.05342,-0.648374,0.419644,0.322988,0.444393,-1.8042
71.3,0.277876,0.558301,0.856336,-1.23764,0.442342,0.132053,0.00956475,-2.01451
71.4,0.349591,0.409758,0.564304,-1.70924,0.420714,-0.0693442,-0.442128,-2.01343
71.5,0.388441,0.222133,0.204053,-2.01155,0.355253,-0.260167,-0.867088,-1.80303
71.6,0.389206,0.0144188,-0.191512,-2.10665,0.250908,-0.421053,-1.21982,-1.41469
71.7,0.3502,-0.191818,-0.584872,-1.98267,0.117032,-0.53674,-1.4577,-0.899054
71.8,0.273652,-0.375392,-0.935576,-1.65897,-0.0332754,-0.597349,-1.54844,-0.313118
71.9,0.165852,-0.518391,-1.20364,-1.17987,-0.184565,-0.59861,-1.47736,0.287892
72,0.0368378,-0.608044,-1.35514,-0.601651,-0.320963,-0.541612,-1.25059,0.852085
72.1,-0.100531,-0.637323,-1.36851,0.0183944,-0.428105,-0.432536,-0.89226,1.32942
72.2,-0.232054,-0.604775,-1.23891,0.62616,-0.494632,-0.282445,-0.438269,1.67242
72.3,-0.343916,-0.514235,-0.978555,1.16972,-0.513073,-0.10671,0.0694415,1.84227
72.4,-0.424233,-0.374678,-0.613127,1.59831,-0.480332,0.0763393,0.585373,1.81872
72.5,-0.464163,-0.199976,-0.177002,1.86592,-0.398025,0.247643,1.06077,1.60736
72.6,-0.458581,-0.00798658,0.290205,1.94053,-0.272736,0.389952,1.44502,1.23881
72.7,-0.406522,0.181355,0.745103,1.81397,-0.115933,0.489893,1.69105,0.760013
72.8,-0.311502,0.34869,1.14177,1.50568,0.0568498,0.539072,1.7646,0.223565
72.9,-0.181628,0.477774,1.43516,1.057,0.227739,0.534293,1.65319,-0.319144
73,-0.0291988,0.557136,1.58777,0.520199,0.378851,0.477342,1.36906,-0.81987
73.1,0.130447,0.580664,1.5775,-0.0509644,0.494523,0.374686,0.944379,-1.23326
73.2,0.28077,0.547504,1.40285,-0.605314,0.562864,0.237102,0.422447,-1.51842
73.3,0.406115,0.461787,1.08244,-1.09428,0.576529,0.0789597,-0.14915,-1.64442
73.4,0.493474,0.332377,0.649441,-1.47194,0.533042,-0.0831546,-0.720592,-1.59786
73.5,0.533601,0.172465,0.144997,-1.69872,0.435063,-0.23243,-1.23899,-1.38765
73.6,0.52158,-0.00142935,-0.38581,-1.749,0.290656,-0.353983,-1.64916,-1.0434
73.7,0.457154,-0.171253,-0.894896,-1.61865,0.113205,-0.436557,-1.89986,-0.608084
73.8,0.345014,-0.319741,-1.33165,-1.3273,-0.079547,-0.473433,-1.95518,-0.129442
73.9,0.194914,-0.432588,-1.64635,-0.913211,-0.267564,-0.462613,-1.80515,0.345845
74,0.0212192,-0.499872,-1.79809,-0.42427,-0.43124,-0.4066,-1.46837,0.774418
74.1,-0.158465,-0.516594,-1.76441,0.0899788,-0.553889,-0.312031,-0.984618,1.11695
74.2,-0.325495,-0.482612,-1.54745,0.58226,-0.623302,-0.189175,-0.403642,1.34017
74.3,-0.462634,-0.402355,-1.17223,1.00846,-0.632354,-0.0510993,0.222595,1.42135
74.4,-0.555977,-0.284479,-0.678937,1.32852,-0.579167,0.0876489,0.841145,1.35362
74.5,-0.596031,-0.141308,-0.114485,1.50996,-0.467316,0.212765,1.39588,1.1487
74.6,-0.578134,0.0122112,0.471767,1.53383,-0.306143,0.311939,1.82759,0.834788
74.7,-0.502666,0.16015,1.02812,1.40003,-0.110703,0.376209,2.0812,0.450607
74.8,-0.375329,0.287575,1.5,1.12828,0.0993226,0.400665,2.11931,0.0385231
74.9,-0.207306,0.382349,1.8334,0.75369,0.302016,0.384567,1.93457,-0.360481
75,-0.0147898,0.436311,1.98408,0.319431,0.476329,0.331078,1.55168,-0.709314
75.1,0.182594,0.445732,1.92931,-0.129861,0.604784,0.24681,1.01741,-0.976037
75.2,0.364347,0.411253,1.67474,-0.551882,0.674998,0.141219,0.386887,-1.13578
75.3,0.511875,0.337559,1.25156,-0.908193,0.680111,0.0257308,-0.284639,-1.17398
75.4,0.610562,0.232932,0.706257,-1.16563,0.618774,-0.0874494,-0.942092,-1.08962
75.5,0.650765,0.108592,0.0905668,-1.29929,0.495324,-0.18675,-1.52691,-0.896397
75.6,0.62807,-0.022347,-0.54294,-1.29685,0.320154,-0.262599,-1.97651,-0.620574
75.7,0.543386,-0.146318,-1.1399,-1.1619,0.10971,-0.308439,-2.23236,-0.29622
75.8,0.403236,-0.250925,-1.64254,-0.913968,-0.114695,-0.321233,-2.25575,0.0403357
75.9,0.21998,-0.326381,-1.99296,-0.584821,-0.329572,-0.301469,-2.0418,0.354945
76,0.0113555,-0.366442,-2.14376,-0.212571,-0.512697,-0.252811,-1.62071,0.618201
76.1,-0.20127,-0.368758,-2.07177,0.163818,-0.645997,-0.181565,-1.04529,0.806734
76.2,-0.395797,-0.334755,-1.78585,0.50817,-0.717016,-0.0960026,-0.375089,0.904508
76.3,-0.552485,-0.269257,-1.32272,0.788976,-0.719156,-0.00554642,0.332279,0.904616
76.4,-0.656142,-0.179946,-0.73439,0.980857,-0.651523,0.0802278,1.02038,0.810869
76.5,-0.697033,-0.0766484,-0.0765433,1.06673,-0.519055,0.152669,1.62898,0.637957
76.6,-0.670953,0.0296301,0.595923,1.04051,-0.332963,0.205043,2.09286,0.409524
76.7,-0.579224,0.127906,1.22682,0.90885,-0.110786,0.233239,2.35067,0.154387
76.8,-0.428984,0.208488,1.75592,0.69065,0.124878,0.236057,2.36261,-0.0980243
76.9,-0.233501,0.26407,2.12203,0.413991,0.349303,0.215074,2.12588,-0.321623
77,-0.0117501,0.290418,2.27482,0.111461,0.539361,0.174195,1.67529,-0.495967
77.1,0.213477,0.286584,2.1905,-0.18451,0.676556,0.119044,1.06861,-0.607053
77.2,0.418752,0.254707,1.88049,-0.445064,0.748428,0.0563117,0.368825,-0.647594
77.3,0.583384,0.199549,1.38621,-0.646769,0.74863,-0.00694041,-0.364778,-0.617448
77.4,0.691717,0.127901,0.764318,-0.772665,0.676642,-0.064013,-1.07499,-0.524003
77.5,0.733945,0.0478803,0.0736431,-0.813378,0.537863,-0.109305,-1.70059,-0.381836
77.6,0.706029,-0.0318902,-0.629263,-0.768357,0.344103,-0.138952,-2.1746,-0.211108
77.7,0.609585,-0.103206,-1.28709,-0.646524,0.113687,-0.151236,-2.43371,-0.0345632
77.8,0.452178,-0.159203,-1.83794,-0.465517,-0.12987,-0.146649,-2.43743,0.126307
77.9,0.247717,-0.195123,-2.21809,-0.249237,-0.36097,-0.127601,-2.18458,0.254645
78,0.0160775,-0.208755,-2.37472,-0.0241072,-0.555874,-0.097874,-1.7135,0.339893
78.1,-0.218867,-0.200488,-2.28323,0.184928,-0.69583,-0.0619965,-1.08562,0.377657
78.2,-0.43266,-0.173,-1.95687,0.357442,-0.768434,-0.0246733,-0.366446,0.368806
78.3,-0.603863,-0.130716,-1.44065,0.478951,-0.767576,0.00970532,0.383605,0.318767
78.4,-0.716451,-0.0792035,-0.794913,0.541162,-0.693048,0.0375012,1.10695,0.237151
78.5,-0.760563,-0.0245503,-0.0809421,0.541927,-0.550602,0.05622,1.74197,0.137224
78.6,-0.732281,0.0272516,0.643565,0.48533,-0.352458,0.064813,2.22092,0.0346354
78.7,-0.633419,0.0709287,1.32073,0.381606,-0.117429,0.0637959,2.47966,-0.0549759
78.8,-0.471807,0.102511,1.88776,0.246358,0.130433,0.0550911,2.47759,-0.119121
78.9,-0.261745,0.11978,2.27935,0.0986277,0.365055,0.0415822,2.21484,-0.151057
79,-0.0236734,0.122473,2.4409,-0.042129,0.562399,0.0265054,1.73204,-0.150477
79.1,0.217828,0.112149,2.347,-0.15941,0.703646,0.0128693,1.0929,-0.122245
79.2,0.437603,0.091759,2.01187,-0.242099,0.776516,0.00303736,0.364499,-0.0743932
79.3,0.613692,0.0650659,1.48295,-0.285108,0.775138,-0.00151107,-0.392059,-0.0165754
79.4,0.72981,0.0360671,0.823148,-0.288612,0.699582,-0.000301889,-1.11906,0.0407591
79.5,0.776056,0.00852793,0.095541,-0.256921,0.555877,0.00608241,-1.75503,0.086927
79.6,0.748601,-0.0143898,-0.641389,-0.1977,0.356501,0.0160273,-2.23249,0.11197
79.7,0.649393,-0.0304381,-1.3296,-0.121477,0.120489,0.0270479,-2.48774,0.108443
79.8,0.486404,-0.0385378,-1.90615,-0.0409237,-0.127948,0.036156,-2.48101,0.0737192
79.9,0.274109,-0.038926,-2.30523,0.0306257,-0.362675,0.0404195,-2.21352,0.0115507
80,0.0331917,-0.0331096,-2.4714,0.0815597,-0.559702,0.0375789,-1.72702,-0.0683637
80.1,-0.21145,-0.0235575,-2.37873,0.104621,-0.700359,0.0265242,-1.08613,-0.15273
80.2,-0.434325,-0.0131733,-2.04171,0.0984856,-0.772589,0.00750999,-0.358468,-0.227554
80.3,-0.613214,-0.00470295,-1.5089,0.0674223,-0.770784,-0.0178832,0.394579,-0.280311
80.4,-0.731703,-0.00025866,-0.844617,0.0194864,-0.695286,-0.0469536,1.11538,-0.301097
80.5,-0.77989,-0.00104495,-0.113045,-0.035516,-0.552364,-0.0761662,1.74304,-0.283155
80.6,-0.754029,-0.00725983,0.626855,-0.0874296,-0.354645,-0.101495,2.21135,-0.22343
80.7,-0.656164,-0.018101,1.31716,-0.1265,-0.121151,-0.118846,2.45852,-0.123589
80.8,-0.494331,-0.031835,1.89547,-0.14398,0.124108,-0.124589,2.44666,0.00873564
80.9,-0.283008,-0.0459445,2.29654,-0.133174,0.35535,-0.116176,2.17816,0.159516
81,-0.0428339,-0.0574134,2.46535,-0.0911003,0.549003,-0.0927104,1.6949,0.309805
81.1,0.201361,-0.0631883,2.37595,-0.0202176,0.686799,-0.0552726,1.06103,0.438951
81.2,0.424141,-0.0607652,2.04266,0.0710097,0.757038,-0.0069149,0.343736,0.528203
81.3,0.603327,-0.0487383,1.51394,0.169445,0.754434,0.0476689,-0.395816,0.563472
81.4,0.722547,-0.0271382,0.854325,0.259987,0.679628,0.102682,-1.1003,0.536782
81.5,0.771975,0.00251535,0.128319,0.328345,0.539122,0.151854,-1.70983,0.446656
81.6,0.747965,0.0373978,-0.604946,0.36295,0.345605,0.189087,-2.16049,0.29801
81.7,0.652656,0.0737066,-1.28791,0.35591,0.117892,0.209093,-2.39376,0.102108
81.8,0.494106,0.107053,-1.85927,0.303447,-0.120538,0.20803,-2.37485,-0.123354
81.9,0.286671,0.132893,-2.25549,0.206365,-0.34466,0.184121,-2.10759,-0.354838
82,0.050692,0.147027,-2.42322,0.0708207,-0.531702,0.13812,-1.63324,-0.565188
82.1,-0.189428,0.146165,-2.33736,-0.0910095,-0.664079,0.0734874,-1.01431,-0.727455
82.2,-0.408708,0.12853,-2.01185,-0.261347,-0.730622,-0.00384655,-0.31655,-0.819224
82.3,-0.585339,0.094316,-1.49409,-0.418972,-0.726467,-0.0861111,0.399645,-0.826067
82.4,-0.703214,0.0458725,-0.847592,-0.542641,-0.652605,-0.16458,1.07759,-0.743306
82.5,-0.752696,-0.0124739,-0.136389,-0.614533,-0.515777,-0.230545,1.65897,-0.575991
82.6,-0.730295,-0.0748926,0.580624,-0.622691,-0.328676,-0.27623,2.08306,-0.337713
82.7,-0.638271,-0.134704,1.24652,-0.56218,-0.109726,-0.295578,2.29594,-0.0492517
82.8,-0.484689,-0.185093,1.80163,-0.435184,0.118426,-0.28492,2.26708,0.262421
82.9,-0.283694,-0.219803,2.18517,-0.250642,0.331885,-0.24353,2.00211,0.56537
83,-0.0551197,-0.233796,2.34674,-0.0239169,0.509051,-0.173997,1.54122,0.825283
83.1,0.177391,-0.223878,2.26306,0.223583,0.633328,-0.0822424,0.944318,1.00982
83.2,0.389694,-0.189254,1.94783,0.465591,0.694284,0.0229388,0.27481,1.09381
83.3,0.560707,-0.131891,1.44661,0.673691,0.687608,0.130811,-0.408341,1.06363
83.4,0.674844,-0.0565434,0.820879,0.82132,0.61471,0.229952,-1.04961,0.919198
83.5,0.722817,0.0296516,0.133315,0.887949,0.482586,0.309565,-1.59288,0.673074
83.6,0.701382,0.117941,-0.557943,0.862202,0.303861,0.360606,-1.98161,0.347733
83.7,0.612966,0.198954,-1.19698,0.743142,0.0963989,0.376633,-2.16764,-0.0271977
83.8,0.465649,0.263733,-1.72634,0.539744,-0.118264,0.354439,-2.12561,-0.416674
83.9,0.273291,0.304647,-2.08889,0.269351,-0.317714,0.294526,-1.8634,-0.781586
84,0.0550346,0.316156,-2.23843,-0.0438838,-0.481874,0.201378,-1.4198,-1.08138
84.1,-0.166529,0.29542,-2.15444,-0.370214,-0.595435,0.0833603,-0.851421,-1.27897
84.2,-0.368453,0.242796,-1.85069,-0.675886,-0.648933,-0.0479479,-0.218537,-1.34719
84.3,-0.530736,0.162097,-1.37048,-0.926115,-0.638757,-0.179022,0.422045,-1.27428
84.4,-0.638598,0.0604809,-0.77237,-1.08966,-0.566821,-0.296027,1.01669,-1.06583
84.5,-0.683291,-0.052165,-0.116849,-1.14398,-0.440371,-0.386444,1.5123,-0.742507
84.6,-0.661943,-0.164307,0.539347,-1.07913,-0.271878,-0.440337,1.85755,-0.335367
84.7,-0.577211,-0.264118,1.14186,-0.899103,-0.0784526,-0.451195,2.01097,0.118223
84.8,-0.437192,-0.340803,1.63608,-0.620208,0.119751,-0.416456,1.95309,0.576547
84.9,-0.255388,-0.385694,1.96947,-0.268044,0.302116,-0.337905,1.69421,0.994477
85,-0.0500872,-0.393022,2.10098,0.125276,0.450406,-0.221885,1.27159,1.32592
85.1,0.15744,-0.360485,2.01375,0.522812,0.550888,-0.0791137,0.738043,1.52951
85.2,0.345776,-0.289656,1.72197,0.884349,0.595292,0.0761952,0.150038,1.57667
85.3,0.496331,-0.186174,1.26646,1.16942,0.580865,0.227946,-0.438573,1.45835
85.4,0.595422,-0.0595295,0.702232,1.34255,0.510088,0.360196,-0.976967,1.18665
85.5,0.635065,0.0777647,0.0868044,1.37971,0.390433,0.459053,-1.41614,0.790483
85.6,0.612895,0.211577,-0.525244,1.27313,0.234078,0.514015,-1.71095,0.308753
85.7,0.531867,0.32788,-1.08184,1.03241,0.0571597,0.518714,-1.82741,-0.214772
85.8,0.400087,0.414353,-1.53204,0.681426,-0.121823,0.47132,-1.75224,-0.733102
85.9,0.23061,0.461577,-1.82869,0.253497,-0.284344,0.374859,-1.49817,-1.19611
86,0.0406898,0.46377,-1.93677,-0.2124,-0.414288,0.237419,-1.10071,-1.55269
86.1,-0.14997,0.41925,-1.84368,-0.673372,-0.499752,0.0719083,-0.608565,-1.75753
86.2,-0.321776,0.330782,-1.56433,-1.0837,-0.533871,-0.105021,-0.0738124,-1.78106
86.3,-0.45786,0.205733,-1.13696,-1.39775,-0.514885,-0.274953,0.453524,-1.61759
86.4,-0.545915,0.0557861,-0.612614,-1.57615,-0.44588,-0.420139,0.926583,-1.28612
86.5,-0.578939,-0.104087,-0.045132,-1.59369,-0.334467,-0.525625,1.30167,-0.823584
86.6,-0.555223,-0.25737,0.513908,-1.44533,-0.192343,-0.58059,1.54082,-0.27572
86.7,-0.478073,-0.388098,1.01565,-1.14668,-0.0344031,-0.578942,1.61797,0.308668
86.8,-0.355565,-0.482707,1.41373,-0.729045,0.122794,-0.51958,1.52597,0.878591
86.9,-0.200181,-0.531262,1.66721,-0.232704,0.263077,-0.40666,1.27969,1.3798
87,-0.0279423,-0.528096,1.74767,0.297721,0.372694,-0.249836,0.91265,1.75667
87.1,0.143258,-0.472159,1.64711,0.814597,0.441784,-0.0639951,0.469141,1.96014
87.2,0.295917,-0.367307,1.38129,1.26756,0.465056,0.132011,-0.00369506,1.95999
87.3,0.415159,-0.222473,0.985832,1.60627,0.441838,0.31772,-0.460662,1.75419
87.4,0.490302,-0.051339,0.507485,1.78759,0.375796,0.473861,-0.860178,1.36864
87.5,0.515538,0.12887,-0.00422469,1.78538,0.274529,0.584679,-1.16517,0.847707
87.6,0.489936,0.29949,-0.501645,1.59756,0.148986,0.639209,-1.34569,0.242898
87.7,0.417179,0.44287,-0.940232,1.24582,0.0125163,0.631693,-1.3837,-0.393213
87.8,0.305228,0.544438,-1.27924,0.768538,-0.120553,0.561695,-1.2777,-1.00675
87.9,0.165815,0.593916,-1.48472,0.212005,-0.236646,0.434351,-1.04415,-1.54014
88,0.0134989,0.58582,-1.53514,-0.374687,-0.324565,0.260658,-0.714223,-1.93371
88.1,-0.13588,0.519673,-1.42712,-0.940274,-0.37665,0.0572259,-0.32748,-2.13494
88.2,-0.267148,0.400275,-1.17717,-1.43055,-0.389298,-0.155177,0.0745225,-2.11311
88.3,-0.367649,0.237913,-0.818199,-1.79089,-0.362944,-0.354324,0.452546,-1.86984
88.4,-0.428544,0.0480333,-0.392402,-1.97454,-0.301731,-0.519694,0.771719,-1.43756
88.5,-0.445384,-0.150138,0.0556324,-1.95446,-0.213003,-0.634935,1.00283,-0.867246
88.6,-0.418105,-0.33603,0.483201,-1.7315,-0.106637,-0.689052,1.12451,-0.215102
88.7,-0.350738,-0.490543,0.851291,-1.33321,0.00590828,-0.676628,1.12639,0.463581
88.8,-0.250984,-0.598291,1.12586,-0.804386,0.11282,-0.597801,1.01184,1.11296
88.9,-0.129594,-0.648766,1.28052,-0.196423,0.203318,-0.458507,0.798114,1.67292
89,0.000596537,-0.636676,1.30068,0.438176,0.2689,-0.270847,0.513541,2.08029
89.1,0.126045,-0.56203,1.1872,1.0455,0.304202,-0.0528547,0.1925,2.27954
89.2,0.234112,-0.430394,0.957087,1.56828,0.307336,0.173097,-0.129836,2.23949
89.3,0.314548,-0.253162,0.640321,1.94808,0.279772,0.383326,-0.421444,1.9651
89.4,0.36052,-0.0472667,0.274227,2.13476,0.225921,0.556311,-0.655562,1.49459
89.5,0.369047,0.166342,-0.102223,2.10025,0.152552,0.675269,-0.811825,0.884562
89.6,0.340959,0.365452,-0.452378,1.84803,0.0680839,0.729244,-0.877535,0.194954
89.7,0.280536,0.529733,-0.744025,1.41095,-0.0182583,0.713139,-0.849308,-0.517065
89.8,0.195003,0.643134,-0.950809,0.83946,-0.097435,0.627564,-0.734226,-1.19443
89.9,0.0938471,0.694986,-1.05424,0.189193,-0.161618,0.479082,-0.549431,-1.77521
90,-0.012101,0.68017,-1.04635,-0.484825,-0.205077,0.280643,-0.31975,-2.19356
90.1,-0.111828,0.599077,-0.931649,-1.12688,-0.22475,0.051393,-0.0737151,-2.39145
90.2,-0.195407,0.457845,-0.727111,-1.67741,-0.220392,-0.185047,0.160876,-2.33735
90.3,-0.255128,0.268723,-0.459461,-2.0748,-0.194324,-0.403865,0.36049,-2.03902
90.4,-0.286256,0.0498216,-0.160726,-2.2658,-0.150917,-0.582789,0.507639,-1.53946
90.5,-0.287325,-0.176504,0.13653,-2.22125,-0.0959693,-0.70475,0.591323,-0.89977
90.6,-0.259991,-0.386682,0.402865,-1.94668,-0.036046,-0.758876,0.607143,-0.182744
90.7,-0.208605,-0.559362,0.614045,-1.4794,0.0221909,-0.740354,0.557596,0.553191
90.8,-0.139637,-0.677954,0.75214,-0.874654,0.0726824,-0.650179,0.452233,1.2503
90.9,-0.0609899,-0.731668,0.80657,-0.191479,0.110645,-0.495384,0.307021,1.8456
91,0.018795,-0.715522,0.775336,0.513254,0.133118,-0.289531,0.142436,2.27146
91.1,0.091442,-0.630183,0.665805,1.1827,0.139253,-0.0525479,-0.0197354,2.4682
91.2,0.149867,-0.482191,0.494228,1.75581,0.130258,0.191071,-0.160167,2.40417
91.3,0.188973,-0.28439,0.283573,2.16855,0.109003,0.415743,-0.264927,2.08928
91.4,0.206148,-0.0557482,0.059966,2.36509,0.0794314,0.598709,-0.326509,1.57004
91.5,0.201383,0.180324,-0.151339,2.31512,0.0459446,0.722755,-0.343227,0.910868
91.6,0.177007,0.399207,-0.329214,2.02555,0.0128762,0.777126,-0.31814,0.176563
91.7,0.137181,0.578751,-0.458338,1.53711,-0.0159472,0.757273,-0.258328,-0.57363
91.8,0.0872866,0.701942,-0.52956,0.908784,-0.0375871,0.664506,-0.174471,-1.28171
91.9,0.033318,0.757894,-0.539838,0.202296,-0.0503207,0.506206,-0.0802001,-1.8843
92,-0.018735,0.741728,-0.49228,-0.524161,-0.0538608,0.296336,0.00939685,-2.3131
92.1,-0.0635015,0.654301,-0.396122,-1.21315,-0.049374,0.0552876,0.0803403,-2.50785
92.2,-0.0968185,0.502406,-0.266099,-1.80284,-0.039217,-0.191967,0.122798,-2.43723
92.3,-0.116205,0.29925,-0.120729,-2.22774,-0.0264192,-0.419461,0.133158,-2.11265
92.4,-0.121104,0.0643339,0.0205356,-2.43023,-0.0140614,-0.604237,0.114,-1.58286
92.5,-0.112812,-0.178248,0.140691,-2.37898,-0.00474392,-0.729091,0.0723493,-0.914228
92.6,-0.0940811,-0.40317,0.22783,-2.08158,-0.000247591,-0.783441,0.0175773,-0.172769
92.7,-0.0685567,-0.587733,0.276077,-1.58098,-0.00137058,-0.762989,-0.0400371,0.581806
92.8,-0.0401908,-0.714623,0.284964,-0.938804,-0.00787463,-0.669324,-0.0900439,1.29149
92.9,-0.0127608,-0.77289,0.258286,-0.218706,-0.0184973,-0.510091,-0.122409,1.89317
93,0.0105105,-0.757732,0.203227,0.520196,-0.0310479,-0.299482,-0.128604,2.319
93.1,0.0272665,-0.670137,0.12985,1.22024,-0.0426525,-0.0580592,-0.103487,2.50946
93.2,0.0362763,-0.517042,0.0504558,1.81949,-0.0501978,0.189125,-0.0474206,2.43423
93.3,0.0375998,-0.31182,-0.0217359,2.25203,-0.0509316,0.416128,0.0327452,2.10582
93.4,0.0325746,-0.0742013,-0.0748242,2.45949,-0.0430531,0.600113,0.124825,1.57388
93.5,0.0235499,0.171418,-0.100879,2.40992,-0.0261086,0.724077,0.214066,0.9054
93.6,0.0133864,0.399384,-0.097757,2.11106,-0.00110288,0.777685,0.286048,0.166761
93.7,0.00486286,0.586728,-0.0690714,1.60687,0.0296326,0.756914,0.328661,-0.582184
93.8,0.000175305,0.71599,-0.0225275,0.960341,0.062719,0.663622,0.333067,-1.28365
93.9,0.000633074,0.776207,0.0321645,0.236306,0.0940801,0.505673,0.294155,-1.87533
94,0.00654173,0.762653,0.0848269,-0.505539,0.119343,0.297355,0.211096,-2.29103
94.1,0.0172024,0.676418,0.125649,-1.20757,0.134314,0.0591359,0.0883346,-2.47336
94.2,0.030977,0.524512,0.145773,-1.80834,0.135561,-0.184229,-0.0634079,-2.39394
94.3,0.0454255,0.320326,0.138221,-2.24255,0.121026,-0.407234,-0.227273,-2.06615
94.4,0.0575674,0.0835474,0.0994586,-2.4523,0.090544,-0.587513,-0.382375,-1.53943
94.5,0.0643167,-0.161498,0.0311575,-2.40575,0.0460576,-0.708488,-0.507354,-0.880068
94.6,0.0630565,-0.389223,-0.0589889,-2.11049,-0.00850811,-0.760189,-0.58396,-0.153946
94.7,0.0522045,-0.576709,-0.158303,-1.61036,-0.0676846,-0.738919,-0.59957,0.579331
94.8,0.0315909,-0.706547,-0.251702,-0.968481,-0.125081,-0.646831,-0.548356,1.26244
94.9,0.00255285,-0.767847,-0.324548,-0.249995,-0.17407,-0.491986,-0.431423,1.83447
95,-0.0322228,-0.755986,-0.364744,0.485195,-0.208468,-0.288664,-0.256536,2.23196
95.1,-0.069015,-0.672157,-0.363822,1.17972,-0.223193,-0.0570102,-0.0379653,2.40111
95.2,-0.103459,-0.523412,-0.317424,1.77311,-0.214908,0.178869,0.203662,2.31647
95.3,-0.130975,-0.323051,-0.225719,2.20174,-0.182605,0.394309,0.442393,1.99234
95.4,-0.147255,-0.0904899,-0.0941081,2.40946,-0.128,0.567777,0.649706,1.47702
95.5,-0.148828,0.150361,0.0660528,2.36549,-0.0555812,0.683377,0.798678,0.83498
95.6,-0.133651,0.37438,0.237648,2.07729,0.0277688,0.731662,0.868322,0.130705
95.7,-0.101612,0.559048,0.399688,1.58767,0.113523,0.70935,0.846766,-0.576938
95.8,-0.0547552,0.687244,0.530601,0.958678,0.192489,0.61893,0.732556,-1.23145
95.9,0.00283852,0.748284,0.611771,0.25487,0.255823,0.468659,0.534126,-1.77397
96,0.0654906,0.73771,0.630189,-0.464102,0.295944,0.272721,0.268284,-2.1448
96.1,0.126564,0.656848,0.579822,-1.1414,0.307296,0.0507279,-0.0412519,-2.29506
96.2,0.179181,0.512789,0.461839,-1.718,0.286987,-0.174185,-0.364917,-2.20319
96.3,0.216926,0.318665,0.284261,-2.13288,0.235301,-0.378574,-0.668808,-1.88459
96.4,0.234511,0.093434,0.0615859,-2.33295,0.155972,-0.542096,-0.917761,-1.38585
96.5,0.228411,-0.139724,-0.185563,-2.28956,0.0560776,-0.649819,-1.08014,-0.768612
96.6,0.197431,-0.356531,-0.431441,-2.01028,-0.0545864,-0.693007,-1.13315,-0.0951494
96.7,0.143112,-0.535233,-0.647636,-1.5363,-0.164587,-0.668913,-1.06687,0.577026
96.8,0.0698113,-0.659274,-0.806921,-0.927552,-0.262204,-0.580421,-0.885468,1.19281
96.9,-0.0156292,-0.718347,-0.887509,-0.247092,-0.336751,-0.435977,-0.605468,1.69608
97,-0.104609,-0.70826,-0.876426,0.446252,-0.379655,-0.249572,-0.252618,2.03202
97.1,-0.187746,-0.630529,-0.771113,1.09655,-0.385245,-0.0400855,0.140827,2.15771
97.2,-0.255918,-0.492291,-0.579154,1.64677,-0.351321,0.170618,0.537654,2.05636
97.3,-0.301207,-0.306456,-0.316792,2.03935,-0.27958,0.360666,0.89716,1.74461
97.4,-0.317686,-0.0913622,-0.00730614,2.22543,-0.175805,0.511244,1.17833,1.26695
97.5,-0.302051,0.130818,0.320257,2.17954,-0.0496172,0.608668,1.34543,0.681519
97.6,-0.254136,0.337006,0.632534,1.9098,0.0863879,0.645122,1.37467,0.0475735
97.7,-0.177223,0.50657,0.894553,1.45543,0.218079,0.618528,1.25916,-0.579453
97.8,-0.077992,0.623814,1.07409,0.873446,0.331519,0.532225,1.00964,-1.14662
97.9,0.0340077,0.679021,1.14685,0.224526,0.414555,0.39482,0.651077,-1.60147
98,0.147381,0.668397,1.10073,-0.434004,0.457986,0.219995,0.217541,-1.89503
98.1,0.250219,0.593715,0.937584,-1.04768,0.456291,0.0256785,-0.251451,-1.9913
98.2,0.331454,0.462179,0.672035,-1.56206,0.408097,-0.167821,-0.712414,-1.8787
98.3,0.382002,0.286416,0.328521,-1.92391,0.316533,-0.340521,-1.11888,-1.57529
98.4,0.395585,0.0839906,-0.0616408,-2.08963,0.189361,-0.475442,-1.42455,-1.12314
98.5,0.369317,-0.124183,-0.462106,-2.03779,0.0386319,-0.560418,-1.59004,-0.576383
98.6,0.304145,-0.316549,-0.83296,-1.77754,-0.120429,-0.588766,-1.59118,0.00941879
98.7,0.20508,-0.473932,-1.13341,-1.346,-0.271238,-0.559207,-1.425,0.581767
98.8,0.0810589,-0.581798,-1.3267,-0.796661,-0.397962,-0.475575,-1.10947,1.09087
98.9,-0.0557743,-0.631248,-1.38653,-0.187086,-0.487327,-0.346579,-0.677827,1.48905
99,-0.191403,-0.619041,-1.30235,0.427673,-0.529794,-0.18542,-0.171516,1.73413
99.1,-0.311637,-0.547285,-1.08117,0.995347,-0.520165,-0.00883486,0.364101,1.79757
99.2,-0.40377,-0.423254,-0.744965,1.46488,-0.45793,0.164707,0.880591,1.67327
99.3,-0.457846,-0.259212,-0.325963,1.78822,-0.347572,0.317397,1.32657,1.38052
99.4,-0.467462,-0.0717869,0.137517,1.92781,-0.198697,0.434364,1.65093,0.958826
99.5,-0.43026,0.119603,0.603083,1.86697,-0.0256075,0.5052,1.81088,0.457902
99.6,-0.348287,0.295213,1.02529,1.6162,0.154056,0.524544,1.7824,-0.0710288
99.7,-0.228194,0.437632,1.3581,1.21047,0.321526,0.492024,1.56699,-0.579372
99.8,-0.0810417,0.533773,1.56057,0.699427,0.459378,0.41197,1.19006,-1.02171
99.9,0.0785951,0.57579,1.60469,0.136802,0.553514,0.293068,0.692645,-1.35633
100,0.234283,0.561146,1.482,-0.425436,0.594266,0.147817,0.122405,-1.54869
100.1,0.369808,0.492359,1.20509,-0.938136,0.576845,-0.00851997,-0.470828,-1.57804
100.2,0.471104,0.376742,0.803294,-1.35457,0.501561,-0.159595,-1.03484,-1.44345
100.3,0.527592,0.226086,0.315932,-1.63269,0.374114,-0.290026,-1.51411,-1.16519
100.4,0.532894,0.0558925,-0.212842,-1.74164,0.205755,-0.387281,-1.85305,-0.779903
100.5,0.485205,-0.116156,-0.735825,-1.66982,0.0128146,-0.442905,-2.00576,-0.332582
100.6,0.387588,-0.27239,-1.20297,-1.42923,-0.184906,-0.453006,-1.94864,0.130572
100.7,0.248179,-0.397431,-1.56351,-1.05271,-0.366731,-0.418178,-1.68787,0.565982
100.8,0.079974,-0.479896,-1.77249,-0.585739,-0.513932,-0.34318,-1.25614,0.933985
100.9,-0.100228,-0.513202,-1.8004,-0.0776726,-0.611814,-0.236478,-0.7015,1.20005
101,-0.273806,-0.495661,-1.64112,0.423499,-0.650722,-0.10958,-0.0766757,1.33793
101.1,-0.422772,-0.430238,-1.31295,0.872827,-0.626294,0.0240391,0.565246,1.33445
101.2,-0.531946,-0.324219,-0.852273,1.22898,-0.539567,0.150428,1.16929,1.19333
101.3,-0.590308,-0.188753,-0.304651,1.45673,-0.397277,0.256858,1.6765,0.935248
101.4,-0.591591,-0.037991,0.281084,1.53229,-0.212089,0.333303,2.02726,0.593665
101.5,-0.534506,0.112363,0.854054,1.44916,-0.00208558,0.373409,2.1728,0.208454
101.6,-0.422996,0.246953,1.36047,1.22078,0.211055,0.374833,2.09002,-0.179983
101.7,-0.26648,0.352664,1.74533,0.877746,0.40504,0.339116,1.78967,-0.534347
101.8,-0.0796515,0.420031,1.95983,0.461132,0.560083,0.271291,1.31117,-0.822161
101.9,0.118711,0.443914,1.97302,0.0153735,0.661075,0.179325,0.708671,-1.01716
102,0.308047,0.423573,1.78109,-0.416487,0.698453,0.0733855,0.0388838,-1.10163
102.1,0.468833,0.362408,1.40787,-0.79491,0.668255,-0.0351698,-0.642844,-1.06947
102.2,0.584974,0.267551,0.896214,-1.08508,0.57213,-0.135049,-1.27964,-0.928108
102.3,0.645141,0.149286,0.297058,-1.25929,0.417656,-0.216349,-1.80983,-0.697895
102.4,0.643205,0.0201511,-0.337143,-1.30091,0.218646,-0.271677,-2.17036,-0.408661
102.5,0.578319,-0.106376,-0.952843,-1.20823,-0.00536685,-0.296841,-2.3099,-0.094617
102.6,0.455141,-0.217464,-1.49332,-0.99578,-0.231155,-0.291043,-2.20586,0.21058
102.7,0.284136,-0.30245,-1.89988,-0.691706,-0.435101,-0.256651,-1.87307,0.477252
102.8,0.0814238,-0.353951,-2.12011,-0.332428,-0.596594,-0.198717,-1.3568,0.681429
102.9,-0.132522,-0.368389,-2.12157,0.043172,-0.700249,-0.124354,-0.716297,0.805836
103,-0.335465,-0.346013,-1.90251,0.398042,-0.736632,-0.0420056,-0.0113555,0.841127
103.1,-0.506577,-0.29058,-1.49174,0.699321,-0.70214,0.0394156,0.701199,0.787296
103.2,-0.629012,-0.208863,-0.937867,0.919773,-0.598914,0.111499,1.36331,0.654379
103.3,-0.691213,-0.110005,-0.29632,1.03964,-0.435181,0.167295,1.91136,0.461543
103.4,-0.687183,-0.0046448,0.377699,1.0492,-0.225632,0.202088,2.27961,0.234315
103.5,-0.616427,0.0962086,1.02882,0.950988,0.00908202,0.213829,2.41469,0.000491734
103.6,-0.484141,0.182432,1.59819,0.760048,0.244538,0.203148,2.29444,-0.214113
103.7,-0.301592,0.245951,2.02404,0.501719,0.456114,0.173006,1.93707,-0.388718
103.8,-0.0860223,0.281566,2.25077,0.207369,0.622596,0.128128,1.39258,-0.508846
103.9,0.140714,0.287312,2.24441,-0.0903974,0.728437,0.0743635,0.724231,-0.566442
104,0.355002,0.26438,2.00475,-0.36163,0.764353,0.0180492,-0.00590734,-0.559846
104.1,0.53493,0.216718,1.56481,-0.581349,0.727054,-0.034641,-0.740071,-0.493958
104.2,0.66304,0.150474,0.978036,-0.730722,0.619071,-0.0783473,-1.41959,-0.380169
104.3,0.727601,0.073331,0.303538,-0.798062,0.449108,-0.109128,-1.97969,-0.23545
104.4,0.722723,-0.00626656,-0.401438,-0.780021,0.232477,-0.124909,-2.35293,-0.0801663
104.5,0.648171,-0.0799981,-1.08037,-0.682494,-0.00940281,-0.125654,-2.48467,0.0652742
104.6,0.50952,-0.140591,-1.67303,-0.520367,-0.251296,-0.113189,-2.3532,0.184025
104.7,0.318594,-0.182638,-2.11539,-0.31564,-0.467917,-0.0907274,-1.97922,0.265202
