t,f,df,ddf
0,0,0.0999,19.94
0.01,0.000999,0.1996,-inf
0.02,0.003992,0.3987,19.94
0.03,0.008973,0.5972,19.88
0.04,0.015936,0.7951,19.82
0.05,0.024875,0.9924,19.76
0.06,0.035784,1.1891,19.7
0.07,0.048657,1.3852,19.64
0.08,0.063488,1.5807,19.58
0.09,0.080271,1.7756,19.52
0.1,0.099,1.9699,19.46
0.11,0.119669,2.1636,19.4
0.12,0.142272,2.3567,19.34
0.13,0.166803,2.5492,19.28
0.14,0.193256,2.7411,19.22
0.15,0.221625,2.9324,19.16
0.16,0.251904,3.1231,19.1
0.17,0.284087,3.3132,19.04
0.18,0.318168,3.5027,18.98
0.19,0.354141,3.6916,18.92
0.2,0.392,3.8799,18.86
0.21,0.431739,4.0676,18.8
0.22,0.473352,4.2547,18.74
0.23,0.516833,4.4412,18.68
0.24,0.562176,4.6271,18.62
0.25,0.609375,4.8124,18.56
0.26,0.658424,4.9971,18.5
0.27,0.709317,5.1812,18.44
0.28,0.762048,5.3647,18.38
0.29,0.816611,5.5476,18.32
0.3,0.873,5.7299,18.26
0.31,0.931209,5.9116,18.2
0.32,0.991232,6.0927,18.14
0.33,1.05306,6.2732,18.08
0.34,1.1167,6.4531,18.02
0.35,1.18213,6.6324,17.96
0.36,1.24934,6.8111,17.9
0.37,1.31835,6.9892,17.84
0.38,1.38913,7.1667,17.78
0.39,1.46168,7.3436,17.72
0.4,1.536,7.5199,17.66
0.41,1.61208,7.6956,17.6
0.42,1.68991,7.8707,17.54
0.43,1.76949,8.0452,17.48
0.44,1.85082,8.2191,17.42
0.45,1.93388,8.3924,17.36
0.46,2.01866,8.5651,17.3
0.47,2.10518,8.7372,17.24
0.48,2.19341,8.9087,17.18
0.49,2.28335,9.0796,17.12
0.5,2.375,9.2499,17.06
0.51,2.46835,9.4196,17
0.52,2.56339,9.5887,16.94
0.53,2.66012,9.7572,16.88
0.54,2.75854,9.9251,16.82
0.55,2.85863,10.0924,16.76
0.56,2.96038,10.2591,16.7
0.57,3.06381,10.4252,16.64
0.58,3.16889,10.5907,16.58
0.59,3.27562,10.7556,16.52
0.6,3.384,10.9199,16.46
0.61,3.49402,11.0836,16.4
0.62,3.60567,11.2467,16.34
0.63,3.71895,11.4092,16.28
0.64,3.83386,11.5711,16.22
0.65,3.95038,11.7324,16.16
0.66,4.0685,11.8931,16.1
0.67,4.18824,12.0532,16.04
0.68,4.30957,12.2127,15.98
0.69,4.43249,12.3716,15.92
0.7,4.557,12.5299,15.86
0.71,4.68309,12.6876,15.8
0.72,4.81075,12.8447,15.74
0.73,4.93998,13.0012,15.68
0.74,5.07078,13.1571,15.62
0.75,5.20313,13.3124,15.56
0.76,5.33702,13.4671,15.5
0.77,5.47247,13.6212,15.44
0.78,5.60945,13.7747,15.38
0.79,5.74796,13.9276,15.32
0.8,5.888,14.0799,15.26
0.81,6.02956,14.2316,15.2
0.82,6.17263,14.3827,15.14
0.83,6.31721,14.5332,15.08
0.84,6.4633,14.6831,15.02
0.85,6.61088,14.8324,14.96
0.86,6.75994,14.9811,14.9
0.87,6.9105,15.1292,14.84
0.88,7.06253,15.2767,14.78
0.89,7.21603,15.4236,14.72
0.9,7.371,15.5699,14.66
0.91,7.52743,15.7156,14.6
0.92,7.68531,15.8607,14.54
0.93,7.84464,16.0052,14.48
0.94,8.00542,16.1491,14.42
0.95,8.16763,16.2924,14.36
0.96,8.33126,16.4351,14.3
0.97,8.49633,16.5772,14.24
0.98,8.66281,16.7187,14.18
0.99,8.8307,16.8596,14.12
1,9,16.9999,14.06
1.01,9.1707,17.1396,14
1.02,9.34279,17.2787,13.94
1.03,9.51627,17.4172,13.88
1.04,9.69114,17.5551,13.82
1.05,9.86738,17.6924,13.76
1.06,10.045,17.8291,13.7
1.07,10.224,17.9652,13.64
1.08,10.4043,18.1007,13.58
1.09,10.586,18.2356,13.52
1.1,10.769,18.3699,13.46
1.11,10.9534,18.5036,13.4
1.12,11.1391,18.6367,13.34
1.13,11.3261,18.7692,13.28
1.14,11.5145,18.9011,13.22
1.15,11.7041,19.0324,13.16
1.16,11.8951,19.1631,13.1
1.17,12.0874,19.2932,13.04
1.18,12.281,19.4227,12.98
1.19,12.4758,19.5516,12.92
1.2,12.672,19.6799,12.86
1.21,12.8694,19.8076,12.8
1.22,13.0682,19.9347,12.74
1.23,13.2681,20.0612,12.68
1.24,13.4694,20.1871,12.62
1.25,13.6719,20.3124,12.56
1.26,13.8756,20.4371,12.5
1.27,14.0806,20.5612,12.44
1.28,14.2868,20.6847,12.38
1.29,14.4943,20.8076,12.32
1.3,14.703,20.9299,12.26
1.31,14.9129,21.0516,12.2
1.32,15.124,21.1727,12.14
1.33,15.3364,21.2932,12.08
1.34,15.5499,21.4131,12.02
1.35,15.7646,21.5324,11.96
1.36,15.9805,21.6511,11.9
1.37,16.1976,21.7692,11.84
1.38,16.4159,21.8867,11.78
1.39,16.6354,22.0036,11.72
1.4,16.856,22.1199,11.66
1.41,17.0778,22.2356,11.6
1.42,17.3007,22.3507,11.54
1.43,17.5248,22.4652,11.48
1.44,17.75,22.5791,11.42
1.45,17.9764,22.6924,11.36
1.46,18.2039,22.8051,11.3
1.47,18.4325,22.9172,11.24
1.48,18.6622,23.0287,11.18
1.49,18.8931,23.1396,11.12
1.5,19.125,23.2499,11.06
1.51,19.358,23.3596,11
1.52,19.5922,23.4687,10.94
1.53,19.8274,23.5772,10.88
1.54,20.0637,23.6851,10.82
1.55,20.3011,23.7924,10.76
1.56,20.5396,23.8991,10.7
1.57,20.7791,24.0052,10.64
1.58,21.0197,24.1107,10.58
1.59,21.2613,24.2156,10.52
1.6,21.504,24.3199,10.46
1.61,21.7477,24.4236,10.4
1.62,21.9925,24.5267,10.34
1.63,22.2383,24.6292,10.28
1.64,22.4851,24.7311,10.22
1.65,22.7329,24.8324,10.16
1.66,22.9817,24.9331,10.1
1.67,23.2315,25.0332,10.04
1.68,23.4824,25.1327,9.98
1.69,23.7342,25.2316,9.92
1.7,23.987,25.3299,9.86
1.71,24.2408,25.4276,9.8
1.72,24.4956,25.5247,9.74
1.73,24.7513,25.6212,9.68
1.74,25.008,25.7171,9.62
1.75,25.2656,25.8124,9.56
1.76,25.5242,25.9071,9.5
1.77,25.7838,26.0012,9.44
1.78,26.0442,26.0947,9.38
1.79,26.3057,26.1876,9.32
1.8,26.568,26.2799,9.26
1.81,26.8313,26.3716,9.2
1.82,27.0954,26.4627,9.14
1.83,27.3605,26.5532,9.08
1.84,27.6265,26.6431,9.02
1.85,27.8934,26.7324,8.96
1.86,28.1611,26.8211,8.9
1.87,28.4298,26.9092,8.84
1.88,28.6993,26.9967,8.78
1.89,28.9697,27.0836,8.72
1.9,29.241,27.1699,8.66
1.91,29.5131,27.2556,8.6
1.92,29.7861,27.3407,8.54
1.93,30.0599,27.4252,8.48
1.94,30.3346,27.5091,8.42
1.95,30.6101,27.5924,8.36
1.96,30.8865,27.6751,8.3
1.97,31.1636,27.7572,8.24
1.98,31.4416,27.8387,8.18
1.99,31.7204,27.9196,8.12
2,32,27.9999,8.06
2.01,32.2804,28.0796,8
2.02,32.5616,28.1587,7.94
2.03,32.8436,28.2372,7.88
2.04,33.1263,28.3151,7.82
2.05,33.4099,28.3924,7.76
2.06,33.6942,28.4691,7.7
2.07,33.9793,28.5452,7.64
2.08,34.2651,28.6207,7.58
2.09,34.5517,28.6956,7.52
2.1,34.839,28.7699,7.46
2.11,35.1271,28.8436,7.4
2.12,35.4159,28.9167,7.34
2.13,35.7054,28.9892,7.28
2.14,35.9957,29.0611,7.22
2.15,36.2866,29.1324,7.16
2.16,36.5783,29.2031,7.1
2.17,36.8707,29.2732,7.04
2.18,37.1638,29.3427,6.98
2.19,37.4575,29.4116,6.92
2.2,37.752,29.4799,6.86
2.21,38.0471,29.5476,6.8
2.22,38.343,29.6147,6.74
2.23,38.6394,29.6812,6.68
2.24,38.9366,29.7471,6.62
2.25,39.2344,29.8124,6.56
2.26,39.5328,29.8771,6.5
2.27,39.8319,29.9412,6.44
2.28,40.1316,30.0047,6.38
2.29,40.432,30.0676,6.32
2.3,40.733,30.1299,6.26
2.31,41.0346,30.1916,6.2
2.32,41.3368,30.2527,6.14
2.33,41.6397,30.3132,6.08
2.34,41.9431,30.3731,6.02
2.35,42.2471,30.4324,5.96
2.36,42.5517,30.4911,5.9
2.37,42.8569,30.5492,5.84
2.38,43.1627,30.6067,5.78
2.39,43.4691,30.6636,5.72
2.4,43.776,30.7199,5.66
2.41,44.0835,30.7756,5.6
2.42,44.3915,30.8307,5.54
2.43,44.7001,30.8852,5.48
2.44,45.0092,30.9391,5.42
2.45,45.3189,30.9924,5.36
2.46,45.6291,31.0451,5.3
2.47,45.9398,31.0972,5.24
2.48,46.251,31.1487,5.18
2.49,46.5628,31.1996,5.12
2.5,46.875,31.2499,5.06
2.51,47.1877,31.2996,5
2.52,47.501,31.3487,4.94
2.53,47.8147,31.3972,4.88
2.54,48.1289,31.4451,4.82
2.55,48.4436,31.4924,4.76
2.56,48.7588,31.5391,4.7
2.57,49.0744,31.5852,4.64
2.58,49.3905,31.6307,4.58
2.59,49.707,31.6756,4.52
2.6,50.024,31.7199,4.46
2.61,50.3414,31.7636,4.4
2.62,50.6593,31.8067,4.34
2.63,50.9776,31.8492,4.28
2.64,51.2963,31.8911,4.22
2.65,51.6154,31.9324,4.16
2.66,51.9349,31.9731,4.1
2.67,52.2548,32.0132,4.04
2.68,52.5752,32.0527,3.98
2.69,52.8959,32.0916,3.92
2.7,53.217,32.1299,3.86
2.71,53.5385,32.1676,3.8
2.72,53.8604,32.2047,3.74
2.73,54.1826,32.2412,3.68
2.74,54.5052,32.2771,3.62
2.75,54.8281,32.3124,3.56
2.76,55.1514,32.3471,3.5
2.77,55.4751,32.3812,3.44
2.78,55.799,32.4147,3.38
2.79,56.1234,32.4476,3.32
2.8,56.448,32.4799,3.26
2.81,56.773,32.5116,3.2
2.82,57.0982,32.5427,3.14
2.83,57.4238,32.5732,3.08
2.84,57.7497,32.6031,3.02
2.85,58.0759,32.6324,2.96
2.86,58.4023,32.6611,2.9
2.87,58.7291,32.6892,2.84
2.88,59.0561,32.7167,2.78
2.89,59.3834,32.7436,2.72
2.9,59.711,32.7699,2.66
2.91,60.0388,32.7956,2.6
2.92,60.3669,32.8207,2.54
2.93,60.6952,32.8452,2.48
2.94,61.0238,32.8691,2.42
2.95,61.3526,32.8924,2.36
2.96,61.6817,32.9151,2.3
2.97,62.0109,32.9372,2.24
2.98,62.3404,32.9587,2.18
2.99,62.6701,32.9796,2.12
3,63,32.9999,2.06
3.01,63.3301,33.0196,2
3.02,63.6604,33.0387,1.94
3.03,63.9909,33.0572,1.88
3.04,64.3215,33.0751,1.82
3.05,64.6524,33.0924,1.76
3.06,64.9834,33.1091,1.7
3.07,65.3146,33.1252,1.64
3.08,65.6459,33.1407,1.58
3.09,65.9774,33.1556,1.52
3.1,66.309,33.1699,1.46
3.11,66.6408,33.1836,1.4
3.12,66.9727,33.1967,1.34
3.13,67.3047,33.2092,1.28
3.14,67.6369,33.2211,1.22
3.15,67.9691,33.2324,1.16
3.16,68.3015,33.2431,1.1
3.17,68.634,33.2532,1.04
3.18,68.9666,33.2627,0.98
3.19,69.2992,33.2716,0.92
3.2,69.632,33.2799,0.86
3.21,69.9648,33.2876,0.8
3.22,70.2978,33.2947,0.74
3.23,70.6307,33.3012,0.68
3.24,70.9638,33.3071,0.62
3.25,71.2969,33.3124,0.56
3.26,71.63,33.3171,0.5
3.27,71.9632,33.3212,0.44
3.28,72.2964,33.3247,0.38
3.29,72.6297,33.3276,0.32
3.3,72.963,33.3299,0.26
3.31,73.2963,33.3316,0.2
3.32,73.6296,33.3327,0.14
3.33,73.963,33.3332,0.08
3.34,74.2963,33.3331,0.02
3.35,74.6296,33.3324,-0.04
3.36,74.9629,33.3311,-0.1
3.37,75.2962,33.3292,-0.16
3.38,75.6295,33.3267,-0.22
3.39,75.9628,33.3236,-0.28
3.4,76.296,33.3199,-0.34
3.41,76.6292,33.3156,-0.4
3.42,76.9623,33.3107,-0.46
3.43,77.2954,33.3052,-0.52
3.44,77.6284,33.2991,-0.58
3.45,77.9614,33.2924,-0.64
3.46,78.2943,33.2851,-0.7
3.47,78.6271,33.2772,-0.76
3.48,78.9598,33.2687,-0.82
3.49,79.2925,33.2596,-0.88
3.5,79.625,33.2499,-0.94
3.51,79.9574,33.2396,-1
3.52,80.2898,33.2287,-1.06
3.53,80.622,33.2172,-1.12
3.54,80.9541,33.2051,-1.18
3.55,81.2861,33.1924,-1.24
3.56,81.618,33.1791,-1.3
3.57,81.9497,33.1652,-1.36
3.58,82.2813,33.1507,-1.42
3.59,82.6127,33.1356,-1.48
3.6,82.944,33.1199,-1.54
3.61,83.2751,33.1036,-1.6
3.62,83.6061,33.0867,-1.66
3.63,83.9369,33.0692,-1.72
3.64,84.2675,33.0511,-1.78
3.65,84.5979,33.0324,-1.84
3.66,84.9281,33.0131,-1.9
3.67,85.2581,32.9932,-1.96
3.68,85.588,32.9727,-2.02
3.69,85.9176,32.9516,-2.08
3.7,86.247,32.9299,-2.14
3.71,86.5762,32.9076,-2.2
3.72,86.9052,32.8847,-2.26
3.73,87.2339,32.8612,-2.32
3.74,87.5624,32.8371,-2.38
3.75,87.8906,32.8124,-2.44
3.76,88.2186,32.7871,-2.5
3.77,88.5464,32.7612,-2.56
3.78,88.8738,32.7347,-2.62
3.79,89.2011,32.7076,-2.68
3.8,89.528,32.6799,-2.74
3.81,89.8547,32.6516,-2.8
3.82,90.181,32.6227,-2.86
3.83,90.5071,32.5932,-2.92
3.84,90.8329,32.5631,-2.98
3.85,91.1584,32.5324,-3.04
3.86,91.4835,32.5011,-3.1
3.87,91.8084,32.4692,-3.16
3.88,92.1329,32.4367,-3.22
3.89,92.4571,32.4036,-3.28
3.9,92.781,32.3699,-3.34
3.91,93.1045,32.3356,-3.4
3.92,93.4277,32.3007,-3.46
3.93,93.7505,32.2652,-3.52
3.94,94.073,32.2291,-3.58
3.95,94.3951,32.1924,-3.64
3.96,94.7169,32.1551,-3.7
3.97,95.0382,32.1172,-3.76
3.98,95.3592,32.0787,-3.82
3.99,95.6798,32.0396,-3.88
4,96,31.9999,-3.94
4.01,96.3198,31.9596,-4
4.02,96.6392,31.9187,-4.06
4.03,96.9582,31.8772,-4.12
4.04,97.2767,31.8351,-4.18
4.05,97.5949,31.7924,-4.24
4.06,97.9126,31.7491,-4.3
4.07,98.2299,31.7052,-4.36
4.08,98.5467,31.6607,-4.42
4.09,98.8631,31.6156,-4.48
4.1,99.179,31.5699,-4.54
4.11,99.4945,31.5236,-4.6
4.12,99.8095,31.4767,-4.66
4.13,100.124,31.4292,-4.72
4.14,100.438,31.3811,-4.78
4.15,100.752,31.3324,-4.84
4.16,101.065,31.2831,-4.9
4.17,101.377,31.2332,-4.96
4.18,101.689,31.1827,-5.02
4.19,102.001,31.1316,-5.08
4.2,102.312,31.0799,-5.14
4.21,102.623,31.0276,-5.2
4.22,102.933,30.9747,-5.26
4.23,103.242,30.9212,-5.32
4.24,103.551,30.8671,-5.38
4.25,103.859,30.8124,-5.44
4.26,104.167,30.7571,-5.5
4.27,104.475,30.7012,-5.56
4.28,104.781,30.6447,-5.62
4.29,105.087,30.5876,-5.68
4.3,105.393,30.5299,-5.74
4.31,105.698,30.4716,-5.8
4.32,106.002,30.4127,-5.86
4.33,106.306,30.3532,-5.92
4.34,106.609,30.2931,-5.98
4.35,106.912,30.2324,-6.04
4.36,107.214,30.1711,-6.1
4.37,107.516,30.1092,-6.16
4.38,107.816,30.0467,-6.22
4.39,108.116,29.9836,-6.28
4.4,108.416,29.9199,-6.34
4.41,108.715,29.8556,-6.4
4.42,109.013,29.7907,-6.46
4.43,109.311,29.7252,-6.52
4.44,109.608,29.6591,-6.58
4.45,109.904,29.5924,-6.64
4.46,110.199,29.5251,-6.7
4.47,110.494,29.4572,-6.76
4.48,110.789,29.3887,-6.82
4.49,111.082,29.3196,-6.88
4.5,111.375,29.2499,-6.94
4.51,111.667,29.1796,-7
4.52,111.959,29.1087,-7.06
4.53,112.249,29.0372,-7.12
4.54,112.539,28.9651,-7.18
4.55,112.829,28.8924,-7.24
4.56,113.117,28.8191,-7.3
4.57,113.405,28.7452,-7.36
4.58,113.692,28.6707,-7.42
4.59,113.978,28.5956,-7.48
4.6,114.264,28.5199,-7.54
4.61,114.549,28.4436,-7.6
4.62,114.833,28.3667,-7.66
4.63,115.116,28.2892,-7.72
4.64,115.399,28.2111,-7.78
4.65,115.68,28.1324,-7.84
4.66,115.961,28.0531,-7.9
4.67,116.241,27.9732,-7.96
4.68,116.521,27.8927,-8.02
4.69,116.799,27.8116,-8.08
4.7,117.077,27.7299,-8.14
4.71,117.354,27.6476,-8.2
4.72,117.63,27.5647,-8.26
4.73,117.905,27.4812,-8.32
4.74,118.18,27.3971,-8.38
4.75,118.453,27.3124,-8.44
4.76,118.726,27.2271,-8.5
4.77,118.998,27.1412,-8.56
4.78,119.269,27.0547,-8.62
4.79,119.539,26.9676,-8.68
4.8,119.808,26.8799,-8.74
4.81,120.076,26.7916,-8.8
4.82,120.344,26.7027,-8.86
4.83,120.61,26.6132,-8.92
4.84,120.876,26.5231,-8.98
4.85,121.141,26.4324,-9.04
4.86,121.405,26.3411,-9.1
4.87,121.668,26.2492,-9.16
4.88,121.93,26.1567,-9.22
4.89,122.191,26.0636,-9.28
4.9,122.451,25.9699,-9.34
4.91,122.71,25.8756,-9.4
4.92,122.969,25.7807,-9.46
4.93,123.226,25.6852,-9.52
4.94,123.482,25.5891,-9.58
4.95,123.738,25.4924,-9.64
4.96,123.992,25.3951,-9.7
4.97,124.246,25.2972,-9.76
4.98,124.498,25.1987,-9.82
4.99,124.75,25.0996,-9.88
5,125,24.9999,-9.94
5.01,125.249,24.8996,-9.99999
5.02,125.498,24.7987,-10.06
5.03,125.745,24.6972,-10.12
5.04,125.992,24.5951,-10.18
5.05,126.237,24.4924,-10.24
5.06,126.482,24.3891,-10.3
5.07,126.725,24.2852,-10.36
5.08,126.967,24.1807,-10.42
5.09,127.209,24.0756,-10.48
5.1,127.449,23.9699,-10.54
5.11,127.688,23.8636,-10.6
5.12,127.926,23.7567,-10.66
5.13,128.163,23.6492,-10.72
5.14,128.399,23.5411,-10.78
5.15,128.634,23.4324,-10.84
5.16,128.868,23.3231,-10.9
5.17,129.101,23.2132,-10.96
5.18,129.332,23.1027,-11.02
5.19,129.563,22.9916,-11.08
5.2,129.792,22.8799,-11.14
5.21,130.02,22.7676,-11.2
5.22,130.247,22.6547,-11.26
5.23,130.473,22.5412,-11.32
5.24,130.698,22.4271,-11.38
5.25,130.922,22.3124,-11.44
5.26,131.144,22.1971,-11.5
5.27,131.366,22.0812,-11.56
5.28,131.586,21.9647,-11.62
5.29,131.805,21.8476,-11.68
5.3,132.023,21.7299,-11.74
5.31,132.24,21.6116,-11.8
5.32,132.455,21.4927,-11.86
5.33,132.67,21.3732,-11.92
5.34,132.883,21.2531,-11.98
5.35,133.095,21.1324,-12.04
5.36,133.305,21.0111,-12.1
5.37,133.515,20.8892,-12.16
5.38,133.723,20.7667,-12.22
5.39,133.93,20.6436,-12.28
5.4,134.136,20.5199,-12.34
5.41,134.341,20.3956,-12.4
5.42,134.544,20.2707,-12.46
5.43,134.746,20.1452,-12.52
5.44,134.947,20.0191,-12.58
5.45,135.146,19.8924,-12.64
5.46,135.345,19.7651,-12.7
5.47,135.542,19.6372,-12.76
5.48,135.737,19.5087,-12.82
5.49,135.932,19.3796,-12.88
5.5,136.125,19.2499,-12.94
5.51,136.317,19.1196,-13
5.52,136.507,18.9887,-13.06
5.53,136.697,18.8572,-13.12
5.54,136.885,18.7251,-13.18
5.55,137.071,18.5924,-13.24
5.56,137.256,18.4591,-13.3
5.57,137.44,18.3252,-13.36
5.58,137.623,18.1907,-13.42
5.59,137.804,18.0556,-13.48
5.6,137.984,17.9199,-13.54
5.61,138.163,17.7836,-13.6
5.62,138.34,17.6467,-13.66
5.63,138.515,17.5092,-13.72
5.64,138.69,17.3711,-13.78
5.65,138.863,17.2324,-13.84
5.66,139.035,17.0931,-13.9
5.67,139.205,16.9532,-13.96
5.68,139.374,16.8127,-14.02
5.69,139.541,16.6716,-14.08
5.7,139.707,16.5299,-14.1399
5.71,139.872,16.3876,-14.1999
5.72,140.035,16.2447,-14.2599
5.73,140.196,16.1012,-14.3199
5.74,140.357,15.9571,-14.3799
5.75,140.516,15.8124,-14.4399
5.76,140.673,15.6671,-14.4999
5.77,140.829,15.5212,-14.5599
5.78,140.983,15.3747,-14.6199
5.79,141.136,15.2276,-14.6799
5.8,141.288,15.0799,-14.7399
5.81,141.438,14.9316,-14.7999
5.82,141.587,14.7827,-14.8599
5.83,141.734,14.6332,-14.9199
5.84,141.879,14.4831,-14.9799
5.85,142.023,14.3324,-15.0399
5.86,142.166,14.1811,-15.0999
5.87,142.307,14.0292,-15.1599
5.88,142.447,13.8767,-15.2199
5.89,142.585,13.7236,-15.2799
5.9,142.721,13.5699,-15.3399
5.91,142.856,13.4156,-15.3999
5.92,142.989,13.2607,-15.4599
5.93,143.121,13.1052,-15.5199
5.94,143.251,12.9491,-15.5799
5.95,143.38,12.7924,-15.6399
5.96,143.507,12.6351,-15.6999
5.97,143.633,12.4772,-15.7599
5.98,143.757,12.3187,-15.8199
5.99,143.879,12.1596,-15.8799
6,144,11.9999,-15.9399
6.01,144.119,11.8396,-15.9999
6.02,144.237,11.6787,-16.0599
6.03,144.353,11.5172,-16.1199
6.04,144.467,11.3551,-16.1799
6.05,144.58,11.1924,-16.2399
6.06,144.691,11.0291,-16.2999
6.07,144.8,10.8653,-16.3599
6.08,144.908,10.7008,-16.4199
6.09,145.014,10.5357,-16.4799
6.1,145.119,10.37,-16.5398
6.11,145.222,10.2037,-16.5998
6.12,145.323,10.0368,-16.6598
6.13,145.423,9.86926,-16.7198
6.14,145.52,9.70116,-16.7798
6.15,145.617,9.53246,-16.8398
6.16,145.711,9.36317,-16.8998
6.17,145.804,9.19327,-16.9598
6.18,145.895,9.02277,-17.0198
6.19,145.984,8.85167,-17.0798
6.2,146.072,8.67997,-17.1398
6.21,146.158,8.50767,-17.1998
6.22,146.242,8.33478,-17.2598
6.23,146.325,8.16128,-17.3198
6.24,146.405,7.98718,-17.3798
6.25,146.484,7.81248,-17.4398
6.26,146.562,7.63719,-17.4998
6.27,146.637,7.46129,-17.5598
6.28,146.711,7.28479,-17.6198
6.29,146.783,7.10769,-17.6798
6.3,146.853,6.93,-17.7397
6.31,146.921,6.7517,-17.7997
6.32,146.988,6.5728,-17.8597
6.33,147.053,6.3933,-17.9197
6.34,147.116,6.21321,-17.9797
6.35,147.177,6.03251,-18.0397
6.36,147.237,5.85121,-18.0997
6.37,147.294,5.66932,-18.1597
6.38,147.35,5.48682,-18.2197
6.39,147.404,5.30372,-18.2797
6.4,147.456,5.12002,-18.3397
6.41,147.506,4.93573,-18.3997
6.42,147.555,4.75083,-18.4597
6.43,147.601,4.56534,-18.5197
6.44,147.646,4.37924,-18.5796
6.45,147.689,4.19254,-18.6396
6.46,147.73,4.00525,-18.6996
6.47,147.769,3.81735,-18.7596
6.48,147.806,3.62885,-18.8196
6.49,147.842,3.43976,-18.8796
6.5,147.875,3.25006,-18.9396
6.51,147.907,3.05977,-18.9996
6.52,147.936,2.86887,-19.0596
6.53,147.964,2.67737,-19.1196
6.54,147.99,2.48528,-19.1796
6.55,148.014,2.29258,-19.2395
6.56,148.036,2.09929,-19.2995
6.57,148.056,1.90539,-19.3595
6.58,148.074,1.7109,-19.4195
6.59,148.09,1.5158,-19.4795
6.6,148.104,1.32011,-19.5395
6.61,148.116,1.12381,-19.5995
6.62,148.127,0.926918,-19.6595
6.63,148.135,0.729424,-19.7195
6.64,148.141,0.531329,-19.7795
6.65,148.145,0.332635,-19.8394
6.66,148.148,0.133341,-19.8994
6.67,148.148,-0.0665533,-19.9594
6.68,148.146,-0.267047,-20.0194
6.69,148.143,-0.468141,-20.0794
6.7,148.137,-0.669835,-20.1394
6.71,148.129,-0.872128,-20.1994
6.72,148.12,-1.07502,-20.2593
6.73,148.108,-1.27852,-20.3193
6.74,148.094,-1.48261,-20.3793
6.75,148.078,-1.6873,-20.4393
6.76,148.06,-1.89259,-20.4993
6.77,148.04,-2.09849,-20.5593
6.78,148.018,-2.30498,-20.6193
6.79,147.994,-2.51207,-20.6792
6.8,147.968,-2.71976,-20.7392
6.81,147.94,-2.92806,-20.7992
6.82,147.91,-3.13695,-20.8592
6.83,147.877,-3.34644,-20.9192
6.84,147.843,-3.55653,-20.9792
6.85,147.806,-3.76722,-21.0391
6.86,147.767,-3.97851,-21.0991
6.87,147.726,-4.1904,-21.1591
6.88,147.683,-4.4029,-21.2191
6.89,147.638,-4.61599,-21.2791
6.9,147.591,-4.82968,-21.3391
6.91,147.542,-5.04397,-21.399
6.92,147.49,-5.25886,-21.459
6.93,147.437,-5.47435,-21.519
6.94,147.381,-5.69044,-21.579
6.95,147.323,-5.90713,-21.639
6.96,147.263,-6.12442,-21.6989
6.97,147.2,-6.3423,-21.7589
6.98,147.136,-6.56079,-21.8189
6.99,147.069,-6.77988,-21.8789
7,147,-6.99957,-21.9389
7.01,146.929,-7.21986,-21.9988
7.02,146.856,-7.44075,-22.0588
7.03,146.78,-7.66223,-22.1188
7.04,146.703,-7.88432,-22.1788
7.05,146.623,-8.10701,-22.2387
7.06,146.54,-8.3303,-22.2987
7.07,146.456,-8.55418,-22.3587
7.08,146.369,-8.77867,-22.4187
7.09,146.28,-9.00376,-22.4786
7.1,146.189,-9.22944,-22.5386
7.11,146.096,-9.45573,-22.5986
7.12,146,-9.68261,-22.6586
7.13,145.902,-9.9101,-22.7185
7.14,145.802,-10.1382,-22.7785
7.15,145.699,-10.3669,-22.8385
7.16,145.595,-10.5962,-22.8984
7.17,145.488,-10.826,-22.9584
7.18,145.378,-11.0565,-23.0184
7.19,145.266,-11.2876,-23.0784
7.2,145.152,-11.5193,-23.1383
7.21,145.036,-11.7516,-23.1983
7.22,144.917,-11.9845,-23.2583
7.23,144.796,-12.2179,-23.3182
7.24,144.673,-12.452,-23.3782
7.25,144.547,-12.6867,-23.4382
7.26,144.419,-12.922,-23.4981
7.27,144.289,-13.1579,-23.5581
7.28,144.156,-13.3943,-23.6181
7.29,144.021,-13.6314,-23.678
7.3,143.883,-13.8691,-23.738
7.31,143.744,-14.1074,-23.798
7.32,143.601,-14.3463,-23.8579
7.33,143.457,-14.5857,-23.9179
7.34,143.31,-14.8258,-23.9779
7.35,143.16,-15.0665,-24.0378
7.36,143.008,-15.3078,-24.0978
7.37,142.854,-15.5496,-24.1577
7.38,142.697,-15.7921,-24.2177
7.39,142.538,-16.0352,-24.2777
7.4,142.377,-16.2789,-24.3376
7.41,142.213,-16.5232,-24.3976
7.42,142.046,-16.768,-24.4575
7.43,141.877,-17.0135,-24.5175
7.44,141.706,-17.2596,-24.5774
7.45,141.532,-17.5063,-24.6374
7.46,141.356,-17.7535,-24.6974
7.47,141.177,-18.0014,-24.7573
7.48,140.996,-18.2499,-24.8173
7.49,140.812,-18.4989,-24.8772
7.5,140.626,-18.7486,-24.9372
7.51,140.437,-18.9989,-24.9971
7.52,140.246,-19.2498,-25.0571
7.53,140.052,-19.5012,-25.117
7.54,139.856,-19.7533,-25.177
7.55,139.657,-20.006,-25.2369
7.56,139.456,-20.2592,-25.2969
7.57,139.252,-20.5131,-25.3568
7.58,139.045,-20.7676,-25.4168
7.59,138.836,-21.0226,-25.4767
7.6,138.625,-21.2783,-25.5367
7.61,138.411,-21.5346,-25.5966
7.62,138.194,-21.7914,-25.6565
7.63,137.975,-22.0489,-25.7165
7.64,137.753,-22.307,-25.7764
7.65,137.529,-22.5656,-25.8364
7.66,137.302,-22.8249,-25.8963
7.67,137.072,-23.0847,-25.9563
7.68,136.84,-23.3452,-26.0162
7.69,136.605,-23.6063,-26.0761
7.7,136.368,-23.8679,-26.1361
7.71,136.128,-24.1302,-26.196
7.72,135.885,-24.393,-26.2559
7.73,135.64,-24.6565,-26.3159
7.74,135.392,-24.9206,-26.3758
7.75,135.142,-25.1852,-26.4357
7.76,134.889,-25.4505,-26.4957
7.77,134.633,-25.7163,-26.5556
7.78,134.374,-25.9828,-26.6155
7.79,134.113,-26.2498,-26.6755
7.8,133.849,-26.5175,-26.7354
7.81,133.583,-26.7857,-26.7953
7.82,133.314,-27.0546,-26.8553
7.83,133.042,-27.3241,-26.9152
7.84,132.767,-27.5941,-26.9751
7.85,132.49,-27.8648,-27.035
7.86,132.21,-28.136,-27.0949
7.87,131.927,-28.4079,-27.1549
7.88,131.642,-28.6803,-27.2148
7.89,131.353,-28.9533,-27.2747
7.9,131.063,-29.227,-27.3346
7.91,130.769,-29.5012,-27.3945
7.92,130.473,-29.7761,-27.4545
7.93,130.173,-30.0515,-27.5144
7.94,129.872,-30.3276,-27.5743
7.95,129.567,-30.6042,-27.6342
7.96,129.259,-30.8814,-27.6941
7.97,128.949,-31.1593,-27.754
7.98,128.636,-31.4377,-27.8139
7.99,128.32,-31.7168,-27.8739
8,128.002,-31.9964,-27.9338
8.01,127.681,-32.2766,-27.9937
8.02,127.356,-32.5575,-28.0536
8.03,127.029,-32.8389,-28.1135
8.04,126.7,-33.1209,-28.1734
8.05,126.367,-33.4036,-28.2333
8.06,126.032,-33.6868,-28.2932
8.07,125.693,-33.9706,-28.3531
8.08,125.352,-34.2551,-28.413
8.09,125.008,-34.5401,-28.4729
8.1,124.661,-34.8257,-28.5328
8.11,124.312,-35.1119,-28.5927
8.12,123.959,-35.3988,-28.6526
8.13,123.604,-35.6862,-28.7125
8.14,123.245,-35.9742,-28.7724
8.15,122.884,-36.2628,-28.8322
8.16,122.52,-36.5521,-28.8921
8.17,122.153,-36.8419,-28.952
8.18,121.783,-37.1323,-29.0119
8.19,121.41,-37.4233,-29.0718
8.2,121.035,-37.7149,-29.1317
8.21,120.656,-38.0072,-29.1916
8.22,120.275,-38.3,-29.2514
8.23,119.89,-38.5934,-29.3113
8.24,119.503,-38.8874,-29.3712
8.25,119.112,-39.182,-29.4311
8.26,118.719,-39.4772,-29.491
8.27,118.323,-39.773,-29.5508
8.28,117.924,-40.0694,-29.6107
8.29,117.521,-40.3664,-29.6706
8.3,117.116,-40.664,-29.7304
8.31,116.708,-40.9622,-29.7903
8.32,116.297,-41.261,-29.8502
8.33,115.883,-41.5604,-29.91
8.34,115.466,-41.8604,-29.9699
8.35,115.046,-42.161,-30.0298
8.36,114.623,-42.4622,-30.0896
8.37,114.197,-42.764,-30.1495
8.38,113.767,-43.0664,-30.2093
8.39,113.335,-43.3694,-30.2692
8.4,112.9,-43.673,-30.3291
8.41,112.462,-43.9772,-30.3889
8.42,112.02,-44.282,-30.4488
8.43,111.576,-44.5874,-30.5086
8.44,111.129,-44.8933,-30.5685
8.45,110.678,-45.1999,-30.6283
8.46,110.225,-45.5071,-30.6882
8.47,109.768,-45.8149,-30.748
8.48,109.308,-46.1233,-30.8078
8.49,108.846,-46.4322,-30.8677
8.5,108.38,-46.7418,-30.9275
8.51,107.911,-47.052,-30.9873
8.52,107.439,-47.3628,-31.0472
8.53,106.964,-47.6741,-31.107
8.54,106.485,-47.9861,-31.1668
8.55,106.004,-48.2987,-31.2267
8.56,105.519,-48.6118,-31.2865
8.57,105.032,-48.9256,-31.3463
8.58,104.541,-49.2399,-31.4062
8.59,104.047,-49.5549,-31.466
8.6,103.55,-49.8705,-31.5258
8.61,103.049,-50.1866,-31.5856
8.62,102.546,-50.5034,-31.6454
8.63,102.039,-50.8207,-31.7052
8.64,101.53,-51.1387,-31.7651
8.65,101.017,-51.4572,-31.8249
8.66,100.5,-51.7764,-31.8847
8.67,99.981,-52.0961,-31.9445
8.68,99.4585,-52.4164,-32.0043
8.69,98.9327,-52.7374,-32.0641
8.7,98.4037,-53.0589,-32.1239
8.71,97.8715,-53.3811,-32.1837
8.72,97.3361,-53.7038,-32.2435
8.73,96.7974,-54.0271,-32.3033
8.74,96.2555,-54.3511,-32.3631
8.75,95.7104,-54.6756,-32.4229
8.76,95.162,-55.0007,-32.4826
8.77,94.6104,-55.3264,-32.5424
8.78,94.0555,-55.6528,-32.6022
8.79,93.4973,-55.9797,-32.662
8.8,92.9359,-56.3072,-32.7218
8.81,92.3712,-56.6353,-32.7815
8.82,91.8032,-56.964,-32.8413
8.83,91.2319,-57.2933,-32.9011
8.84,90.6573,-57.6232,-32.9609
8.85,90.0795,-57.9537,-33.0206
8.86,89.4983,-58.2848,-33.0804
8.87,88.9138,-58.6165,-33.1402
8.88,88.3259,-58.9488,-33.1999
8.89,87.7348,-59.2817,-33.2597
8.9,87.1403,-59.6152,-33.3194
8.91,86.5425,-59.9493,-33.3792
8.92,85.9413,-60.284,-33.4389
8.93,85.3368,-60.6193,-33.4987
8.94,84.7289,-60.9552,-33.5584
8.95,84.1177,-61.2917,-33.6182
8.96,83.5031,-61.6287,-33.6779
8.97,82.8851,-61.9664,-33.7377
8.98,82.2638,-62.3047,-33.7974
8.99,81.639,-62.6435,-33.8571
9,81.0109,-62.983,-33.9169
9.01,80.3794,-63.3231,-33.9766
9.02,79.7444,-63.6637,-34.0363
9.03,79.1061,-64.005,-34.0961
9.04,78.4643,-64.3469,-34.1558
9.05,77.8192,-64.6893,-34.2155
9.06,77.1705,-65.0324,-34.2752
9.07,76.5185,-65.376,-34.3349
9.08,75.863,-65.7203,-34.3946
9.09,75.2041,-66.0651,-34.4544
9.1,74.5417,-66.4105,-34.5141
9.11,73.8759,-66.7566,-34.5738
9.12,73.2066,-67.1032,-34.6335
9.13,72.5338,-67.4504,-34.6932
9.14,71.8576,-67.7983,-34.7529
9.15,71.1779,-68.1467,-34.8126
9.16,70.4947,-68.4957,-34.8722
9.17,69.8079,-68.8453,-34.9319
9.18,69.1177,-69.1955,-34.9916
9.19,68.424,-69.5464,-35.0513
9.2,67.7268,-69.8978,-35.111
9.21,67.0261,-70.2498,-35.1707
9.22,66.3218,-70.6024,-35.2303
9.23,65.614,-70.9556,-35.29
9.24,64.9027,-71.3094,-35.3497
9.25,64.1878,-71.6638,-35.4093
9.26,63.4694,-72.0187,-35.469
9.27,62.7475,-72.3743,-35.5286
9.28,62.0219,-72.7305,-35.5883
9.29,61.2929,-73.0873,-35.648
9.3,60.5602,-73.4447,-35.7076
9.31,59.824,-73.8026,-35.7673
9.32,59.0842,-74.1612,-35.8269
9.33,58.3407,-74.5204,-35.8865
9.34,57.5937,-74.8801,-35.9462
9.35,56.8431,-75.2405,-36.0058
9.36,56.0889,-75.6014,-36.0654
9.37,55.3311,-75.963,-36.1251
9.38,54.5697,-76.3251,-36.1847
9.39,53.8046,-76.6879,-36.2443
9.4,53.0359,-77.0512,-36.3039
9.41,52.2636,-77.4151,-36.3635
9.42,51.4876,-77.7797,-36.4232
9.43,50.708,-78.1448,-36.4828
9.44,49.9247,-78.5105,-36.5424
9.45,49.1378,-78.8768,-36.602
9.46,48.3472,-79.2437,-36.6616
9.47,47.5529,-79.6113,-36.7212
9.48,46.755,-79.9794,-36.7808
9.49,45.9533,-80.3481,-36.8403
9.5,45.148,-80.7174,-36.8999
9.51,44.339,-81.0873,-36.9595
9.52,43.5263,-81.4577,-37.0191
9.53,42.7098,-81.8288,-37.0787
9.54,41.8897,-82.2005,-37.1382
9.55,41.0658,-82.5728,-37.1978
9.56,40.2382,-82.9457,-37.2574
9.57,39.4069,-83.3191,-37.3169
9.58,38.5718,-83.6932,-37.3765
9.59,37.733,-84.0678,-37.436
9.6,36.8905,-84.4431,-37.4956
9.61,36.0442,-84.8189,-37.5551
9.62,35.1941,-85.1954,-37.6147
9.63,34.3403,-85.5724,-37.6742
9.64,33.4827,-85.9501,-37.7337
9.65,32.6213,-86.3283,-37.7933
9.66,31.7561,-86.7071,-37.8528
9.67,30.8871,-87.0865,-37.9123
9.68,30.0144,-87.4666,-37.9718
9.69,29.1378,-87.8472,-38.0314
9.7,28.2574,-88.2284,-38.0909
9.71,27.3732,-88.6102,-38.1504
9.72,26.4852,-88.9926,-38.2099
9.73,25.5934,-89.3756,-38.2694
9.74,24.6977,-89.7591,-38.3289
9.75,23.7982,-90.1433,-38.3884
9.76,22.8948,-90.5281,-38.4479
9.77,21.9876,-90.9135,-38.5073
9.78,21.0766,-91.2994,-38.5668
9.79,20.1616,-91.686,-38.6263
9.8,19.2428,-92.0732,-38.6858
9.81,18.3202,-92.4609,-38.7452
9.82,17.3936,-92.8492,-38.8047
9.83,16.4632,-93.2382,-38.8642
9.84,15.5289,-93.6277,-38.9236
9.85,14.5906,-94.0178,-38.9831
9.86,13.6485,-94.4086,-39.0425
9.87,12.7025,-94.7999,-39.102
9.88,11.7525,-95.1918,-39.1614
9.89,10.7986,-95.5843,-39.2208
9.9,9.84082,-95.9774,-39.2803
9.91,8.87908,-96.3711,-39.3397
9.92,7.9134,-96.7654,-39.3991
9.93,6.94377,-97.1603,-39.4585
9.94,5.97019,-97.5557,-39.5179
9.95,4.99266,-97.9518,-39.5774
9.96,4.01116,-98.3485,-39.6368
9.97,3.02569,-98.7457,-39.6962
9.98,2.03624,-99.1436,-39.7556
9.99,1.04281,-99.542,-39.8149
10,0.0453999,-99.9411,-39.8743
