t,x,y,vx,vy,E,L
0,4,0,0,0.273861,-0.2125,-1.09545
1.46059,3.93313,0.397758,-0.0918504,0.269229,-0.2125,-1.09544
2.85028,3.7431,0.763489,-0.182444,0.255444,-0.2125,-1.09544
4.06726,3.47016,1.06229,-0.267209,0.233877,-0.2125,-1.09544
5.08925,3.15806,1.28808,-0.34476,0.206255,-0.2125,-1.09544
5.9382,2.83579,1.45013,-0.415625,0.173755,-0.212499,-1.09544
6.64523,2.51929,1.56063,-0.480733,0.137023,-0.212499,-1.09544
7.23808,2.21675,1.63035,-0.540861,0.0963809,-0.212498,-1.09544
7.73896,1.93211,1.66797,-0.596535,0.0519863,-0.212498,-1.09544
8.16523,1.66699,1.68028,-0.648058,0.00391363,-0.212498,-1.09544
8.53045,1.42173,1.67262,-0.695554,-0.0477958,-0.212497,-1.09544
8.84531,1.19594,1.64917,-0.73901,-0.103104,-0.212497,-1.09544
9.11833,0.988841,1.61325,-0.778301,-0.161959,-0.212497,-1.09544
9.35635,0.799439,1.56752,-0.813219,-0.224274,-0.212496,-1.09544
9.56494,0.626638,1.5141,-0.843487,-0.289924,-0.212496,-1.09544
9.74866,0.469318,1.45469,-0.868778,-0.358729,-0.212496,-1.09544
9.91128,0.326371,1.39068,-0.888726,-0.430447,-0.212496,-1.09544
10.0559,0.19673,1.32316,-0.902946,-0.504766,-0.212496,-1.09544
10.1853,0.0793834,1.25305,-0.911046,-0.581302,-0.212496,-1.09544
10.3014,-0.0266184,1.18106,-0.91264,-0.659587,-0.212496,-1.09544
10.4063,-0.122156,1.10777,-0.907372,-0.739076,-0.212495,-1.09544
10.5016,-0.208042,1.03364,-0.894925,-0.819141,-0.212495,-1.09544
10.5885,-0.285021,0.959023,-0.875044,-0.899081,-0.212495,-1.09544
10.6682,-0.353771,0.88421,-0.847551,-0.978122,-0.212495,-1.09544
10.7418,-0.414906,0.809415,-0.812362,-1.05544,-0.212495,-1.09544
10.8101,-0.468981,0.734799,-0.769498,-1.13015,-0.212495,-1.09544
10.8739,-0.516492,0.660479,-0.719104,-1.20136,-0.212495,-1.09544
10.9337,-0.557881,0.586533,-0.661451,-1.26816,-0.212495,-1.09544
10.9903,-0.593538,0.513009,-0.596943,-1.32967,-0.212495,-1.09544
11.0442,-0.623804,0.439931,-0.526117,-1.38503,-0.212495,-1.09544
11.0957,-0.648976,0.367302,-0.449639,-1.43347,-0.212495,-1.09544
11.1453,-0.669305,0.29511,-0.368291,-1.4743,-0.212495,-1.09544
11.1935,-0.685003,0.223327,-0.282958,-1.50693,-0.212495,-1.09544
11.2404,-0.696241,0.15192,-0.194609,-1.53091,-0.212495,-1.09544
11.2866,-0.703152,0.0808457,-0.10427,-1.54592,-0.212495,-1.09544
11.3323,-0.705835,0.0100587,-0.0130064,-1.5518,-0.212495,-1.09544
11.3778,-0.704352,-0.0604899,0.0781117,-1.54854,-0.212495,-1.09544
11.4234,-0.698732,-0.130849,0.168031,-1.53629,-0.212495,-1.09544
11.4694,-0.688971,-0.201065,0.255741,-1.51534,-0.212495,-1.09544
11.5161,-0.675033,-0.271181,0.340297,-1.48609,-0.212495,-1.09544
11.5638,-0.656848,-0.341236,0.420842,-1.4491,-0.212495,-1.09544
11.6129,-0.634316,-0.411259,0.496618,-1.40499,-0.212495,-1.09544
11.6636,-0.607302,-0.481271,0.566979,-1.35447,-0.212495,-1.09544
11.7164,-0.575643,-0.55128,0.631398,-1.29832,-0.212495,-1.09544
11.7716,-0.539139,-0.621281,0.689467,-1.23733,-0.212495,-1.09544
11.8296,-0.497559,-0.69125,0.740901,-1.17231,-0.212495,-1.09544
11.8911,-0.450639,-0.761146,0.785524,-1.10409,-0.212496,-1.09544
11.9563,-0.398078,-0.830901,0.823269,-1.03344,-0.212496,-1.09544
12.0261,-0.339542,-0.900421,0.854162,-0.961115,-0.212496,-1.09544
12.1009,-0.27466,-0.969579,0.878314,-0.887824,-0.212496,-1.09544
12.1816,-0.203025,-1.03821,0.895905,-0.814214,-0.212496,-1.09544
12.269,-0.124193,-1.10611,0.907174,-0.740875,-0.212496,-1.09544
12.364,-0.0376856,-1.17301,0.912404,-0.668331,-0.212496,-1.09544
12.4678,0.0570151,-1.23859,0.911909,-0.597041,-0.212496,-1.09544
12.5815,0.16046,-1.30247,0.906025,-0.527399,-0.212496,-1.09544
12.7067,0.273231,-1.36416,0.895097,-0.459737,-0.212496,-1.09544
12.845,0.395941,-1.4231,0.87947,-0.394328,-0.212496,-1.09544
12.9982,0.529224,-1.4786,0.85948,-0.33139,-0.212496,-1.09544
13.1687,0.673724,-1.52982,0.835447,-0.271093,-0.212496,-1.09544
13.359,0.830087,-1.57579,0.807667,-0.21356,-0.212496,-1.09544
13.5722,0.998939,-1.61533,0.776407,-0.158879,-0.212496,-1.09544
13.8119,1.18085,-1.64702,0.741897,-0.107106,-0.212497,-1.09544
14.0822,1.37632,-1.66918,0.704324,-0.0582684,-0.212497,-1.09544
14.3884,1.58567,-1.67977,0.663826,-0.0123785,-0.212497,-1.09544
14.7363,1.809,-1.67635,0.620484,0.0305649,-0.212497,-1.09544
15.1333,2.04606,-1.656,0.574311,0.0705659,-0.212497,-1.09544
15.5882,2.29601,-1.61517,0.525236,0.107621,-0.212497,-1.09544
16.1118,2.55718,-1.54955,0.473089,0.141706,-0.212498,-1.09544
16.7172,2.82657,-1.45397,0.417571,0.172756,-0.212498,-1.09544
17.4206,3.09913,-1.32221,0.358228,0.200634,-0.212498,-1.09544
18.2412,3.36656,-1.14702,0.294407,0.225082,-0.212498,-1.09544
19.201,3.61552,-0.920548,0.225242,0.245635,-0.212499,-1.09544
20.3204,3.82498,-0.635979,0.149729,0.261497,-0.212499,-1.09544
21.6072,3.96415,-0.29226,0.0671205,0.271389,-0.212499,-1.09544
23.029,3.99615,0.0962087,-0.021971,0.273595,-0.212499,-1.09544
24.4854,3.89741,0.490802,-0.114057,0.266706,-0.2125,-1.09544
25.8396,3.68297,0.842409,-0.203546,0.250877,-0.2125,-1.09544
27.009,3.39704,1.12326,-0.286589,0.227706,-0.212499,-1.09544
27.9865,3.08042,1.33258,-0.362446,0.198822,-0.212499,-1.09544
28.7984,2.75845,1.48109,-0.431837,0.165257,-0.212499,-1.09544
29.4755,2.44478,1.58083,-0.495681,0.127559,-0.212498,-1.09544
30.0444,2.14631,1.64209,-0.554695,0.0860016,-0.212498,-1.09544
30.5258,1.86629,1.67303,-0.609347,0.0407142,-0.212497,-1.09544
30.9362,1.60597,1.68008,-0.659892,-0.00823964,-0.212497,-1.09544
31.2884,1.36546,1.66826,-0.706419,-0.0608216,-0.212497,-1.09544
31.5924,1.14427,1.64153,-0.748884,-0.116992,-0.212496,-1.09544
31.8564,0.941538,1.60302,-0.787141,-0.176691,-0.212496,-1.09544
32.0869,0.756246,1.55525,-0.820964,-0.239825,-0.212496,-1.09544
32.2891,0.587286,1.50024,-0.850063,-0.306255,-0.212496,-1.09544
32.4674,0.433536,1.43961,-0.874098,-0.375788,-0.212496,-1.09544
32.6254,0.293897,1.37466,-0.8927,-0.448165,-0.212495,-1.09544
32.7661,0.167315,1.30644,-0.905478,-0.523058,-0.212495,-1.09544
32.8921,0.0527915,1.23582,-0.912042,-0.600061,-0.212495,-1.09544
33.0054,-0.0506058,1.16347,-0.912011,-0.67869,-0.212495,-1.09544
33.1078,-0.143741,1.08994,-0.905037,-0.758379,-0.212495,-1.09544
33.2009,-0.227411,1.01565,-0.890816,-0.838481,-0.212495,-1.09544
33.286,-0.302344,0.940969,-0.869111,-0.918277,-0.212495,-1.09544
33.3642,-0.369201,0.866143,-0.839764,-0.996979,-0.212495,-1.09544
33.4364,-0.428584,0.791379,-0.802716,-1.07375,-0.212495,-1.09544
33.5035,-0.481031,0.716825,-0.758017,-1.14769,-0.212495,-1.09544
33.5663,-0.527025,0.64259,-0.70584,-1.21792,-0.212495,-1.09544
33.6254,-0.566996,0.568743,-0.64649,-1.28353,-0.212495,-1.09544
33.6812,-0.601322,0.495326,-0.580403,-1.34363,-0.212495,-1.09544
33.7345,-0.630333,0.422357,-0.508147,-1.39739,-0.212495,-1.09544
33.7855,-0.654314,0.349835,-0.430418,-1.44406,-0.212495,-1.09544
33.8347,-0.673508,0.277745,-0.348023,-1.48295,-0.212495,-1.09544
33.8826,-0.688115,0.206057,-0.261871,-1.51353,-0.212495,-1.09544
33.9293,-0.698297,0.134734,-0.172945,-1.53536,-0.212495,-1.09544
33.9753,-0.70418,0.0637343,-0.0822848,-1.54818,-0.212495,-1.09544
34.021,-0.705853,-0.00699027,0.00904186,-1.55185,-0.212495,-1.09544
34.0664,-0.70337,-0.0774882,0.0999659,-1.54641,-0.212495,-1.09544
34.1121,-0.696752,-0.147808,0.189442,-1.53202,-0.212495,-1.09544
34.1582,-0.685988,-0.217996,0.276475,-1.50902,-0.212495,-1.09544
34.2052,-0.671032,-0.288094,0.360138,-1.47786,-0.212495,-1.09544
34.2532,-0.651808,-0.358138,0.439598,-1.43908,-0.212495,-1.09544
34.3026,-0.628208,-0.428157,0.514121,-1.39336,-0.212495,-1.09544
34.3538,-0.600089,-0.498167,0.583091,-1.34141,-0.212495,-1.09544
34.4071,-0.56728,-0.568175,0.64601,-1.28401,-0.212495,-1.09544
34.463,-0.529574,-0.638171,0.7025,-1.22198,-0.212495,-1.09544
34.5218,-0.486731,-0.708127,0.752302,-1.15611,-0.212495,-1.09544
34.5841,-0.438478,-0.777995,0.795267,-1.08723,-0.212495,-1.09544
34.6504,-0.384507,-0.847703,0.831352,-1.01611,-0.212495,-1.09544
34.7213,-0.324475,-0.917148,0.860605,-0.943491,-0.212495,-1.09544
34.7975,-0.258002,-0.986195,0.883155,-0.870065,-0.212495,-1.09544
34.8797,-0.184672,-1.05467,0.899196,-0.79647,-0.212495,-1.09544
34.9688,-0.104034,-1.12235,0.90898,-0.723277,-0.212495,-1.09544
35.0659,-0.0155975,-1.18897,0.912798,-0.650996,-0.212495,-1.09544
35.1719,0.0811615,-1.25418,0.910971,-0.58007,-0.212495,-1.09544
35.2883,0.186802,-1.31757,0.903838,-0.510878,-0.212495,-1.09544
35.4165,0.301915,-1.37866,0.891745,-0.443737,-0.212496,-1.09544
35.5582,0.427118,-1.43683,0.875034,-0.378906,-0.212496,-1.09544
35.7154,0.563048,-1.49138,0.85404,-0.316592,-0.212496,-1.09544
35.8904,0.710352,-1.54144,0.829077,-0.256952,-0.212496,-1.09544
36.0859,0.869673,-1.58597,0.800434,-0.200101,-0.212496,-1.09544
36.3052,1.04163,-1.62375,0.768369,-0.146118,-0.212496,-1.09544
36.5518,1.22677,-1.65331,0.733104,-0.095051,-0.212496,-1.09544
36.8303,1.42556,-1.67287,0.694815,-0.0469247,-0.212496,-1.09544
37.1459,1.63829,-1.68032,0.653626,-0.00174636,-0.212497,-1.09544
37.5049,1.86498,-1.67311,0.609602,0.0404866,-0.212497,-1.09544
37.915,2.10525,-1.64817,0.562739,0.0797773,-0.212497,-1.09544
38.3855,2.3581,-1.60178,0.512942,0.116119,-0.212497,-1.09544
38.9275,2.62159,-1.52944,0.460014,0.14948,-0.212497,-1.09544
39.555,2.89231,-1.42574,0.403622,0.17978,-0.212498,-1.09544
40.2848,3.16455,-1.2842,0.343267,0.20686,-0.212498,-1.09544
41.1369,3.42899,-1.09736,0.278243,0.23042,-0.212498,-1.09544
42.1335,3.67069,-0.857385,0.207638,0.24993,-0.212498,-1.09544
43.2936,3.86638,-0.558253,0.130455,0.264489,-0.212499,-1.09544
44.6182,3.98304,-0.201568,0.0461393,0.272692,-0.212499,-1.09544
46.0602,3.98449,0.192802,-0.0441201,0.272792,-0.212499,-1.09544
47.5038,3.85481,0.581179,-0.136093,0.263657,-0.212499,-1.09544
48.8177,3.61874,0.917038,-0.224246,0.245886,-0.212499,-1.09544
49.9395,3.32225,1.18,-0.305536,0.221208,-0.212499,-1.09544
50.8741,3.00255,1.37351,-0.379747,0.191122,-0.212499,-1.09544
51.6508,2.68166,1.5092,-0.44772,0.156523,-0.212498,-1.09544
52.2996,2.37119,1.59879,-0.510343,0.117876,-0.212498,-1.09544
52.8456,2.07698,1.65206,-0.56827,0.0754098,-0.212497,-1.09544
53.3085,1.80165,1.67671,-0.621914,0.0292335,-0.212497,-1.09544
53.7038,1.54613,1.67879,-0.671487,-0.020599,-0.212497,-1.09544
54.0436,1.31035,1.66304,-0.717042,-0.0740509,-0.212496,-1.09544
54.3373,1.09369,1.6332,-0.758509,-0.131079,-0.212496,-1.09544
54.5926,0.895272,1.59226,-0.79572,-0.191617,-0.212496,-1.09544
54.8158,0.714023,1.54257,-0.828431,-0.255561,-0.212495,-1.09544
55.0119,0.548836,1.48607,-0.85634,-0.32276,-0.212495,-1.09544
55.185,0.398591,1.42428,-0.8791,-0.393005,-0.212495,-1.09544
55.3386,0.262198,1.35846,-0.896332,-0.466022,-0.212495,-1.09544
55.4755,0.138614,1.28959,-0.907647,-0.541464,-0.212495,-1.09544
55.5982,0.0268589,1.21849,-0.912653,-0.618907,-0.212495,-1.09544
55.7088,-0.0739854,1.14581,-0.910978,-0.697847,-0.212495,-1.09544
55.8088,-0.164766,1.07206,-0.902281,-0.777698,-0.212495,-1.09544
55.8999,-0.246264,0.997656,-0.886273,-0.857795,-0.212495,-1.09544
55.9832,-0.319189,0.922915,-0.862735,-0.937401,-0.212495,-1.09544
56.0599,-0.38419,0.848088,-0.831531,-1.01572,-0.212495,-1.09544
56.1308,-0.441851,0.773363,-0.792628,-1.09188,-0.212495,-1.09544
56.1968,-0.492699,0.698878,-0.746104,-1.16502,-0.212495,-1.09544
56.2586,-0.537203,0.624731,-0.692164,-1.23421,-0.212495,-1.09544
56.3168,-0.575779,0.550985,-0.631143,-1.29857,-0.212494,-1.09544
56.372,-0.608794,0.477676,-0.56351,-1.35722,-0.212494,-1.09544
56.4247,-0.636566,0.404817,-0.489866,-1.40933,-0.212494,-1.09544
56.4752,-0.659372,0.332401,-0.410932,-1.45418,-0.212494,-1.09544
56.5241,-0.677442,0.260411,-0.327545,-1.49111,-0.212494,-1.09544
56.5717,-0.690967,0.188815,-0.24063,-1.51962,-0.212494,-1.09544
56.6182,-0.700102,0.117575,-0.151189,-1.53929,-0.212494,-1.09544
56.6641,-0.704962,0.0466464,-0.0602699,-1.54991,-0.212494,-1.09544
56.7097,-0.705629,-0.0240186,0.0310572,-1.55137,-0.212494,-1.09544
56.7552,-0.702147,-0.0944688,0.121726,-1.54375,-0.212494,-1.09544
56.8009,-0.694532,-0.164752,0.210702,-1.52725,-0.212494,-1.09544
56.8472,-0.682761,-0.234914,0.297003,-1.50224,-0.212494,-1.09544
56.8944,-0.666784,-0.304996,0.379726,-1.46918,-0.212494,-1.09544
56.9427,-0.646516,-0.375031,0.458057,-1.42866,-0.212494,-1.09544
56.9925,-0.621839,-0.445046,0.531293,-1.38137,-0.212494,-1.09544
57.0442,-0.592607,-0.515056,0.598844,-1.32803,-0.212495,-1.09544
57.0981,-0.558636,-0.585062,0.660242,-1.26944,-0.212495,-1.09544
57.1546,-0.519714,-0.655051,0.715138,-1.20641,-0.212495,-1.09544
57.2142,-0.475592,-0.724991,0.763299,-1.13975,-0.212495,-1.09544
57.2774,-0.42599,-0.794828,0.804605,-1.07025,-0.212495,-1.09544
57.3448,-0.370589,-0.864482,0.839034,-0.998704,-0.212495,-1.09544
57.4169,-0.309039,-0.933845,0.866655,-0.925828,-0.212495,-1.09544
57.4944,-0.240952,-1.00277,0.887614,-0.852305,-0.212495,-1.09544
57.5783,-0.165902,-1.07108,0.902121,-0.778756,-0.212495,-1.09544
57.6692,-0.0834291,-1.13853,0.910438,-0.705739,-0.212495,-1.09544
57.7683,0.00696539,-1.20484,0.912864,-0.633747,-0.212495,-1.09544
57.8767,0.105814,-1.26965,0.909725,-0.563207,-0.212495,-1.09544
57.9958,0.213685,-1.33254,0.901364,-0.494483,-0.212495,-1.09544
58.1271,0.331174,-1.39298,0.888125,-0.427878,-0.212495,-1.09544
58.2723,0.458905,-1.45035,0.870351,-0.363638,-0.212495,-1.09544
58.4336,0.597519,-1.5039,0.848371,-0.301956,-0.212495,-1.09544
58.6133,0.747664,-1.55272,0.822495,-0.242979,-0.212495,-1.09544
58.8142,0.909978,-1.59575,0.793004,-0.186814,-0.212496,-1.09544
59.0397,1.08507,-1.63169,0.760149,-0.133532,-0.212496,-1.09544
59.2936,1.27347,-1.65901,0.72414,-0.0831728,-0.212496,-1.09544
59.5805,1.4756,-1.67586,0.685141,-0.0357576,-0.212496,-1.09544
59.906,1.69171,-1.68003,0.643265,0.00870974,-0.212496,-1.09544
60.2766,1.92172,-1.66885,0.59856,0.0502327,-0.212496,-1.09544
60.7003,2.16515,-1.6391,0.551001,0.0888132,-0.212497,-1.09544
61.1869,2.42079,-1.58689,0.500472,0.12444,-0.212497,-1.09544
61.7482,2.68641,-1.50753,0.446745,0.157072,-0.212497,-1.09544
62.3987,2.95813,-1.39533,0.38945,0.186614,-0.212497,-1.09544
63.156,3.22951,-1.24357,0.328041,0.212879,-0.212497,-1.09544
64.041,3.4901,-1.04462,0.261761,0.235522,-0.212498,-1.09544
65.0756,3.7232,-0.790774,0.189658,0.253938,-0.212498,-1.09544
66.2765,3.90319,-0.477126,0.110767,0.267112,-0.212498,-1.09544
67.6364,3.99512,-0.108592,0.0248051,0.27352,-0.212498,-1.09544
69.0916,3.96497,0.28903,-0.0663678,0.271441,-0.212499,-1.09544
70.5142,3.80593,0.668311,-0.157882,0.2601,-0.212499,-1.09544
71.7842,3.55108,0.987279,-0.244525,0.240497,-0.212499,-1.09544
72.8589,3.2462,1.23264,-0.32406,0.214401,-0.212498,-1.09544
73.7525,2.92469,1.41106,-0.396677,0.183165,-0.212498,-1.09544
74.4957,2.60553,1.53462,-0.463286,0.147558,-0.212498,-1.09544
75.1177,2.2986,1.61464,-0.524726,0.107975,-0.212497,-1.09544
75.642,2.00878,1.66037,-0.581591,0.064607,-0.212497,-1.09544
76.0874,1.7382,1.67908,-0.634241,0.017545,-0.212496,-1.09544
76.4683,1.48747,1.67647,-0.682845,-0.0331637,-0.212496,-1.09544
76.7961,1.25637,1.65701,-0.727424,-0.0874828,-0.212496,-1.09544
77.0799,1.04421,1.62424,-0.767882,-0.145365,-0.212495,-1.09544
77.327,0.850025,1.58099,-0.804033,-0.206735,-0.212495,-1.09544
77.5432,0.672753,1.5295,-0.835616,-0.27148,-0.212495,-1.09544
77.7334,0.511272,1.4716,-0.862316,-0.339435,-0.212495,-1.09544
77.9015,0.364467,1.40873,-0.883778,-0.410377,-0.212495,-1.09544
78.0508,0.231257,1.34209,-0.899619,-0.484013,-0.212495,-1.09544
78.1841,0.110614,1.27262,-0.909448,-0.55998,-0.212494,-1.09544
78.3038,0.00157208,1.20108,-0.912876,-0.637833,-0.212494,-1.09544
78.4116,-0.0967697,1.1281,-0.909536,-0.717049,-0.212494,-1.09544
78.5094,-0.185242,1.05416,-0.8991,-0.797023,-0.212494,-1.09544
78.5984,-0.264609,0.979646,-0.881293,-0.877072,-0.212494,-1.09544
78.6801,-0.335566,0.904864,-0.855915,-0.956443,-0.212494,-1.09544
78.7553,-0.398745,0.830047,-0.822854,-1.03432,-0.212494,-1.09544
78.8249,-0.454717,0.755369,-0.7821,-1.10984,-0.212494,-1.09544
78.8899,-0.503994,0.680959,-0.733764,-1.18211,-0.212494,-1.09544
78.9507,-0.547031,0.606904,-0.678081,-1.25022,-0.212494,-1.09544
79.0082,-0.584234,0.533262,-0.615417,-1.31327,-0.212494,-1.09544
79.0627,-0.615957,0.460061,-0.546275,-1.37042,-0.212494,-1.09544
79.1148,-0.642508,0.38731,-0.471284,-1.42084,-0.212494,-1.09544
79.165,-0.664152,0.315,-0.391196,-1.46384,-0.212494,-1.09544
79.2135,-0.681109,0.243108,-0.306869,-1.49878,-0.212494,-1.09544
79.2607,-0.693563,0.171602,-0.219252,-1.52519,-0.212494,-1.09544
79.3071,-0.701658,0.100442,-0.129357,-1.54269,-0.212494,-1.09544
79.3529,-0.705501,0.0295814,-0.0382406,-1.55111,-0.212494,-1.09544
79.3984,-0.705164,-0.0410269,0.0530248,-1.55037,-0.212494,-1.09544
79.4439,-0.700685,-0.111432,0.143379,-1.54058,-0.212494,-1.09544
79.4898,-0.692071,-0.181682,0.231797,-1.52199,-0.212494,-1.09544
79.5363,-0.679292,-0.251821,0.317315,-1.49498,-0.212494,-1.09544
79.5837,-0.662289,-0.321888,0.399049,-1.46007,-0.212494,-1.09544
79.6323,-0.640969,-0.391916,0.476211,-1.41786,-0.212494,-1.09544
79.6826,-0.615209,-0.461928,0.548126,-1.36903,-0.212494,-1.09544
79.7347,-0.584852,-0.531937,0.614232,-1.31436,-0.212494,-1.09544
79.7892,-0.549708,-0.601941,0.674089,-1.25462,-0.212494,-1.09544
79.8465,-0.509556,-0.671921,0.727377,-1.19064,-0.212494,-1.09544
79.9069,-0.46414,-0.741842,0.773893,-1.12322,-0.212494,-1.09544
79.9711,-0.41317,-0.811643,0.813539,-1.05316,-0.212494,-1.09544
80.0395,-0.35632,-0.881238,0.846316,-0.981227,-0.212494,-1.09544
80.1128,-0.293231,-0.95051,0.872315,-0.908135,-0.212494,-1.09544
80.1918,-0.223505,-1.0193,0.891697,-0.834551,-0.212494,-1.09544
80.2773,-0.146709,-1.08743,0.904685,-0.761082,-0.212494,-1.09544
80.3701,-0.0623728,-1.15463,0.911552,-0.688269,-0.212495,-1.09544
80.4713,0.03001,-1.22062,0.912606,-0.616591,-0.212495,-1.09544
80.5822,0.130981,-1.28501,0.908176,-0.546458,-0.212495,-1.09544
80.7041,0.241115,-1.34736,0.898606,-0.478219,-0.212495,-1.09544
80.8385,0.361016,-1.40712,0.884243,-0.412164,-0.212495,-1.09544
80.9874,0.491312,-1.46364,0.865425,-0.348525,-0.212495,-1.09544
81.1529,0.632647,-1.51614,0.842478,-0.287483,-0.212495,-1.09544
81.3375,0.785668,-1.56367,0.815705,-0.229177,-0.212495,-1.09544
81.544,0.951008,-1.60512,0.785382,-0.173702,-0.212495,-1.09544
81.7759,1.12926,-1.63913,0.751748,-0.121121,-0.212495,-1.09544
82.0374,1.32094,-1.66411,0.715005,-0.071471,-0.212495,-1.09544
82.333,1.52643,-1.67812,0.675305,-0.0247667,-0.212496,-1.09544
82.6687,1.74591,-1.67885,0.632745,0.0189901,-0.212496,-1.09544
83.0514,1.97923,-1.66351,0.587357,0.0598035,-0.212496,-1.09544
83.4893,2.22574,-1.62873,0.539096,0.0976736,-0.212496,-1.09544
83.9927,2.48405,-1.57044,0.487822,0.132583,-0.212496,-1.09544
84.574,2.75156,-1.48371,0.433274,0.164482,-0.212497,-1.09544
85.2486,3.02391,-1.36263,0.375045,0.193256,-0.212497,-1.09544
86.0347,3.29384,-1.20022,0.312539,0.218687,-0.212497,-1.09544
86.9537,3.54963,-0.988704,0.244949,0.240378,-0.212497,-1.09544
88.0274,3.77266,-0.720674,0.171288,0.257641,-0.212498,-1.09544
89.2689,3.93488,-0.392744,0.0906664,0.269342,-0.212498,-1.09544
90.6603,3.99997,-0.0138412,0.00316032,0.27385,-0.212498,-1.09544
92.1209,3.93775,0.384124,-0.0886285,0.269543,-0.212498,-1.09544
93.5153,3.75146,0.751739,-0.179361,0.256061,-0.212498,-1.09544
94.7391,3.48061,1.05312,-0.26437,0.234735,-0.212498,-1.09544
95.7677,3.16929,1.28135,-0.34217,0.2073,-0.212498,-1.09544
96.6222,2.84704,1.44542,-0.413252,0.174958,-0.212497,-1.09544
97.3337,2.53016,1.55752,-0.478547,0.138367,-0.212497,-1.09544
97.9301,2.22705,1.6285,-0.538838,0.0978588,-0.212497,-1.09543
98.4339,1.94174,1.66711,-0.594662,0.0535942,-0.212496,-1.09543
98.8625,1.67593,1.68021,-0.646327,0.00564955,-0.212496,-1.09543
99.2297,1.42997,1.67317,-0.693964,-0.045933,-0.212496,-1.09543
99.5461,1.20352,1.65021,-0.737562,-0.101116,-0.212495,-1.09543
99.8205,0.995783,1.61468,-0.777002,-0.159847,-0.212495,-1.09543
100.06,0.805781,1.56925,-0.812078,-0.222044,-0.212495,-1.09543
100.269,0.632419,1.51606,-0.842514,-0.28758,-0.212495,-1.09543
100.454,0.474578,1.45684,-0.867985,-0.356278,-0.212494,-1.09543
100.617,0.331148,1.39297,-0.888127,-0.427898,-0.212494,-1.09543
100.762,0.20106,1.32556,-0.902555,-0.502133,-0.212494,-1.09543
100.892,0.0833004,1.25553,-0.910876,-0.578598,-0.212494,-1.09543
101.009,-0.0230819,1.1836,-0.912705,-0.656831,-0.212494,-1.09543
101.114,-0.118971,1.11034,-0.907682,-0.736288,-0.212494,-1.09543
101.209,-0.20518,1.03623,-0.895492,-0.816345,-0.212494,-1.09543
101.297,-0.282458,0.961629,-0.875875,-0.896302,-0.212494,-1.09543
101.377,-0.351484,0.886819,-0.848652,-0.975389,-0.212494,-1.09543
101.45,-0.412876,0.812022,-0.813732,-1.05278,-0.212494,-1.09543
101.519,-0.467188,0.737399,-0.771136,-1.1276,-0.212494,-1.09543
101.583,-0.514921,0.663068,-0.721002,-1.19894,-0.212494,-1.09543
101.643,-0.556516,0.589109,-0.663597,-1.26592,-0.212494,-1.09543
101.699,-0.592367,0.515571,-0.599321,-1.32763,-0.212494,-1.09543
101.753,-0.622817,0.442479,-0.528706,-1.38322,-0.212494,-1.09543
101.805,-0.648162,0.369836,-0.452413,-1.43192,-0.212494,-1.09543
101.855,-0.668657,0.29763,-0.371221,-1.47302,-0.212494,-1.09543
101.903,-0.684514,0.225835,-0.286011,-1.50595,-0.212493,-1.09543
101.95,-0.695905,0.154417,-0.197749,-1.53024,-0.212493,-1.09543
101.996,-0.702966,0.0833333,-0.107462,-1.54556,-0.212493,-1.09543
102.042,-0.705796,0.0125386,-0.016212,-1.55177,-0.212493,-1.09543
102.087,-0.704458,-0.058016,0.07493,-1.54883,-0.212493,-1.09543
102.133,-0.698984,-0.128379,0.164909,-1.53689,-0.212493,-1.09543
102.179,-0.689369,-0.198598,0.252714,-1.51624,-0.212493,-1.09543
102.225,-0.675579,-0.268716,0.337397,-1.48727,-0.212493,-1.09543
102.273,-0.657545,-0.33877,0.418097,-1.45054,-0.212494,-1.09543
102.322,-0.635167,-0.408793,0.494053,-1.40667,-0.212494,-1.09543
102.373,-0.608315,-0.478803,0.564614,-1.35636,-0.212494,-1.09543
102.425,-0.576822,-0.548811,0.629249,-1.30039,-0.212494,-1.09543
102.481,-0.540493,-0.618811,0.687547,-1.23956,-0.212494,-1.09543
102.539,-0.499097,-0.68878,0.739218,-1.17467,-0.212494,-1.09543
102.6,-0.45237,-0.758678,0.784082,-1.10655,-0.212494,-1.09543
102.665,-0.400014,-0.828438,0.822069,-1.03597,-0.212494,-1.09543
102.735,-0.341695,-0.897967,0.853201,-0.963691,-0.212494,-1.09543
102.809,-0.277044,-0.967139,0.877587,-0.890421,-0.212494,-1.09543
102.89,-0.205655,-1.03579,0.895405,-0.816812,-0.212494,-1.09543
102.977,-0.127086,-1.10372,0.906892,-0.743454,-0.212494,-1.09543
103.072,-0.0408582,-1.17066,0.912328,-0.670873,-0.212494,-1.09543
103.175,0.0535436,-1.23629,0.912029,-0.599532,-0.212494,-1.09543
103.288,0.156669,-1.30024,0.906328,-0.529826,-0.212494,-1.09543
103.413,0.269101,-1.36202,0.895572,-0.462089,-0.212494,-1.09543
103.551,0.391448,-1.42106,0.880104,-0.396597,-0.212494,-1.09543
103.704,0.524346,-1.47669,0.860262,-0.333569,-0.212494,-1.09543
103.873,0.668438,-1.52808,0.836366,-0.273176,-0.212495,-1.09543
104.063,0.824372,-1.57426,0.808713,-0.215545,-0.212495,-1.09543
104.275,0.992771,-1.61405,0.777571,-0.160763,-0.212495,-1.09543
104.514,1.17422,-1.64604,0.743171,-0.108886,-0.212495,-1.09543
104.783,1.3692,-1.66856,0.705703,-0.0599454,-0.212495,-1.09543
105.088,1.57805,-1.6796,0.665307,-0.0139519,-0.212495,-1.09543
105.434,1.8009,-1.67673,0.622065,0.029095,-0.212495,-1.09543
105.829,2.03748,-1.65704,0.575992,0.0691993,-0.212496,-1.09543
106.282,2.287,-1.617,0.527022,0.106358,-0.212496,-1.09543
106.803,2.54781,-1.55234,0.474988,0.140549,-0.212496,-1.09543
107.405,2.81698,-1.45792,0.419596,0.171707,-0.212496,-1.09543
108.105,3.08955,-1.32756,0.360399,0.199701,-0.212496,-1.09543
108.921,3.35736,-1.15404,0.29675,0.224275,-0.212497,-1.09543
109.875,3.60728,-0.929513,0.22779,0.244977,-0.212497,-1.09543
110.989,3.81861,-0.647071,0.152518,0.261023,-0.212497,-1.09543
112.27,3.9609,-0.305323,0.0701626,0.271154,-0.212498,-1.09543
113.689,3.99726,0.0820827,-0.01874,0.273662,-0.212498,-1.09543
115.146,3.90313,0.477338,-0.110814,0.267103,-0.212498,-1.09543
116.506,3.69209,0.83113,-0.200481,0.251567,-0.212498,-1.09543
